frequency_hz,FP1-F7,F7-T3,T3-T5,T5-O1,FP2-F8,T6-O2,A1-T3,C4-T4,T4-A2,FP1-F3,FP2-F4,F4-C4,C4-P4,F8-T4,T4-T6,T3-C3,CZ-C4,P4-O2,C3-CZ,F3-C3,C3-P3,P3-O1
0.0,1.5449804579600925,1.6203550586416524,1.715653624943133,1.609677423992786,1.5842219364256223,1.7977218749434976,1.6055100577737917,1.2217304763960273,1.585119697555941,1.7433626838230742,1.9188170698572473,1.7229941427366275,1.5707963267948923,1.7026952549990484,1.948904004811767,1.9688455322225011,1.4978098308024024,1.7379023190071154,1.261787213327045,1.9310165370749242,1.4005622421176138,1.5367543011367994
0.49800796812749004,-0.0015179174915122989,0.09220332230776598,,,,,,,,0.30672363841937356,0.25203395329390604,,,,,,0.2854906589944509,,,,-0.14538485910757898,
0.5,,,0.328721093164685,-0.05283335080634679,-0.0654779354547169,-0.05260227221102532,-0.1845565825721898,-0.4306116432402686,0.15379045022573154,,,0.38300442083650965,-0.30775212968792537,0.25397815901791004,0.32758516653250785,0.2666619689679425,,-0.13079187171817327,-0.20870662773169207,0.2893724796930557,,-0.21601445632080213
0.9960159362549801,0.03207374865486678,0.1284001344557609,,,,,,,,0.20529031075798465,0.1787947822580179,,,,,,0.1857893693344341,,,,-0.22081354245493598,
1.0,,,0.1423355392729337,-0.14465106620496387,-0.045896605442524926,-0.2245368011070393,-0.3232327262913502,-0.29823067796252883,0.10371100756947092,,,0.1347901657927677,-0.22585056646705276,0.12288420368773788,0.2485829448291157,0.29441310826307127,,-0.1471839764406411,-0.1768496634129784,0.1339990898007646,,-0.15535055924955482
1.4940239043824701,-0.03475659604407808,0.019250158773602522,,,,,,,,0.18597622490196758,0.003314464571583883,,,,,,0.05840505366411269,,,,-0.012846655306769544,
1.5,,,0.22583648482958446,0.0022440444531441877,-0.06400850212279409,-0.08787507461472203,-0.2660072274495125,-0.20682458798121744,0.05511877421492911,,,0.002757307027431329,-0.11787787976749159,0.0830333318766954,0.18803136001998694,0.17666348684677294,,-0.19660941407963772,-0.1803935636014301,0.08498703536187298,,-0.08819092282640215
1.9920318725099602,0.07194728486006637,0.04001493174552433,,,,,,,,0.09142507252182215,0.01023197101205783,,,,,,0.013483265588038583,,,,0.009790545075173077,
2.0,,,0.2554573315042547,-0.06616543570644362,-0.013963242912966075,-0.28503317611933593,-0.25179411628906384,-0.2322138801155501,0.10222207962811627,,,0.1332204207542232,-0.13900035544561515,0.06403884039126158,0.29274466455555387,0.119534856736976,,-0.16062147100058316,-0.13799334510631597,0.210847758869803,,-0.009177205767239337
2.49003984063745,0.09711165806502728,-0.025248527247218464,,,,,,,,0.11863089834335129,0.189670548317324,,,,,,0.142023350059684,,,,0.023415928200423243,
2.5,,,0.20624310673924007,-0.0474842618351275,0.011880566696526826,-0.05266736754141267,-0.027036458503650242,-0.24792108642751587,0.04940792451105839,,,0.1446672433619932,-0.0723349165622179,0.20599810885399,0.12030063167473289,0.2287758451354863,,-0.13461967104317596,-0.22763802062306165,0.2147362475416196,,-0.14705944768977416
2.9880478087649402,0.07574619609378086,-0.0032989494238828527,,,,,,,,0.14988202193426553,0.051280765424354904,,,,,,0.08482371535994593,,,,-0.1139856855632357,
3.0,,,0.18339739717794407,-0.2587995332603339,-0.010094701252359763,-0.14587976723606697,-0.11167389236638108,-0.10926750197180611,0.08185135736046563,,,0.17714711118600052,-0.1256838457438473,0.005206849361399521,0.1808643708159384,0.18910600416988899,,-0.1723557509839563,-0.22223728369332585,0.06172875693288481,,-0.2422655739890237
3.4860557768924303,-0.0125880546563732,0.028431570673897146,,,,,,,,0.033156587370541675,0.1287238485880551,,,,,,0.13343100411167336,,,,-0.059804972804482215,
3.5,,,0.16063283281991997,-0.1484229712609268,0.06998283788680332,-0.07300728027872494,-0.08655945791423977,-0.25747129298101057,0.03260035589291918,,,0.22178225391685777,-0.123338798959431,0.08193468353410517,0.07777104245728327,0.13513807331539432,,-0.20785530642134456,-0.05419392643152488,0.058581570818480075,,-0.1079284328080633
3.9840637450199203,0.03771817488710267,0.021557134602032093,,,,,,,,0.09243917096464181,-0.0077375351184117295,,,,,,0.00513731540667167,,,,-0.18760724469432205,
4.0,,,0.2683437310581984,0.04424207351534575,0.06742690575649568,-0.11766904621009709,-0.1716145839409016,-0.17083844616243654,0.05372588169790495,,,0.10675478720741366,-0.09077018097218839,0.05810461739768686,0.0902786824267685,0.21896336263731403,,-0.10836435900745771,-0.07318322081528719,0.0637330227583905,,-0.05020643687872204
4.482071713147411,0.04109281195556225,0.0845480736374709,,,,,,,,0.13086423792366123,0.0119270994184432,,,,,,-0.16529609834779846,,,,-0.03763625522616182,
4.5,,,0.12669787303318386,-0.045215720339064604,0.007881214611524372,-0.11073727265485557,-0.16020694494481297,-0.1632111853012046,-0.025057530813427504,,,0.18775999643046193,0.16406034435482106,0.09022813779709037,0.2054286146073113,0.06898264601094922,,-0.13529556909375307,-0.12668883283159993,0.08195071172858676,,-0.06300798331981508
4.9800796812749,0.06821244394259982,0.05403479672129015,,,,,,,,0.06917395145379261,-0.041798098093475976,,,,,,0.0030269942599343135,,,,0.008697412453973067,
5.0,,,0.11467618915427202,-0.011027349984566233,0.009583444741580634,0.1055353774540376,-0.05479861579046873,-0.17121051553783342,0.16551417894265635,,,0.2582789994795714,-0.00816587903317834,0.23484319230319825,0.17436840363303843,0.10551304500503693,,-0.08981616402736087,-0.07169938641054063,0.051357486562901906,,-0.08436370440087426
5.47808764940239,0.08358158595387402,-0.07600854318953838,,,,,,,,0.1952746577842696,-0.015971758746992106,,,,,,0.008857335005216656,,,,-0.0015312394780964249,
5.5,,,0.1433855739693522,0.008935561571197403,-0.021891464115329398,-0.0121688270846729,-0.17637486761600774,-0.20117943106360364,0.00046943759473083306,,,0.24611808301759477,-0.09161706660278526,0.12324764989746415,0.23597762061849242,0.06258965839625921,,-0.04472030048978079,-0.2213025547524192,0.026413357886196604,,-0.25074002992783545
5.9760956175298805,0.11226780279598275,0.07457425318673934,,,,,,,,0.08878532928707235,0.007159390821866031,,,,,,-0.09145250415137798,,,,-0.0003510978940688414,
6.0,,,0.261472442296978,-0.06630949728387063,-0.04329460947934133,0.01201011866886561,-0.053026286882685986,-0.2710061076386326,0.028587499581761,,,0.28553162711067825,-0.07136020393726485,0.10476322619043922,0.1346500261042462,0.16887548578243372,,0.01950501039499493,-0.19435283391619326,0.10537527665048617,,-0.12133759493638342
6.474103585657371,0.05666451558763139,-0.01647392840047872,,,,,,,,0.1188550136869152,0.03686148196084994,,,,,,0.025215066007968228,,,,-0.07810313486414483,
6.5,,,0.2511078094285244,-0.058906648478641264,-0.0406105219728373,-0.045024630493719756,-0.02742043943700095,-0.1597231593801952,-0.008971014971419411,,,0.13432553154780977,-0.08958741291003819,0.13867161245814275,0.23182400704837483,0.14526997611318318,,0.012088619584385637,-0.2540637213752322,0.07145124112285269,,-0.22902157595355788
6.972111553784861,0.04929801041384323,0.025786329570976194,,,,,,,,0.07389696216890414,0.0666065630370236,,,,,,-0.03567127747536133,,,,-0.15290877073852638,
7.0,,,0.21478772526586223,-0.07415639929384998,0.0439613140595028,-0.04565707950791826,0.024039331157491347,-0.1677432034449372,0.030996437107791843,,,0.29156818950464913,0.05906606154313003,0.22349632393761676,0.23468992284386833,0.0626381599686716,,-0.05961505439798614,-0.12223081839249905,0.07955917882268092,,0.017972586306009005
7.47011952191235,0.06156947389179928,0.15225960964904822,,,,,,,,0.1369571726216315,0.07846485550110718,,,,,,0.1038964065141869,,,,-0.006773576498688236,
7.5,,,0.19966787228205862,-0.13477635075716615,-0.02960560962726221,0.09563562236806687,0.005581939727795842,-0.20206577121865218,0.06473823325446008,,,0.1762013435003015,-0.12442558488246165,0.053982568769284825,0.17896461793161256,0.13209792806947995,,-0.1624499908846389,-0.19745242881692018,0.1666493945116992,,-0.18656179458127886
7.968127490039841,0.05469026821226078,0.09723576128735259,,,,,,,,0.10533042616569509,0.04143562051478548,,,,,,0.0839980198837864,,,,-0.061694555249194795,
8.0,,,0.003064549102389403,-0.12671693022303848,-0.04420537011807047,-0.1535334502131717,-0.0036435246412735156,-0.17239664476413052,-0.061716955032452205,,,0.14651355712139935,0.04273992686482926,0.12212669868968197,0.14543050773158617,0.08111458091264763,,-0.04350573256895652,-0.20874205464950246,0.06389014623000361,,-0.13296614119293373
8.466135458167331,-0.05942973915609801,0.0027433774596772793,,,,,,,,-0.028410068857455693,0.04538702761603436,,,,,,0.10651868275244551,,,,0.03791607142173096,
8.5,,,0.15040419042953856,-0.0850139491873705,-0.056378070152165026,-0.12659291466068884,-0.11854816948487756,-0.17935355863754948,0.105023543087249,,,0.20024342683883478,-0.08653171894502511,0.16339061679403458,0.07809483070646145,0.08549692006135144,,-0.1633036410426241,0.014480885536216586,-0.05874456908078637,,-0.19084732648605346
8.964143426294822,0.0656040710125534,0.02816529923590103,,,,,,,,-0.01908232978840757,0.044590069083342995,,,,,,0.12951001539027351,,,,-0.09671242336003404,
9.0,,,0.12070192433325401,-0.03279966856665074,0.09887541893168304,-0.027443173812077573,-0.03815309494439348,-0.06230614665327174,0.09826774933203557,,,0.18070302539650449,0.10994226483666084,0.12249330493195522,0.15601541554737325,0.06816482238024703,,-0.007567463038018932,-0.1354281506995752,0.27656149382214007,,-0.08238064680119296
9.46215139442231,-0.09450060363887618,0.057804742807127794,,,,,,,,0.043388292003504206,-0.061594310788673355,,,,,,0.24536383237721382,,,,0.04109370603205262,
9.5,,,0.23901960392893812,0.11692711695868387,-0.1092639752841654,-0.1186898560462072,-0.011963799628808473,-0.26613917743733545,-0.023457344519450578,,,0.13146800333512665,-0.02663372189213765,0.1543494385238367,0.1896250492589851,0.022521109091426707,,-0.12318545283712036,-0.017632161123043465,0.12565000999949336,,-0.09393352384568326
9.9601593625498,0.03384427994802939,0.01856741891158415,,,,,,,,0.12730609835589,0.037401942012657945,,,,,,0.1501917333701191,,,,0.04434906158258326,
10.0,,,0.14326870989793936,-0.10866220531179817,-0.01070448058747165,-0.09215279601904466,-0.05749635210187751,-0.1081910612675407,0.06846319067264346,,,0.10064285850307741,-0.12645300459180006,0.18143058784892127,0.1288168084953062,0.05033785412065037,,-0.09733223215028024,0.03732827419244045,-0.05011906689509434,,-0.03594883034188657
10.458167330677291,0.045075071543457405,0.04785376409306237,,,,,,,,0.16861146832236787,-0.02335656281840876,,,,,,-0.04517721368322535,,,,-0.052056577273297606,
10.5,,,0.15706161268385666,0.13314624073324935,-0.0344917985160286,0.08881643577535865,-0.16964207980426588,-0.09350911497175887,0.1007436348649888,,,0.22704332579085015,0.025134184621567524,0.18052056578762016,0.24584050377457564,0.18806955552224625,,0.01403063564026632,-0.14101912683039097,0.11907256678185799,,-0.07332898986116837
10.95617529880478,0.0277473654757103,0.12759148500856154,,,,,,,,0.021832629773456326,0.05056028349277184,,,,,,0.09160243498659017,,,,-0.16869574563093062,
11.0,,,0.06492051468820263,-0.025257950524756247,-0.12317816955373606,-0.13373314208151568,-0.13768627916828077,-0.2016618470844022,0.0885900050870118,,,0.02882856404006307,-0.15081409247361474,0.050238767699091746,0.10421315493215279,0.016814067450432398,,-0.08929712233013042,-0.13582258087278404,0.0391484327254589,,-0.09523867505920727
11.45418326693227,-0.0216592787608002,-0.005629054914125286,,,,,,,,0.006971099965838028,-0.08494770878547007,,,,,,0.006359893112400517,,,,-0.005215428748469204,
11.5,,,0.20397928360457457,-0.14649899318367168,-0.07704403035856021,-0.044439859583798966,-0.0007716872913986461,-0.20325848684336711,0.11156140405257275,,,0.09473063736149721,0.06723715713645079,0.09789703015976238,0.011686546445402936,0.10688887410158004,,-0.11483218903887173,-0.10009044698634975,0.0828083040997564,,-0.0898545877167756
11.952191235059761,0.057288606452386065,0.03999498225833595,,,,,,,,0.06800389499127561,0.029694065031796068,,,,,,0.12651800296937615,,,,-0.08894916872542585,
12.0,,,0.08061672170511759,-0.1374286135092288,-0.04674846873924735,-0.016789474336084027,0.02280893134027419,-0.05047016527626987,-0.04187073412609922,,,0.16274924806398997,-0.03347826516761521,0.13977322750329735,0.1512834759303586,0.12025382658941305,,-0.09616043800554717,-0.1465063445000156,0.05484050493439214,,-0.1375067469534374
12.450199203187251,0.0087736251861308,-0.07247063113418421,,,,,,,,0.11762813843036085,0.06469217298134348,,,,,,0.07967108991500838,,,,0.05147579997778005,
12.5,,,0.1262018069401568,0.008873915857693563,0.0443559239898069,-0.13875546796900584,0.019922503592583823,-0.19948930878500287,0.02116304303129206,,,0.13372426721187558,-0.061800914804659164,0.10492247966078766,0.0725970921879377,0.13370695277393999,,-0.21581158160973604,0.009448127210133597,0.08100825676669189,,-0.11255407036055988
12.948207171314742,-0.02669841476448614,-0.0021802535861875348,,,,,,,,-0.02684259607223798,0.043863715694134824,,,,,,-0.014842591755771324,,,,-0.1015757810256089,
13.0,,,-0.016568659717731603,0.0931733695487185,0.0303320343701923,-0.1621449784093822,-0.012641850337323847,-0.08963627766209906,0.11540901149312326,,,0.1160476739159065,0.02485059612268785,0.1268867661718576,0.006112755082603541,0.12933040439087046,,0.045829502580739596,-0.08901071075260492,0.060682323100747546,,-0.0871698806555429
13.44621513944223,0.07626024847378064,0.05257059819729043,,,,,,,,0.008689871552652013,0.03569211815789951,,,,,,0.07054253349293076,,,,-0.02036503733691363,
13.5,,,-0.01143320481083231,-0.12738475098836313,0.010309098826414785,0.12608674220651767,-0.06800022867339922,-0.15374182530764113,0.0751557534506311,,,0.22397588528501666,-0.14221971514566073,0.081307192179832,0.19527469887720852,0.06663162334161096,,-0.09094902052423848,-0.14473769803871744,0.008764572384943442,,0.04296526732736837
13.944223107569721,0.03273344016097243,-0.06334724668955982,,,,,,,,0.08404529646742676,0.04874971687569916,,,,,,0.014112182751617589,,,,0.02242002415946723,
14.0,,,0.056027643133030464,0.06128236360623384,-0.007936515737406833,0.18095778661824294,0.023750012684275026,-0.21676508268719166,0.06834301984533228,,,0.32714679516509415,-0.061190452052297624,0.08517130795107343,0.14261909703197065,0.10394063674507986,,0.10175517131295532,-0.05141838416301213,0.04809115610336926,,0.12664521757279076
14.442231075697212,0.08998915513545204,-0.0529060385799301,,,,,,,,0.18729336668649316,-0.024731332048041746,,,,,,0.10945285315186158,,,,-0.01462163562384048,
14.5,,,-0.04636325355453992,-0.061612456159002016,-0.009327428222071119,-0.08134822611390635,0.0524551513824464,-0.13282285235121505,0.012811720803779634,,,0.13018698569393752,-0.06174118715835041,0.09136916217102577,0.11743777483079493,0.0767163222601404,,-0.08926254410646922,-0.0013597867347416594,0.045978877445764794,,-0.054058343338773476
14.9402390438247,0.013224605983045234,-0.014330520143399014,,,,,,,,0.07329167707095756,-0.0029834225052289185,,,,,,-0.08475143834467462,,,,0.011030613555017171,
15.0,,,0.1488148397994232,-0.10255801366365619,-0.017728168847735194,-0.08016656550422925,0.027888089399196625,-0.16973761606826895,0.06962886212783455,,,0.17630271880679388,0.06785868359868495,0.0789869100272142,0.12312984411760061,0.07392672380281344,,-0.01536997348883272,-0.03581641840153048,0.07048765888902234,,-0.007383273008764249
15.43824701195219,0.1568527197451065,-0.052602336277909716,,,,,,,,0.14285467097807736,0.03772623083880641,,,,,,0.07930282964527054,,,,-0.03591531569526168,
15.5,,,0.15110844391448908,0.15070721876053064,0.005003958456765784,0.05892276076075933,-0.17000175491349345,-0.10936231766202498,0.10027008928373175,,,0.1320655430247738,0.005683379471175755,0.12793282518017932,0.1881078384993875,0.026396778965871653,,-0.1398793609003668,-0.11898991411131861,0.07219768239482054,,0.08416971592398975
15.936254980079681,0.07310165441977134,0.005513000217412625,,,,,,,,0.053160723315993294,0.1425158740939688,,,,,,-0.07595629762509047,,,,-0.12148168734984192,
16.0,,,0.12366928655970519,0.03284255681683247,0.03386055027569228,0.04730994433621138,0.025719832176821753,-0.17967335770544562,0.04860273410585354,,,0.13857891785178925,0.013266784163728845,0.11267120191085563,0.21122756666838727,0.1176023289972414,,0.04670360953433711,-0.03752922570350568,0.029453283820668565,,0.05649241370077289
16.43426294820717,-0.1368578412349564,0.0451751353548951,,,,,,,,0.08149920953971605,0.04799054536750534,,,,,,0.017131253332417946,,,,-0.12492802758941889,
16.5,,,0.04397718134744792,0.03869990029646089,-0.0911737922251222,0.06830978655031048,-0.09828167798366115,-0.08918389176961528,0.06807604531259714,,,0.10732278094777979,-0.09657739899744522,0.13350263854004962,0.04676177605677627,0.16892778465017697,,0.026682488681255757,-0.02566371119170176,-0.01121409572170086,,-0.027929448506267964
16.932270916334662,0.025834182302763485,-0.025699603156717314,,,,,,,,-0.006027664258837573,0.0034943037379529794,,,,,,0.04015648439738023,,,,0.04370457257058673,
17.0,,,0.00418664665757309,-0.026909735531412172,-0.02046857914223271,-0.13198431897239243,0.012458896174017112,-0.2907162122311089,-0.0492770181718569,,,0.15621381842642462,-0.029705329805942267,-0.03414254987100691,0.11891737081341332,0.11628028006614556,,-0.1484450302418848,-0.00047955469019392337,0.04777058175034391,,-0.13538830132777532
17.43027888446215,-0.09733397535532107,-0.03524375558506974,,,,,,,,0.0638671715501052,0.09047773387157344,,,,,,0.20598876617163087,,,,-0.006792259543051906,
17.5,,,0.05729089463049441,-0.04449825895887665,0.026541162836078713,-0.03340157994325726,-0.040366460246172006,-0.1644349419008995,0.12712115688769743,,,0.11843064340721747,-0.08817433657695053,0.08965052507401423,0.18637554248003532,0.012736528125619229,,-0.06334574415933077,-0.07344791602548734,0.09871434223746482,,-0.2878715918608396
17.928286852589643,-0.018428275742996245,-0.00610289878529052,,,,,,,,0.09719687565876485,-0.03651876226958902,,,,,,0.09207434671267943,,,,-0.05717865384174179,
18.0,,,0.013694977730330403,0.12308703415787814,0.025318302971623758,0.002386913882347738,0.053840194682923816,-0.07237069279329439,0.025263824448728326,,,0.0879462844278012,-0.049010899306103056,0.13120246215076672,0.05315609479198083,0.0937791345756421,,-0.06288500615273676,-0.05691844592345331,-0.09534094759554837,,0.04298375130622198
18.426294820717132,0.06052543145761281,0.07155299867960013,,,,,,,,0.04901985603797174,-0.007792879543847089,,,,,,0.07111264191396446,,,,-0.07347398969777962,
18.5,,,0.0544667887122303,-0.10448496242680934,0.07979112956914189,0.03790848037842615,-0.01611958544698412,-0.11487259766855956,0.04621609214056276,,,0.1469553887619679,0.031567673248657536,0.08076367756049894,0.1754483719471545,0.024130239308569893,,0.03202564302652974,-0.00955188534765623,0.10658407448323139,,-0.2009055458506605
18.92430278884462,0.07489574836989983,-0.02813769778145414,,,,,,,,0.12606715443365074,0.022091659189353765,,,,,,0.03236608565128618,,,,-0.1352728336867176,
19.0,,,0.15490867969498692,0.1014413609573712,-0.02605402525434025,0.07665267236822658,0.04435177374472583,-0.12464096878503306,0.04520570715030026,,,0.14433989065520497,0.026140898897665993,0.03792126071086926,0.19911606109636343,0.13789994347026727,,-0.08925002153199232,-0.12914099951574545,0.00498176290647123,,-0.13706288629229513
19.422310756972113,-0.06762688111581802,0.009512652174881503,,,,,,,,0.13210189348223977,0.039995430173516325,,,,,,0.02797096013129614,,,,-0.029512195487318652,
19.5,,,0.1261841243617925,-0.0005034399555595066,-0.04266102373375374,0.032749638239097136,0.10927141702180491,-0.21164405870372327,-0.0360991779111308,,,0.045063211567061494,-0.022252244196637842,0.0038809253306051204,0.08191787708414539,0.2091604534899131,,-0.08852208895945818,-0.0954930687324222,-0.03131802738738312,,-0.027995538207971717
19.9203187250996,-0.06222015860405675,-0.048073897348630164,,,,,,,,0.043039272132599775,-0.07221486972583752,,,,,,0.14932317320869387,,,,-0.12255716008655693,
20.0,,,0.0930505809784705,-0.019906763966671272,-0.07448508829796864,-0.09214691284941211,-0.034275971722036676,-0.04447365591414691,0.15875152828488792,,,0.07389842950726798,0.009769524305967121,0.03875935183292882,0.09613230348352682,0.11189380485906385,,-0.11027001922109732,-0.12760764906542632,-0.009713960455791138,,-0.22244082811190335
20.41832669322709,0.09560409936535205,-0.01510127252748988,,,,,,,,-0.022393639318270042,-0.0803824551937318,,,,,,0.11203033556470773,,,,-0.007602681377156376,
20.5,,,-0.06161954245984647,-0.1283800140629928,-0.12304128050596648,-0.11087569590838241,-0.040921842213902805,-0.14339929097850326,9.317771068081259e-05,,,0.07571350304644475,0.006162681761717617,0.1240934291487694,0.14749705154927464,0.08158914673572369,,-0.00774687256059799,-0.004167372040916843,0.0671826391696206,,-0.02898354259190055
20.916334661354583,0.05606599427442174,-0.031836034253430436,,,,,,,,-0.059604176024852955,-0.010039018551126792,,,,,,-0.06748309439471169,,,,0.07593812005185951,
21.0,,,0.3026325794572298,0.013437737759360802,-0.027898707031984323,0.07723660777205209,-0.050121815808142546,-0.043647181882450245,0.20140928369463434,,,0.07781597189561336,0.036443170991218854,0.07863031235748943,0.22673729888570993,-0.026200200308109097,,-0.043175108753546874,-0.0014201009801723546,0.10739803695993326,,-0.0882867714626384
21.41434262948207,0.04781940856278843,0.04104301665413818,,,,,,,,0.12053201055010994,0.05736226474144382,,,,,,0.031604294632800574,,,,-0.12745818672982925,
21.5,,,0.09678403479053699,-0.0394472357647399,-0.02364938356762769,0.05732852092105253,0.07390976837886858,0.00620218104233654,0.10434357788811,,,0.05348474834056745,0.029684461727579756,-0.011178482749163823,0.16125524629260626,-0.019626588275409477,,0.1417992769327227,-0.12513686211816438,0.13493083658643834,,-0.027783179918209604
21.91235059760956,0.033189923466121325,-0.027335163004301607,,,,,,,,0.06784331373535916,0.018871103330996536,,,,,,4.2108502593637265e-05,,,,-0.05065759009475923,
22.0,,,0.06556972714542637,-0.1975601449791676,-0.05317502613514628,-0.003200048612706096,0.03795685859003221,-0.08709908369201351,0.06874122525753876,,,0.03869076107135827,-0.08380860711022807,0.004800758238425835,0.08233715464422382,0.03536431011178737,,-0.08024484424892309,-0.1826644085102119,0.05029942381023786,,-0.05567202729714771
22.410358565737052,0.14211466546798818,0.04445765154047575,,,,,,,,0.061114121667332814,0.11907162439750867,,,,,,0.08352018845803387,,,,-0.025221808378868452,
22.5,,,0.10829089089167243,0.09707862722039055,0.03896209556015997,0.021203259153628338,-0.06427623836573734,-0.09379189114445087,0.08458153362880141,,,0.06351836155417837,-0.08070273017743544,-0.023712552662736804,0.142869906653407,0.13400847157706597,,-0.0005097815827064816,-0.009760241821086367,-0.005023381826916736,,0.031011066808394192
22.90836653386454,0.046071084986274956,-0.09656374763966866,,,,,,,,0.09308629718652163,0.11005282372756921,,,,,,-0.23193917566491892,,,,0.02584258816851029,
23.0,,,0.034149299501332345,-0.11468461046952579,-0.01447551462355591,0.030228059395512756,-0.08472612931609615,-0.06286906779911952,0.15520649482895948,,,0.06402925689452442,0.004294109850047401,-0.04936173538294212,0.051377996063640775,-0.030123905723935473,,-0.11406329914320675,0.09018611842655802,0.07423813475511595,,-0.09927000478434753
23.406374501992033,0.031141927399772232,-0.07320273544881203,,,,,,,,0.0035407999604573363,-0.02881616387232441,,,,,,-0.006723232854859568,,,,-0.05088382882619247,
23.5,,,0.1714742506417805,-0.040894310969017925,-0.0702745419628815,0.03440121819632607,0.05004964498566175,-0.061765352240216995,0.06975424242958313,,,0.08396446264663227,0.0586142472089553,0.01253792091406348,0.17782723218430263,0.13419551797584775,,-0.13039674842461993,0.05101098649920079,0.1070441826994509,,-0.15991292546998018
23.904382470119522,0.01168528786257721,0.12438776829598666,,,,,,,,0.16537418799878847,0.045155995633281244,,,,,,0.032104228616962896,,,,-0.027810720128446636,
24.0,,,0.11516841150039434,-0.18933489676627874,0.09780350077733407,0.034138067654244195,-0.0241243734864304,-0.08534401490988286,0.08280713272152299,,,0.02437274715427049,0.03356757382642402,0.08674948284771665,0.07810943422517805,0.062259959406334046,,-0.06374454578530189,-0.060671459452607,0.030246902245730446,,-0.17008551797575178
24.40239043824701,0.11118449368502652,0.05593722743636073,,,,,,,,0.06269911171600205,0.07748355515868378,,,,,,0.063210619117086,,,,-0.1439933996118447,
24.5,,,0.10882883235188302,0.021633788418867067,-0.02099848218465851,-0.07573335708711171,-0.0013312101947951472,-0.14047755307331344,-0.08294555533081606,,,0.04859559426021382,-0.1171984185840086,-0.0010850160687977007,0.11984744586043224,0.06865564450543538,,-0.038393873576497276,-0.004128360575207446,0.06813107640905455,,-0.12671289031416547
24.900398406374503,0.006306633047848481,-0.01702797419534625,,,,,,,,0.023929355546899334,-0.09896856313557763,,,,,,-0.09047898413293812,,,,-0.15332138943754575,
25.0,,,0.06853042716153304,-0.11880342212088872,0.09960028502254686,-0.006773195587083296,-0.0398315913313162,-0.03737493522720213,0.13454225978814946,,,0.04208976557160338,0.08344185950512224,-0.034956417117596374,0.23306324785951255,0.1613473669853133,,-0.19059098152863713,-0.18268622372228296,0.02222381294903007,,-0.006434410382094731
25.39840637450199,0.04071577821239073,0.012190643605204486,,,,,,,,0.045726733997184535,-0.028694705774696228,,,,,,0.007224260115394114,,,,0.15532352593971693,
25.5,,,-0.002020087765444455,0.007646712865289469,-0.15298400084733124,-0.01839396220028256,-0.10800712541976101,-0.10433390108829758,0.04675513925208625,,,-0.0036530128189839217,-0.11330742359892666,0.06936875986411675,0.1803957981174869,-0.02559561468154436,,0.011904761614660668,-0.0883671576280392,0.12275932759089672,,-0.025780958942469304
25.896414342629484,0.06978356662560813,0.03577433765202136,,,,,,,,0.1565732167457291,-0.09244992221153674,,,,,,0.02484865292235255,,,,0.06448563764096502,
26.0,,,0.044272111253742884,0.12194208022565953,0.004705102586168643,0.02224916530611483,-0.001348986571580849,-0.046023627081657005,-0.05975590062857189,,,0.084635618302839,-0.00929072236529284,0.0854508202766188,-0.004106921342637735,0.16390683944081963,,-0.08846123880890916,0.0585899008223774,0.03008601511415831,,-0.10235942411776049
26.394422310756973,0.0557855264564151,-0.009311040495552333,,,,,,,,0.08830303603499165,0.016899969150187377,,,,,,0.051146988472703714,,,,-0.08076873467829464,
26.5,,,0.1357694559028564,-0.04775748343641347,0.06744680380333948,0.007236564532565475,-0.0699592395235235,-0.09361905751976848,0.07498918600978562,,,0.027681611434195796,0.06291339213124346,-0.00572782241207189,0.14768804626066923,0.022135456053119763,,-0.21203155358389758,0.015255176978335979,0.17631832593701696,,-0.08655734415077791
26.89243027888446,0.09635386113190364,0.03219635267690071,,,,,,,,0.038391309111084806,0.15769850692056897,,,,,,-0.10179689591848079,,,,0.02800572354590283,
27.0,,,0.10553800514280846,0.07212413344800167,-0.019425562656249156,-0.08280258895274428,0.0011530358044276334,-0.08795452389144595,-0.03628457904393374,,,0.12055932783725168,0.12604788887510235,-0.03885528040196181,0.11850742267227744,0.08238712252224245,,-0.11447465537343253,0.05077702041879237,0.15045317505190875,,0.028057898882295363
27.390438247011954,0.05793923086295098,-0.09843349554420773,,,,,,,,-0.01999939215935094,-0.1148094287358871,,,,,,0.0031756975631295316,,,,-0.09011643769549411,
27.5,,,-0.013460321130823167,-0.02488528082915161,-0.037584227437582864,-0.019643995261325414,0.04702315833161675,-0.039455221471972834,0.02633975633830004,,,-0.06816774431544191,0.026165234107484513,-0.06925404447777862,0.04160978638139848,0.05973569928545748,,0.06389255518549407,-0.09739764339275497,0.0749993321236924,,-0.16199435138150933
27.888446215139442,0.07338026420177558,-0.01755135428893471,,,,,,,,0.12655036573563572,0.014811835209087337,,,,,,-0.16605727097132772,,,,0.03744009177186478,
28.0,,,-0.06129676233925522,-0.028280295602061557,-0.043028372672033986,0.060826964594724864,-0.026450135066306606,-0.005906818042335302,0.007330142019718085,,,-0.0597343161673958,0.015754111628706997,0.0971548493843914,0.0633865014241748,-0.04219386403356533,,0.01155851507997361,-0.12533029141363325,0.151896567256201,,-0.11306717484477634
28.38645418326693,-0.014538827660201986,-0.023858527569824713,,,,,,,,0.056366909840241106,-0.024566292771929687,,,,,,-0.012709092077660392,,,,-0.04105754695738508,
28.5,,,0.15949135798076963,-0.07683161779726747,0.09233641154597745,-0.04500626494305317,0.03625047871070447,-0.014469370539316231,0.013083719112671977,,,0.03865453882157637,0.20278437884366488,0.021278956233011792,0.02277901219889329,0.1310407517985353,,-0.016174906121812962,-0.002190463226610102,0.0034754145203545654,,0.01632577634656389
28.884462151394423,0.05476960099163882,-0.06524146495175029,,,,,,,,0.07828722294212065,0.09692481205104517,,,,,,-0.040592448300293744,,,,-0.004071086213184545,
29.0,,,0.021908200931517165,0.05308788814286985,-0.025698454155127896,-0.06870641362319257,-0.06828060071102868,-0.08887858469008883,-0.04245294646594537,,,-0.049338578624931226,-0.05717097393042265,-0.040763859744511556,0.12402685119549405,0.09420840856599608,,-0.03589066325119389,-0.050051300328864144,-0.0782179913391764,,-0.18545489119646974
29.382470119521912,-0.04450975716314207,-0.03426859565167355,,,,,,,,0.06907973363312901,0.06279577735321724,,,,,,-0.04943397395566929,,,,0.09844578173522844,
29.5,,,-0.022750007347649495,-0.04308124101238108,0.06790512265266115,0.01792114292647848,-0.04124624014533927,-0.2289233858356238,0.0841320517105141,,,0.019051218666057308,0.06174668497414237,0.05189284934292484,0.09795058226490551,-0.023773136983626122,,-0.10844583224206437,0.030118933902768267,0.1270690941219436,,0.044864265439852946
29.8804780876494,0.06645943190549256,-0.05948718517213332,,,,,,,,0.050296687485715134,-0.03680089791277755,,,,,,0.06811251149721641,,,,-0.06308574896917539,
30.0,,,-0.002007977287711595,0.0022938798752504858,-0.03833232090309843,0.029205580759148687,0.017374327692533893,0.048591186525691235,0.04695633786552094,,,0.008385410091522794,0.014020815472009398,0.12665575261238243,-0.08029957074282851,-0.019730565318196495,,-0.04370902637599451,0.02670368732915439,-0.16796983915368538,,-0.06423392598888102
30.378486055776893,-0.005926368466314571,0.009115716753217887,,,,,,,,0.008031125586377441,-0.042444922064188616,,,,,,-0.07017580554455592,,,,-0.13510935030319732,
30.5,,,0.10547873817720742,-0.12225819633628962,-0.017317766389911657,-0.08986861199124732,-0.11726734397277061,0.07154824094612133,-0.013019006720312882,,,0.0745490587415533,-0.07622785799420444,-0.05805942755133918,-0.033807684098054264,0.11850102387957824,,0.0415319578551541,-0.03378681150799647,0.027976400815321725,,-0.10852839523026896
30.87649402390438,0.008827300662856833,-0.037426724132298,,,,,,,,0.07911504310045821,0.06319339863408897,,,,,,0.04829942381959873,,,,-0.09453351952262917,
31.0,,,-0.07025138402305989,-0.06546083780575244,0.020955126675233745,-0.014973594634088401,0.0034830603964500755,-0.03280151443774515,0.00660199868639888,,,0.06513395548332063,0.026241366993263796,0.00950313038677045,0.0622625286983773,-0.017028373557910068,,0.04976807447277653,0.07652116778405757,0.11475279682575862,,-0.026169916621120524
31.374501992031874,0.0023020787845924877,-0.05288308570755099,,,,,,,,0.09254902541422445,0.01132899166198901,,,,,,-0.1914893796684014,,,,-0.1184921800116294,
31.5,,,0.16352917959088278,-0.062254432834197966,-0.08440595748031827,0.09664739424940673,0.11366987277809108,-0.018472590419857306,0.011791978263754213,,,-0.07112521372339423,0.017237543248785497,0.029593049182586515,-0.00875634226151194,0.06078751645836972,,-0.020694357840790538,-0.08423052496421014,0.23720934097358298,,-0.14517885236505218
31.872509960159363,-0.062094414735967954,-0.028276213318886342,,,,,,,,0.09474925533160788,-0.0018542161135431114,,,,,,0.03569275864145531,,,,-0.09219629048633753,
32.0,,,0.07792822868959433,-0.046418381313911426,-0.033238825501098065,-0.0037518448009607338,0.06367128318397806,-0.07610491069769984,0.0029678069006768143,,,0.06149312412528113,-0.13392402144566568,0.014115740046831563,0.10348293029358759,0.09795551129354423,,0.13396250441525784,-0.05662168796375297,-0.07919201939136913,,-0.0711733944537495
32.37051792828685,0.06867268915770794,0.003139030251718698,,,,,,,,0.06717612130267407,-0.04384051633925051,,,,,,-0.09189766157061344,,,,0.11700288278859926,
32.5,,,0.04685567356538514,0.08789010840382729,0.02879850550745474,-0.04829934183255163,0.06689759719705654,0.06360724636829575,0.08389746555796569,,,0.011588119539988654,-0.05142425360431966,0.0378803785760701,0.05013455178863937,-0.04634503304463329,,0.07494267833365537,-0.07996044158714923,-0.05112875600295955,,0.06233570669353408
32.86852589641434,-0.0275519285875533,-0.0178719744234964,,,,,,,,0.08878369402206421,0.0010635751568868917,,,,,,-0.14767450064520582,,,,-0.10164716897569354,
33.0,,,0.07371639081785239,0.04544520664878442,0.03843089856494671,0.0015266421191194046,0.022211894477463336,0.04649113434927587,-0.005917967273045047,,,-0.03329669862593854,-0.0024087679547966103,0.06962303511417603,0.07731878748391982,0.10589801920300614,,0.004796116724892971,-0.05517941910099254,-0.02007693832084361,,0.04859593992624826
33.366533864541836,-0.0051727552992242055,-0.03748084676901287,,,,,,,,0.007041231505458121,-0.026952995592791223,,,,,,0.15335035184352155,,,,0.09910719735385573,
33.5,,,0.01446135899333681,-0.06232496263975035,-0.01346306509098877,0.05479732796684049,0.12458923082754594,-0.19869933600548162,0.0539189210979984,,,-0.10852089113061907,0.0016849658416679604,-0.01705033551201655,0.221112002351228,-0.08261971817696243,,0.06164961941770093,0.05889221111338349,-0.03159345580635644,,0.008978823443590972
33.864541832669325,-0.11026670431421226,-0.07145997450853621,,,,,,,,0.019258006447379433,-0.03734288110343586,,,,,,0.046114923736042326,,,,-0.06675954082571606,
34.0,,,0.0781481852804659,0.060080898849871285,-0.0814740222136849,0.0011757976623086443,0.004490728261208474,-0.001404194981791104,-0.05395888903284394,,,0.15822604183489863,-0.022675754876591195,0.19693567049532984,0.05141578936168312,0.0345813603499915,,0.00865364302797565,-0.0116959090427063,0.07824134501843924,,-0.04678894707637724
34.36254980079681,-0.06553478925567977,0.03663292281781214,,,,,,,,0.14836904409379145,-0.05775553556775019,,,,,,-0.0007398095989080928,,,,0.0032241157929664573,
34.5,,,-0.04479717726451501,-0.11204310760572507,0.049397547464676235,-0.06600463759117316,0.13510013937959345,-0.017047427512367118,0.020172160649869958,,,-0.04217384826218066,0.04086644355004474,0.02506290745044299,0.08354962396536462,-0.05732681965346729,,-0.0037922874781814364,0.0061162874254636936,0.00992084041751453,,-0.10281512093804307
34.8605577689243,-0.049754464265870185,-0.022630533173657152,,,,,,,,0.10330160553843,-0.0600872962646412,,,,,,-0.12610775573389463,,,,0.023741415964949608,
35.0,,,0.010393524589095883,-0.08295971853813647,-0.05975350949596162,-0.07472963517429192,-0.044477694391004144,-0.07445076540693919,0.09285396227670573,,,0.05533765214052332,-0.02084044143889176,0.151322248249392,0.04784599583406913,0.1491639636383587,,0.039610129188196556,-0.07771850987726187,-0.04214703117361179,,-0.10805559120736132
35.35856573705179,-0.10403876298126959,-0.041802234428836745,,,,,,,,0.11840645544316648,0.08015273159462948,,,,,,-0.08326425325604155,,,,0.004061239597085653,
35.5,,,0.009673734257199721,0.029668680880314824,-0.0027591655171409976,-0.04607386125075769,-0.018969075813099517,-0.0974392685457688,0.08051878492019973,,,-0.05187006531728006,-0.1605189462723123,-0.05292329028373304,0.09483121646113898,0.06196207790255584,,-0.06652607838474738,0.02240274982593697,-0.10881939815236293,,-0.10909524031806048
35.85657370517929,-0.025868862801981616,-0.10197759691818968,,,,,,,,0.08042365882002893,0.08718956285072954,,,,,,0.07066283619671836,,,,-0.07063829307286132,
36.0,,,0.02962981217384792,-0.09959742912307516,-0.014703093965998185,0.02759697928642655,-0.02167696280725932,-0.11508024231600714,-0.03401387895215646,,,-0.018753527584984955,-0.09027589097441031,-0.10544091759155245,0.016621030282479438,0.14146084184219668,,0.09074605347441836,-0.0776931128728781,0.09548625835615127,,0.04678965708773067
36.354581673306775,-0.06425835209544291,0.034791430208322406,,,,,,,,0.045017876548646696,-0.024100541044515575,,,,,,-0.08122933894716962,,,,-0.06749425550518114,
36.5,,,-0.07656530259115782,-0.016363270966784256,-0.20555422927313272,0.21200317254376436,-0.038657232504652625,-0.024088068954764133,-0.012754795876441835,,,0.00824249648096075,-0.01850819426668743,0.0805096314319039,0.02708032305987517,0.052884514475357663,,-0.01207798627553652,-0.07347388675580559,0.10712350969590896,,0.13764821194127896
36.852589641434264,0.05012922213388383,0.016745398255598048,,,,,,,,0.15241302218373412,0.017637190220092285,,,,,,0.030088969666151,,,,0.018739489020050456,
37.0,,,0.042933946932757386,0.17364565593247072,0.10042052650938407,0.10411301104446763,0.011222791208177756,-0.01319530451160519,0.04491294936277248,,,0.0947730875134254,-0.08109285285365596,0.05123721543404043,0.062493472718923186,-0.050791780140990846,,-0.01096755923408235,-0.017120922823824786,-0.09738057010727066,,-0.14241208604711314
37.35059760956175,0.1733984481110591,-0.05764520795270195,,,,,,,,0.06513924263083531,0.07078846583329358,,,,,,0.017559731511084933,,,,0.06312053447949285,
37.5,,,-0.09398238085596271,-0.08161755709281832,-0.05967112967656616,0.0383138479627573,-0.04698993509694799,-0.07510861081162522,0.026822874498650926,,,0.06865326795399482,0.011559413461432728,0.10576156512360708,-0.04913087852904847,-0.06198301629713068,,0.11050905802766182,-0.05288733950096652,0.04355487683710092,,0.10579504403689416
37.84860557768924,0.1016169381101764,-0.054722089549711306,,,,,,,,-0.06012270951122525,0.12312906611216355,,,,,,0.06246325109458622,,,,0.00881650835679682,
38.0,,,-0.02783689612911853,0.00041319924154978137,0.010882924479945424,0.021169621465563174,-0.05625112492868968,-0.05034648410127097,0.00964951007511,,,-0.06771764207592053,0.11351131103428194,0.04891136860303348,0.10037315920984997,-0.07624770168039294,,-0.028067108670751798,-0.0006271863668625235,-0.03068500017532403,,0.004392307201929155
38.34661354581673,0.0862754272419983,0.03652748075991681,,,,,,,,0.03752009003793826,-0.14823960307137707,,,,,,0.08234343491174398,,,,-0.11192535859856888,
38.5,,,-0.056661944606503874,-0.04739631915467675,0.028474099899074557,0.09210806591297703,-0.0747772327405155,-0.13148909135617168,0.136868295056705,,,-0.1385016440079011,-0.04132103590661251,-0.05654194670431034,0.07772450897828014,0.02727913275381596,,0.05332489060904738,0.010819297976372945,-0.033808363826515364,,-0.012490535173339578
38.844621513944226,-0.021168767562904978,0.1201678337116563,,,,,,,,0.10466722678502603,0.028690664933455116,,,,,,0.08440315855616985,,,,-0.0617271080925087,
39.0,,,0.1365813303795785,-0.025975119220357702,0.12705563740045825,0.003694172068510651,0.020386538930574072,0.1468139605882919,-0.10447360440660428,,,0.009191463393332423,-0.06146921293786855,0.057262706602300935,0.00010353048339041829,0.028954302690408915,,-0.13243956722100672,-0.1808570443773655,-0.04953369575464663,,-0.12599945268445992
39.342629482071715,0.03658666306270992,-0.05371043876835082,,,,,,,,0.02597057033003815,-0.10591965278082083,,,,,,-0.0024238632910339158,,,,0.12174702020799807,
39.5,,,0.020114170954525678,-0.08973505009735426,-0.06907647379293794,0.08535992629214599,-0.012148891616567492,-0.07226695840431868,0.09265852011358103,,,0.1894719648469277,0.009116197356914666,0.09129836884223662,0.04277564115403338,0.03526361286478093,,-0.15137125266781612,-0.03438489090618001,0.004256899497317379,,0.005069407551928382
39.8406374501992,0.017289031928846326,-0.03236820266718227,,,,,,,,0.024719279072038546,-0.031334909782261854,,,,,,0.011004009013959634,,,,0.18310670018730413,
40.0,,,-0.0506394309784509,0.11893377674763032,-0.11790704102861684,-0.07622378278757823,0.09932804712325756,-0.07596551324963403,-0.032137837058727595,,,-0.09625653261708397,-0.05662131503793024,0.06547586118352318,-0.034605965998721684,-0.014629065218201197,,0.06424594170830093,0.14404355460391458,0.04287914291797186,,0.025964693924030977
40.33864541832669,0.006138876853319406,-0.0141098505502825,,,,,,,,0.12537880712456922,-0.13852325030188492,,,,,,-0.16168532338456598,,,,-0.12951134627221414,
40.5,,,-0.11678642024590301,0.10694007982501669,-0.03505157545774873,-0.049043238280074286,0.10167289079377814,-0.09745960967570635,-0.0013984558840838403,,,-0.07062689665895534,0.1226186935360012,-0.011369556518530862,0.0826162719663533,0.06679607591287062,,0.15501056392321078,-0.01342033198691657,-0.08468010425978131,,-0.015427843876685717
40.83665338645418,-0.0604773647753223,0.077602165604322,,,,,,,,-0.023866903313534173,-0.06478682591534378,,,,,,0.06802708136849327,,,,0.022808303939310933,
41.0,,,0.08903897457821029,-0.051343790622964104,-0.025753817296252687,-0.03232962402545148,0.025512366513301805,-0.07247890437086775,0.020246863706276177,,,0.1018507963986488,0.01287116042640268,0.12668412418519484,0.08444796344906022,0.10387424206750574,,-0.11941397838361192,-0.016741785156780348,-0.07701805787726378,,0.04991105976076354
41.33466135458168,-0.07691404821627787,-0.07501425321590438,,,,,,,,0.1378739455290614,-0.10364809129772994,,,,,,-0.059603047670750406,,,,-0.14608994591735724,
41.5,,,-0.004416367969469353,-0.14675813803161883,-0.009043207752636685,-0.03520529541516735,0.0661565435279323,-0.060869727153314596,0.037521820799501254,,,0.033970337721798416,0.042087963519493704,-0.07327897900222058,0.10303131651879663,0.1245678949904927,,0.010641524326741226,-0.1634921934104968,0.027755374644006597,,-0.13414086110606088
41.832669322709165,0.0013195558856872478,-0.025309658007241196,,,,,,,,-0.018246854630117323,0.03384190499217237,,,,,,0.009111573542496606,,,,0.08100995262069509,
42.0,,,0.08102466444565065,0.1246440915859703,-0.06992775021219787,0.04296619371771927,-0.04402510076333978,-0.055400800786207356,0.062405514301685304,,,-0.09036422799030837,-0.13650570288009925,0.028015263221557975,-0.034029741227784974,-0.04112252614950419,,0.0283583615775033,0.13128627776400953,0.03635790397721616,,0.13226958184887128
42.330677290836654,-0.035637219980714334,0.06042910884416732,,,,,,,,0.027760429136975417,0.010242905014272448,,,,,,0.08524774566039048,,,,-0.018363108358125668,
42.5,,,0.06303709136316073,-0.02528167393041965,0.029128177161784098,-0.010847542447420458,0.0324598772399939,-0.16519041677796298,0.0030675869563453542,,,0.003685469748212141,-0.1161737000966377,0.050912772894282,-0.003947993305789783,0.09357255668966771,,-0.23280549162086606,-0.06408271451974677,-0.06728603928656315,,-0.13323650622426292
42.82868525896414,0.03664785568794877,-0.10830450444414393,,,,,,,,-0.08187666544837269,0.13107629760623,,,,,,0.06562451596727814,,,,-0.11225941086132081,
43.0,,,0.020964229180605073,-0.07747040492742714,-0.0529366713266688,0.08368385850457312,-0.00806936029527092,-0.035775422873162446,0.01790778459522329,,,0.01257222280434252,-0.06691467048111566,0.1098988039887411,-0.01125208615448446,0.06192662586378327,,0.002051008944837345,-0.0004680860362031157,-0.022585181084022146,,-0.20188921752312353
43.32669322709163,0.003624839942598498,-0.00024406360628175165,,,,,,,,-0.003420790416653684,0.031982084182899516,,,,,,0.11545034618398176,,,,0.07454592888583404,
43.5,,,0.04330761953011924,0.09265167016764653,0.009832476879798144,0.02869153698319125,-0.01190706435230642,-0.1581275104682615,0.17515506764805658,,,0.0244809137551263,-0.08569873835597368,-0.06002137249567727,0.14192945838780335,0.05407243406825223,,-0.241388970414792,-0.036935008516933335,0.07841941598240929,,-0.1437154671788361
43.82470119521912,-0.016236893021749643,0.02794058674296942,,,,,,,,0.04577182815144619,0.033114273587387784,,,,,,0.1762375818484294,,,,-0.03980739240147635,
44.0,,,0.07722445304694217,0.06020286653475283,-0.011003932435628581,0.03432123927287771,-0.16010610007692785,0.0014236602309020657,0.012811602216695792,,,-0.010899266177463271,-0.08234857743251005,0.026320755652218145,0.05080929794656286,0.0023842466856794312,,0.03201935217045417,-0.02646075253964831,-0.14104257649077123,,-0.18582541992915386
44.322709163346616,-0.0029551038051667364,-0.004865669117797951,,,,,,,,-0.011912101106899024,-0.027215154212730932,,,,,,0.10009757545770165,,,,-0.06778316335723211,
44.5,,,0.07801080787280816,0.2545539768100985,-0.07951114302229582,0.054079296882047136,0.03846330833000414,0.0856069242710571,0.004722361552173399,,,0.029671995331020464,0.06935248954850706,-0.03497488553516776,0.027978582493421167,-0.11920825794042791,,-0.0368074122679305,0.019457432542120335,0.05903520778072669,,-0.016388187778718973
44.820717131474105,0.05447175469893143,0.010681320038691539,,,,,,,,-0.1131112395901774,-0.03190256469469835,,,,,,0.13418521045594586,,,,-0.0973978329466902,
45.0,,,-0.013020544201799114,-0.03771806869224225,-0.08417803816784894,0.02042519663512727,0.20655832122844522,-0.013158997208825804,-0.023394005372234388,,,0.09743785591326783,-0.0061281576101963765,0.008997294522696795,0.11738317427457742,0.13870077315203028,,-0.009651278600295328,-0.08174303578753153,0.19510587237691365,,0.011300067102840207
45.31872509960159,0.06550189669391883,-0.04460300675370593,,,,,,,,0.03144493569239451,-0.03567033876816255,,,,,,-0.06934643161425348,,,,0.037755230215390935,
45.5,,,-0.04274260348896793,-0.025304095476800202,0.05115088246404907,0.10846359666963161,0.03233012019819422,-0.11658424868429104,0.22482478724015192,,,-0.050511391063633934,-0.07260030702879439,0.08408544051045469,0.10650331834518467,0.031242612906349252,,0.03888968728954389,-0.0084917068538355,-0.059050865427377454,,0.12984574864601
45.81673306772908,0.02652468925014571,-0.05598455483595025,,,,,,,,0.08162312217229602,-0.015006074673348833,,,,,,-0.10361824184585242,,,,-0.013074642012791095,
46.0,,,-0.02170219919122934,0.06588618840735466,-0.04187163312742319,-0.031564357901779874,0.03639316071993056,0.001636755916697596,-0.03842280646475496,,,0.13908800680594047,0.07485158905133618,-0.06891185772910711,0.007469608880264028,0.00027528164517704644,,-0.01092139035627917,-0.09152533245182196,-0.04641569446729875,,-0.15382458520119469
46.31474103585657,-0.0005538993601994218,-0.04505195743476904,,,,,,,,-0.0015823952911633067,-0.07940150384917236,,,,,,-0.11117823075634825,,,,0.044823910189778784,
46.5,,,-0.05108391685442222,0.050242859672944,0.07713416176583532,0.04260095130747842,0.05796522426424036,0.028242290432229148,-0.06704931183122269,,,-0.009999686437972452,-0.016477793967009262,-0.016116303033430437,-0.030441526124248542,0.062443670681973755,,0.038040948557968385,-0.0019197130955360827,-0.08524302080748668,,0.03405735512490171
46.81274900398407,-0.11464466252272748,0.06796951848105169,,,,,,,,0.023076309255695107,0.04171494608004735,,,,,,0.044503869784766725,,,,0.0324726508924341,
47.0,,,0.037611414399216045,0.0029847210352027236,0.031280505920123686,0.02604726740734609,-0.10737478464965092,-0.03185220910552862,0.03431370303744662,,,-0.036799889913341495,0.05599433553004174,0.03664731580433897,0.06666797746710626,0.02355771033070071,,-0.021212108392539335,-0.09787860992671983,-0.10414373944069616,,0.15746448484070946
47.310756972111555,0.0980000888884812,-0.017088753719197974,,,,,,,,0.03672082203941719,-0.0283897184938602,,,,,,0.09178079927790143,,,,-0.0447827029918434,
47.5,,,-0.02712490487893024,-0.09469640552449847,0.03838227314177197,-0.0002716003029102278,-0.04207121510078139,0.01995323932334712,-0.21075860772587013,,,0.07802967229391942,-0.020033311527340194,-0.049950271301408555,-0.09611539448503133,0.034233552305898196,,-0.1881532249412199,0.011361480927718772,-0.004447648832632944,,-0.029384468211121933
47.808764940239044,-0.011182016206797343,-0.05555936270409275,,,,,,,,0.020113543915174285,-0.00451440411050545,,,,,,0.11597830827803442,,,,0.05298676072299404,
48.0,,,0.049036037855782116,-0.005710854892944808,0.02662960568781584,0.017417903911620406,-0.010713326629826122,0.011145034376345054,0.0473543417635257,,,0.053153176658197306,-0.01933187452773922,0.056941790570395834,0.07796339964679187,-0.004938253524457812,,0.05565666584970829,-0.1714798592050122,-0.05334281841269774,,0.1770735675009853
48.30677290836653,0.03802353671340807,-0.004317175301986594,,,,,,,,0.02678724167674145,0.03413913437204922,,,,,,0.2112553196012759,,,,-0.05331430720584611,
48.5,,,0.07466150001148457,0.006237220032082515,-0.11473356271942198,-0.01404617439642431,0.04505174465888514,-0.07077624872991975,-0.026660239857747795,,,0.09653504676384494,-0.19914721111381664,0.10266852496282078,0.03385680169500422,0.1548857595036485,,-0.04503371433186974,-0.1677918923148723,-0.0730576601910845,,-0.031149424588342592
48.80478087649402,0.09691035571122965,-0.04544913157313962,,,,,,,,0.03141513390406015,-0.051601786518480436,,,,,,-0.04580259699209255,,,,-0.12509767661325577,
49.0,,,-0.04579365087891491,-0.015331929074219937,0.047276399982942655,-0.025914044793191923,0.036407299261495,-0.09145995578816504,0.0445918561150099,,,-0.06851760366110339,0.037677542794966816,-0.005821062278678333,0.021866041686538464,-0.06892369857986806,,-0.07732238552324999,-0.011262319670013244,0.151469078258605,,-0.08538346088614984
49.30278884462152,-0.04548319059811112,0.2061931648652227,,,,,,,,-0.033066219730243485,-0.11471367892690541,,,,,,0.04245309062153359,,,,0.008945330882417226,
49.5,,,0.031293429086376584,-0.021987386217555045,-0.08335737337298853,-0.11153100781401784,0.009181906647860217,-0.04587818419991643,0.09181964520800734,,,0.008183906407016491,0.03980196183686968,-0.027190163189404648,-0.02526365250619824,-0.0759675263719325,,-0.16269216198979472,-0.07876534809574437,-0.07604215138695487,,-0.1003159745430554
49.800796812749006,0.05976897529420144,0.024007741849831826,,,,,,,,0.021438369735281154,0.011048252526620516,,,,,,-0.00834084125332396,,,,0.05165465470970314,
50.0,,,-0.035363255139087967,-0.1416205995384268,-0.09590161381084458,0.09821192380392531,-0.0027794498726971062,-0.08062179764723411,0.10762863390979378,,,-0.10983803971631555,0.03954484983769489,-0.14559163203369224,0.14281433106755675,-0.05734979996603171,,0.031191726966330057,0.1269127152663286,-0.030468302372145487,,0.020165826159386526
50.298804780876495,0.002519952972487636,-0.01580857827604679,,,,,,,,0.08164133059927117,0.04211030003969487,,,,,,0.00037722199517152305,,,,-0.09690011449588527,
50.5,,,0.034288259379324254,0.10080999011540874,0.016253590177314575,-0.07324586856889578,-0.03488497347155246,0.08521058427176893,-0.05885809571529549,,,-0.05068000573158112,-0.08436993798195375,0.07253340645184356,0.0624910515268926,-0.05415005925545525,,-0.06495523093759939,-0.0014503719638270705,-0.011036613917598949,,0.00831497994836009
50.79681274900398,0.09955684444553238,-0.06767172060049642,,,,,,,,-0.02050464548864298,-0.037364620399627985,,,,,,-0.12941926230334738,,,,0.17385165194567267,
51.0,,,0.10329924216589309,-0.06838713548243536,0.029906855072594926,0.0021570028349877984,0.07489438008258525,-0.05810838755348608,-0.048842089987088125,,,0.16427436032379047,-0.04764105683746026,-0.14391403295614189,-0.08244445842829128,-0.026698116464647172,,0.005056779717366402,0.02955568567796241,0.04864559503371231,,0.03349645162052111
51.29482071713147,-0.020755798408214877,0.02658654851777124,,,,,,,,0.047708815262279096,-0.05402206309748799,,,,,,-0.04020453930487247,,,,-0.04048675392484853,
51.5,,,0.0667367189112877,-0.04578207427279291,-0.08296789979878416,0.009030708317043168,-0.07375554225075946,-0.11614097657350993,-0.038773348174258856,,,0.03713423523553581,-0.003703415353633624,0.010352154586459977,-0.0033302707883959624,0.05604106934311276,,0.012169037755962267,0.01879081622655387,0.05475328746248835,,-0.12209539081437448
51.79282868525897,0.005575190520407929,-0.03283225695322774,,,,,,,,0.07386187448531738,-0.19925651002157035,,,,,,-0.0498443276792366,,,,0.026051158243133993,
52.0,,,0.054496675291734825,0.15588499321734847,-0.012255609651064531,-0.03579243636679003,-0.08983986108014803,-0.04621789895385666,0.0050458527844343005,,,0.08874722044245249,-0.0033818289209808046,-0.04433170149489832,0.10702746535313751,0.043382861031184626,,-0.02034454211937272,-0.120604124197548,0.012313981176829834,,0.09883885477967165
52.29083665338646,0.07949010004666633,0.051854279472319374,,,,,,,,0.012032855668211117,-0.004572070630619025,,,,,,-0.03821471387027198,,,,0.05757137128988194,
52.5,,,-0.1193775121027954,0.0905422028096097,-0.04816771596368989,-0.1311431136279511,0.14061026531154802,0.0756854554520551,-0.02668293199203754,,,0.12459171699950781,0.007452816852824435,0.017182762698978185,-0.12323981712755883,-0.06192238424560796,,-0.010979740027273614,-0.02820506692242858,0.11312764317103917,,0.11695301806584292
52.788844621513945,0.05243133665343383,-0.08203490430462806,,,,,,,,-0.0900551692938018,-0.029943250279165508,,,,,,0.036534096660172564,,,,0.10981005974001018,
53.0,,,0.02842240460820709,0.1396599969734907,-0.08351226612006175,-0.008694010194376102,0.00735185224930638,0.020129589964184978,0.14086473423468537,,,0.11446560486171496,-0.018293569288050576,0.058921450921703485,0.01838058406897835,-0.039880473182310215,,0.07952699591226395,0.060978477978299826,-0.013686385720087992,,0.13638061512955352
53.286852589641434,-0.03484838153403428,0.07587263918725433,,,,,,,,-0.06449988912040298,-0.03873012969726357,,,,,,0.10855238741560817,,,,0.15085909842349768,
53.5,,,-0.0524464098385654,-0.1392393608713984,-0.06261849859471216,0.1228441141166323,0.052141358874711496,-0.07193282501150647,0.18174783594993676,,,0.10054971749196615,0.19177049548574096,-0.043082479555823866,0.0480223693785671,-0.00018443252389479633,,-0.09791415294012921,0.06941462376177297,-0.005818018395513468,,0.08128049196944812
53.78486055776892,-0.0989508855513522,0.009347271349939087,,,,,,,,-0.05379577399972174,-0.01454696290465936,,,,,,0.06488985276235035,,,,-0.08738233674032402,
54.0,,,0.21586241456789426,0.0029520649412757187,-0.05986087460083716,0.10832991506870938,-0.07286809016363649,0.05628883655099302,-0.06246734581158242,,,-0.08267687960040415,-0.04824623775662533,-0.05115460019694873,-0.068272104856637,0.12255400561923747,,0.05670753144075712,-0.22178591503183914,0.0458472598528408,,-0.08662001325479975
54.28286852589641,0.024640253435473734,0.00936965752291622,,,,,,,,-0.043509001531711465,0.025208148732820915,,,,,,0.06339402465254611,,,,0.21142405035621487,
54.5,,,-0.14890403135940447,-0.12484182743793971,0.09515117805638787,0.04705138583840119,-0.04220694508326821,-0.02567587341086084,0.06952458437342954,,,0.11663195796864305,0.030606000180151336,0.06276976627415425,0.017434517586952945,-0.07630134622473098,,0.10234016636520436,0.11838787587303778,-0.019298439545855646,,-0.002788204559450359
54.78087649402391,0.015779854906256725,0.09785551767684234,,,,,,,,0.08094944227266256,0.11471137169268447,,,,,,0.00706556021978801,,,,-0.05968121742050192,
55.0,,,0.02971523751190441,0.059672932020939706,-0.047121344517893765,-0.08891960929801415,-0.04194373374258186,0.016067808809377655,0.1695096882850309,,,0.012664250446722664,-0.13070923137092558,0.05842080707708182,0.02932578435251285,-0.08253771464660986,,0.09738777688760465,0.0910025338461702,-0.03009109420326423,,-0.001047018018794557
55.278884462151396,0.016637134686854835,-0.17968491785660654,,,,,,,,0.084112055495534,-0.012328156670804715,,,,,,0.026374982839517357,,,,0.061202501309057175,
55.5,,,0.022248421187009326,-0.06249612885872593,-0.157719568396196,0.10408232365732552,0.044259392341499074,-0.06345476541714644,-0.003620344290847406,,,0.10854565218010842,-0.11201214840221019,-0.008096259059639002,0.08613073388671429,0.04802116160405689,,-0.20560984928335577,-0.00514045305418477,-0.12019219809105151,,-0.07079768318121588
55.776892430278885,-0.04679155829461561,-0.019371556243955056,,,,,,,,-0.004578221834106408,0.10084381976946208,,,,,,0.062315236455406486,,,,-0.020623392110862455,
56.0,,,-0.027190133008443963,-0.09479124789492586,-0.034550010837583654,-0.08371114422008379,0.03669056457101895,0.008340144704249609,0.05005199267260394,,,-0.1437426917905345,0.12204200610709118,-0.11672512054634544,-0.03158975785060307,-0.04462823653683712,,0.048871645471370746,-0.051407711527881914,0.037756399609349366,,-0.01968512962382706
56.27490039840637,0.005114914393616436,0.1332380396047012,,,,,,,,-0.07089630221588918,0.0567319564068132,,,,,,0.013925237138720584,,,,0.14133780566481996,
56.5,,,-0.022556394625466242,0.04532440810545303,-0.05399835121899623,0.05877725733003591,-0.01847369697852537,-0.06786186853382423,0.1257544550659237,,,-0.030955450985153024,-0.15090729241154294,-0.04113776434628801,0.03688257324233649,-0.13215171483127444,,0.0511645361619766,-0.062327074939855134,0.10380511784219797,,0.02090957852527131
56.77290836653386,-0.06994265252794503,0.046981475494242204,,,,,,,,0.04908496163033055,-0.11116415005123936,,,,,,-0.18788192428182426,,,,-0.07691347617390767,
57.0,,,0.08437347959308664,-0.13924989665908233,-0.05549825331620991,0.06672022410573948,-0.004416189012561053,-0.12594391201196417,-0.07953055070083992,,,0.004347645571256108,0.014782146054614271,-0.0912501532541884,0.08467585530245599,0.11128385482281765,,0.0012302766091480846,-0.23587285323800697,0.04885270343884995,,-0.13314077851122677
57.27091633466136,0.08493515544971646,-0.04318385589020921,,,,,,,,0.14549579697849332,0.046940376014806016,,,,,,-0.09857001162067884,,,,0.17902298471215822,
57.5,,,-0.10355765910081942,0.017672796935820804,0.03917756866176096,0.08586414685501334,0.046322201500685056,0.04326151752020487,0.15622097951692396,,,-0.04907538954829063,-0.16292966768857667,-0.06652301102710081,0.028472202733469707,0.07128115777067598,,0.12487412958921354,-0.084665146285125,-0.009457990491034775,,0.030996626841237652
57.76892430278885,-0.025506959009368186,-0.05282892292076226,,,,,,,,-0.07039637232466565,0.031039603822722854,,,,,,0.11967908112454646,,,,0.0641343074912522,
58.0,,,0.1144463383046098,-0.00830384110740721,-0.02125150805740707,0.019472217750770383,0.01606308031247139,0.06552934374231956,-0.026017895889535653,,,-0.056261872441662364,-0.11037097763385158,-0.03920971989140573,0.08614528834953586,0.08015580718335728,,-0.1337577225210075,0.11035015838089132,-0.012185399251506652,,0.16379540483796323
58.266932270916335,-0.08248195933965066,-0.07065265509142418,,,,,,,,0.09470404939485,-0.09031082037523128,,,,,,0.017229735005126548,,,,-0.21236036494358757,
58.5,,,0.06634171705911185,0.02791039234465032,-0.09415724757271338,-0.06822866382309811,0.059885412284356274,0.032897812951165235,-0.05901209567625081,,,-0.03074657230573329,-0.002812292817239959,0.11146762910292231,-0.07419634367341205,0.04684120282765598,,0.10851721796981774,0.009783398908314882,-0.062285495997275536,,-0.027464856404548196
58.764940239043824,0.024304621004285612,0.10616484396786174,,,,,,,,-0.10449380049527308,0.032628075685223565,,,,,,0.08422888862511821,,,,0.09400011982746433,
59.0,,,0.10076477972965352,0.06589606138147679,0.06672648228034964,-0.04464881724625255,-0.03202221568679759,0.016901939867444375,0.02504616496249937,,,-0.06863318540667503,0.03193163045150595,-0.04179447129225374,0.012396716600075434,0.14036921801151062,,0.14174905317230035,-0.0032119586775123735,-0.07938119800244511,,-0.05003353676915677
59.26294820717131,-0.03428734308081043,0.07083447272224382,,,,,,,,0.02272301783049093,-0.07795772841271967,,,,,,-0.021341563603515253,,,,0.014764057794964916,
59.5,,,-0.005057809421552581,-0.1741897166197955,-0.12317887297363964,-0.07523415015416335,-0.04848865474157089,-0.06001948168152514,-0.03406917234952312,,,0.08457568229318882,-0.011738635200195566,0.048656187795067946,-0.03441253327670996,-0.027076511637485725,,-0.06767609217873365,-0.09957432124033086,0.09202971196922005,,-0.09923845634253099
59.7609561752988,-0.015051234785732562,0.0014899133296909222,,,,,,,,0.05519535496409906,-0.04386919138232773,,,,,,0.07564349411697653,,,,0.12140881537045377,
60.0,,,0.055587064882785066,-0.03720442307565221,-0.003084584073694199,-0.0028199886703221904,-0.08706079520272396,0.058308795400321106,-0.007207479764402832,,,-0.1605516143726541,0.06489878856833338,-0.09384355366314875,0.06077785765867522,-0.16165289653644901,,0.015406285995981539,-0.01929758658594432,-0.07239880115674584,,0.07123518830263467
60.2589641434263,0.07521129389785922,0.019493238771845868,,,,,,,,0.023176791542228806,0.0417469261621105,,,,,,0.028628105952855996,,,,0.05447129182556869,
60.5,,,-0.012718065652194984,0.017239668491279107,0.01889217583711152,-0.005211711441370162,-0.11014394505906998,-0.05511461039090953,-0.009394325766212266,,,0.006008728819553185,-0.07177010060259399,0.034334740142845974,-0.024152691844883587,-0.0498730151560673,,0.13393320377351348,-0.04592064589927583,0.02742526745349232,,0.035395909902745964
60.756972111553786,-0.07276450442435736,0.034137593789766406,,,,,,,,0.07633188166697492,0.03173713509832381,,,,,,0.08077385326681481,,,,0.012923579142182668,
61.0,,,0.005356498385980833,-0.08044994807780559,-0.08469789229177836,-0.06446696304300449,0.04774525344541092,-0.13658876089799002,0.11782956481111172,,,-0.0678245772372149,-0.06589348418797637,0.021925665997281796,0.06477478639652648,0.07308608910999077,,-0.06075115764829223,-0.05048158903325392,-0.03847533556618406,,-0.21033687800704662
61.254980079681275,-0.03736292051787606,-0.004581024323400222,,,,,,,,-0.04249139054819185,-0.02735761485130992,,,,,,0.0813848219411132,,,,0.020546183279428507,
61.5,,,0.011410397607391107,-0.04784389901819931,-0.024256960094017625,0.039232215179236966,0.024309806630649078,0.05340976027293692,-0.06784739172820348,,,0.02487889797379636,-0.041248571983568544,-0.0042936144907087985,-0.05210579101517993,-0.13763881677047277,,0.00203192477005464,-0.02877104725283494,-0.05730456973455402,,0.11847968263225882
61.75298804780876,-0.03919856673545727,0.015098453385095982,,,,,,,,-0.02543445385032211,-0.010507594733471721,,,,,,0.07550986611621263,,,,0.17740577130153842,
62.0,,,-0.15125062494140035,-0.07867990421535818,-0.06845669184570877,0.04698459323406717,0.09703200474999137,-0.0659098896341885,-0.11745840138361117,,,-0.060271524518516174,0.08543221382951675,0.2082025633689898,-0.14163532038994164,-0.07510853663703647,,0.04801508483817571,0.0356380087418495,0.07017657439332493,,-0.1530248197787288
62.25099601593625,-0.026462838148500967,-0.05386232561240771,,,,,,,,-0.0958450918345,-0.03518280847260102,,,,,,-0.053561038124158473,,,,-0.06136417289109315,
62.5,,,0.0697174246459384,0.07963549986800993,-0.08915816745541576,0.017041632382319184,-0.0016173162830806463,0.043018327428390325,-0.05499507814702434,,,0.04640529894700969,-0.04889287003008561,-0.09424277579302538,-0.09061014925197958,-0.01727434499472814,,0.04224827059827196,0.07080644347867507,-0.005169128320976694,,0.017569867576104573
62.74900398406375,0.028555039096600853,-0.1607674528546168,,,,,,,,0.025567347986396764,0.024120394846649188,,,,,,0.03883300367130221,,,,-0.017029278688832333,
63.0,,,0.031213253460872063,0.0885388730673948,0.022727764458399212,0.09447300941489571,0.047734015281807866,-0.07007375551266655,0.007657338810380437,,,0.040028380982755386,0.04028830386861972,-0.11490242881628845,0.05146147739068659,0.13505986079618781,,-0.12285289796786554,0.06339530635082449,0.005820123559433965,,-0.09441992395813538
63.24701195219124,0.006601118182296587,0.05132172429659866,,,,,,,,0.17681358627645494,-0.03243617712962959,,,,,,-0.017153168033332944,,,,0.05424982383902222,
63.5,,,0.029129712843768894,0.05111099464432687,0.04507002694528007,0.0047896384902984075,-0.012895484339929405,0.005203035161021446,-0.06071643107915045,,,0.040776747588373664,-0.1022777346530334,-0.10229191648193811,-0.11467360912261401,0.017280750627945964,,0.045291243118158075,0.032490201797332925,0.023989851699553578,,-0.0451415868238175
63.745019920318725,0.0179880843828811,0.07172616745113612,,,,,,,,0.014148438543604256,-0.02536416326629798,,,,,,-0.00023571959102123497,,,,0.003343761625799386,
64.0,,,-0.03474944147514309,-0.11156196070054498,-0.044969351794076615,0.008482859460767664,0.11694074394101069,0.028825915159115298,0.048970821651470584,,,0.01933666290172914,-0.009878121327036662,-0.10172888826968743,-0.012065532472562037,-0.06195839072294373,,0.007789315220970238,-0.011379364851824118,0.060590315564978646,,0.04701969204980314
64.24302788844622,0.008128370476098927,0.03506485064111736,,,,,,,,-0.07007360245134739,0.0040532998237186035,,,,,,0.04470301612182784,,,,-0.10971266902600699,
64.5,,,-0.018426988417806524,0.03614658094898512,0.025481139790812065,-0.03941611544534485,0.007064185982544965,-0.08665619055403549,-0.034688373517744224,,,-0.002430875673356073,-0.1962868320732047,-0.07872543266338917,-0.03205874991671437,0.031394969417462164,,-0.09483680606569092,-0.08734153741721454,0.01450123243491573,,-0.05697132635573161
64.7410358565737,0.07190859715608187,-0.011572254623617434,,,,,,,,0.09824381412535572,-0.06793278101472285,,,,,,-0.08225753069896002,,,,-0.11789937434130278,
65.0,,,-0.05589379776853028,0.08911456014502792,-0.12983455947838085,0.03760568903319134,-0.02494457907392144,-0.09935893659712514,0.024794785178156774,,,-0.0016414580583213256,-0.08572498168594266,-0.10929758358053701,0.109665694222904,0.03788488509656401,,-0.018859592774566312,-0.10588277795386482,0.08903620179076246,,-0.14949052332645923
65.2390438247012,0.0075639848991840095,-0.05597054409795795,,,,,,,,-0.04760248334416852,-0.016077423707914144,,,,,,-0.030279785146814887,,,,0.031154226174277825,
65.5,,,-0.02901660803484007,0.10628878825740042,0.03107733928839803,-0.08100879801930887,0.03900559827804314,-0.1426938056094044,-0.0351421711218989,,,0.03828729464425311,0.09742656771031898,-0.054236544878071204,0.025635935642069545,0.04897170770197417,,-0.12314514458739137,0.1329016491903775,0.035368382390086134,,0.18442457509782467
65.73705179282868,0.0131466409166581,-0.12649185551902592,,,,,,,,-0.12036484548184818,-0.04701115523464321,,,,,,0.11599104727330718,,,,-0.03488946076451849,
66.0,,,0.03081553934851368,0.11084582604849741,-0.15891861404357482,-0.10171182064638506,-0.036171555739313035,-0.11673611550936092,0.06957525543851907,,,-0.06780441491459717,-0.13055151688686314,-0.12561369609898645,0.1253143391077346,-0.01312786675376712,,-0.12190990829640341,-0.026292703726360268,0.02854454900053988,,0.16831424887045413
66.23505976095618,0.000789012006224324,0.05306144859764642,,,,,,,,-0.015418658033243654,0.0756924179312451,,,,,,-0.08162783187696587,,,,0.017095548054875512,
66.5,,,0.04992501837893006,-0.07995414778732762,-0.1023712255938866,0.007667823424689582,-0.04850719269470849,-0.011373452774320383,-0.08494907930235113,,,-0.06889157376547497,0.08876527945257175,-0.0485950187149918,0.001632045204237045,0.06864793313227296,,-0.08547405348423384,-0.055212973674295805,0.06320255180170493,,-0.08360396344566394
66.73306772908367,0.04890968038831066,0.0047491917284347065,,,,,,,,0.04463130370380643,0.03636179834482577,,,,,,0.06696025364834587,,,,0.09699301194234214,
67.0,,,-0.05928182301900609,-0.10347514041890227,0.028979953399640608,-0.03432831306142359,0.060073500592208,-0.009424308541226972,-0.04163445838543264,,,-0.11557272397121764,0.10687713592894083,0.07070007427708125,-0.0782162152465785,0.004011142768327672,,-0.06775947245129571,0.0668106342592525,0.05806805450984054,,-0.11720199086861195
67.23107569721115,-0.06430659806447538,0.09337135433082082,,,,,,,,0.027195396877826013,-0.0314676005116028,,,,,,-0.031211314772391825,,,,0.11098734364206464,
67.5,,,0.005626638178093334,-0.04114846671482495,-0.12778294836310564,-0.07068515522492211,-0.03898238395614769,-0.07297912493591333,0.0717595671652924,,,0.019166963260528788,0.09273120579796054,0.031144843875271663,0.17050098766949026,-0.0060877835723203,,-0.05989886157163881,0.14255185471259396,0.1535616229731287,,-0.052578655388466185
67.72908366533865,0.0734897386459358,-0.06085063254389835,,,,,,,,-0.013085102048802665,0.023681327716126428,,,,,,0.09461503917517453,,,,-0.13319934406265035,
68.0,,,-0.06521764844122231,0.014868550875745248,-0.01234260903066826,0.1382127575183876,0.0015944895184168808,-0.0658953949338522,-0.0021037502383777773,,,-0.007334625222345746,-0.013289326330418108,-0.05101695924112968,0.06240113244937828,-0.04448010631420704,,-0.15662342530550025,-0.06731036453151423,-0.052936986188981995,,0.15979739159852246
68.22709163346613,0.03424236739149233,-0.06112873903081798,,,,,,,,-0.06366681828641521,-0.0398591363216424,,,,,,0.015348328611162056,,,,0.056309595032150946,
68.5,,,-0.025406918294310653,0.022675690768472125,0.049304570371044416,-0.21610047356235904,0.1618511377852014,-0.16753393220845417,-0.03534215579031072,,,-0.03787160187564555,-0.0963546474714641,-0.0621253169558342,0.0027244663334327723,-0.14337196675226416,,-0.16937489686705073,0.020714434358163423,-0.07539317624646466,,-0.11575303011491833
68.72509960159363,-0.0759793865585787,-0.051125224503987585,,,,,,,,-0.10802510189232564,-0.08239847610668957,,,,,,0.08944962679023441,,,,-0.05275966153423117,
69.0,,,0.021549402906365672,0.009477809629231787,-0.0053955241015028075,0.13224123509617514,0.1314939698131121,-0.0533647092847078,0.12133179001323753,,,0.031305462802763556,-0.20921280425434427,-0.000393728471131282,0.026680606110111117,-0.048927404778276555,,-0.10095273923530346,-0.019454305899217126,-0.018925680021816334,,0.052200017656910146
69.22310756972112,-0.02951159884186185,-0.06720459666208607,,,,,,,,0.09082449346423278,-0.018977310317984695,,,,,,0.11890854242823926,,,,-0.041416023515760104,
69.5,,,0.11577775719133875,-0.05776943655518015,0.02743378746696441,-0.10206147960051443,-0.012999252740042313,-0.10290371655934619,-0.10336253010548827,,,-0.04038517662323552,0.047796068129613754,0.07244848515271306,-0.09751135845678699,-0.07353562869710509,,-0.09244992904827237,-0.09862305476679582,0.09262513626043675,,-0.004589632901121648
69.7211155378486,0.09769461848330027,0.08070368433319142,,,,,,,,0.16087160373355958,-0.10232848741116896,,,,,,-0.06940298640961048,,,,0.002665224949297959,
70.0,,,0.10250157065419009,-0.04227635974198883,0.03658818899043151,0.07345414211331366,-0.034427484334692664,-0.0011194181589904869,-0.014305542954285861,,,0.039355486558399634,-0.051395898217637126,0.02787837572407253,-0.018607983240186626,0.08552281376692605,,0.08752021564866362,-0.2523359913902265,0.05977893419598276,,-0.26615927891070623
