frequency_hz,FP1-F7,F7-T3,FP2-F8,FP1-F3,F3-C3,FP2-F4,F4-C4,T3-T5,T5-O1,F8-T4,T4-T6,T6-O2,A1-T3,T3-C3,C3-CZ,CZ-C4,C4-T4,T4-A2,C3-P3,P3-O1,C4-P4,P4-O2
0.0,-9.369338470285342,-3.698661134099126,-9.19487110715955,-9.615462273962905,-2.630538467825293,-8.594595124102405,-5.133141578522015,-1.476648929376149,-4.382777348557712,-4.883353460056149,-11.139100529869296,-10.302284427608926,-1.3605021505405877,-14.239036255919416,-4.106642934197758,-3.9811145760764384,-3.8693478947272504,-3.4558687242827375,-7.381229063845637,-6.648184677374031,-3.768156945964762,-2.9193340840702744
0.3943217665615142,,-7.615586619835954,,,-9.493910417826697,,-5.764850282507664,-6.62562212075454,-6.66418196131564,-9.763750510980561,-4.8334695768059746,-6.529110353632783,-10.02348822919648,-10.744874364932793,-6.114912162291506,-4.141804525996835,-12.478985121009751,-2.622277822604301,-7.921430918271472,-2.008868187118304,-7.691968206999415,-8.545751482412347
0.423728813559322,,,-4.991444405991373,,,,,,,,,,,,,,,,,,,
0.4340277777777778,-5.287356347242783,,,,,,,,,,,,,,,,,,,,,
0.4370629370629371,,,,-5.013362165922583,,-5.917112225349777,,,,,,,,,,,,,,,,
0.7886435331230284,,-10.078010783727143,,,-12.163044335345152,,-9.696289618462647,-14.820077030345184,-19.245144509223245,-11.799336043292863,-13.317414176728358,-11.34953990251002,-9.571513521162657,-12.23502363858339,-10.004703405541132,-14.842431395067209,-10.082343318532095,-10.813726433133695,-12.525962339871816,-8.182415200347616,-10.411312653642284,-15.114670859570492
0.847457627118644,,,-6.221171704284992,,,,,,,,,,,,,,,,,,,
0.8680555555555556,-7.86869547806974,,,,,,,,,,,,,,,,,,,,,
0.8741258741258742,,,,-7.607852882863585,,-7.070604324274077,,,,,,,,,,,,,,,,
1.1829652996845426,,-8.524075653053583,,,-14.540420067247103,,-10.897725079466108,-11.36889423147845,-14.733009317679237,-13.341951226228518,-10.489049760986026,-13.16996472938807,-9.415662979541727,-11.673660557500204,-13.183408061427997,-12.148155389412594,-14.532766627932757,-12.674959796890553,-15.779889085656464,-13.046546887295506,-12.272560605886609,-12.555624157318093
1.271186440677966,,,-7.8365109452223844,,,,,,,,,,,,,,,,,,,
1.3020833333333335,-9.29784618221492,,,,,,,,,,,,,,,,,,,,,
1.3111888111888113,,,,-8.873242025625451,,-9.136869237827497,,,,,,,,,,,,,,,,
1.5772870662460567,,-9.35254726219134,,,-18.502331082479365,,-12.606880878173452,-11.015624587741447,-15.19399879430481,-13.391695043823185,-10.69623556817299,-10.065358256583998,-17.775254983516067,-7.425217552458766,-16.995625822843394,-12.341744601070019,-10.901570246848399,-9.00956720925858,-15.575881179973791,-14.604581893306454,-13.854777002937587,-16.190483174761102
1.694915254237288,,,-8.620085774551422,,,,,,,,,,,,,,,,,,,
1.7361111111111112,-9.924944274746338,,,,,,,,,,,,,,,,,,,,,
1.7482517482517483,,,,-10.431953642408153,,-9.093807079657683,,,,,,,,,,,,,,,,
1.971608832807571,,-13.967642424513059,,,-19.951065396716764,,-14.93176854815442,-15.001368405723705,-14.783910504788143,-17.49856195422356,-8.610973048122082,-14.768903951720949,-11.65475708748582,-16.187078218874394,-17.506644879968906,-13.258226456039777,-13.967164486615559,-9.598839405737854,-20.42461816318465,-20.07586959589557,-18.7992182875906,-17.61727204023392
2.11864406779661,,,-10.86469507576105,,,,,,,,,,,,,,,,,,,
2.170138888888889,-12.198012257922404,,,,,,,,,,,,,,,,,,,,,
2.1853146853146854,,,,-11.474321468773365,,-10.372628685408921,,,,,,,,,,,,,,,,
2.365930599369085,,-10.632288745661475,,,-17.944338815614703,,-16.43467244022455,-17.64781445907207,-19.994676117019296,-13.43881902950406,-13.490107602902391,-12.971154046287449,-19.688468586622353,-13.2652812359542,-15.342134475343228,-10.711380974599399,-13.500804745107017,-14.253691011036784,-15.112990363160245,-15.204065437688135,-12.390639847528162,-14.916629310866535
2.542372881355932,,,-10.023895566512685,,,,,,,,,,,,,,,,,,,
2.604166666666667,-12.32083069480551,,,,,,,,,,,,,,,,,,,,,
2.6223776223776225,,,,-12.118093369814524,,-10.822739418274859,,,,,,,,,,,,,,,,
2.760252365930599,,-14.343900014493128,,,-20.61140517752028,,-15.87850198541645,-18.285130443807052,-21.6285610922586,-13.905557588666733,-15.701636476552991,-13.940637542737699,-19.979460577912263,-16.157346081983416,-19.449772803253307,-15.910915054139485,-17.010590138129487,-11.482263088655925,-21.260176965005197,-17.656760618239367,-16.081614066026702,-15.759792905187345
2.9661016949152543,,,-12.675649831787204,,,,,,,,,,,,,,,,,,,
3.0381944444444446,-13.361554449520385,,,,,,,,,,,,,,,,,,,,,
3.0594405594405596,,,,-14.218811314660325,,-14.035046871486191,,,,,,,,,,,,,,,,
3.1545741324921135,,-16.28878514474959,,,-24.867859100649273,,-19.477374852772098,-18.674197909821544,-22.524607067371846,-19.34176527458644,-13.811359143312403,-14.6926963947303,-16.055043279479904,-16.603901326663117,-19.273427639383403,-14.447395475563875,-19.31137802143127,-12.410030375643707,-19.03686537387667,-16.089365291795104,-16.160845638931203,-16.70264584694891
3.389830508474576,,,-14.006882754246785,,,,,,,,,,,,,,,,,,,
3.4722222222222223,-15.844664332625031,,,,,,,,,,,,,,,,,,,,,
3.4965034965034967,,,,-16.319876200332626,,-15.230563576915161,,,,,,,,,,,,,,,,
3.548895899053628,,-15.628259413804583,,,-24.097786920780266,,-20.024430921853412,-19.740520979322447,-24.691185791320752,-16.89055558167622,-12.959812441630994,-14.506517301544179,-18.641445648250677,-17.12566089741411,-20.12607718333467,-15.742743881820294,-16.011408428650324,-17.139380818265128,-22.807499873213118,-18.080136875066174,-16.90732425986228,-17.23190445706025
3.813559322033898,,,-15.807497032077356,,,,,,,,,,,,,,,,,,,
3.90625,-16.96425759939553,,,,,,,,,,,,,,,,,,,,,
3.9335664335664338,,,,-15.832030850243285,,-15.97062190702217,,,,,,,,,,,,,,,,
3.943217665615142,,-19.1656580428928,,,-23.09707158386148,,-20.17227582931103,-25.509645562817497,-22.27160560206287,-18.30476330334464,-17.66101645216385,-18.142298352974898,-19.145295985096883,-20.93057434356221,-20.110094830110288,-16.65396490395565,-16.414048628697817,-16.549357015871717,-20.952346766465237,-17.660546094902205,-19.287325802730646,-20.595596101852767
4.23728813559322,,,-16.08663467564931,,,,,,,,,,,,,,,,,,,
4.337539432176656,,-20.964927636865497,,,-26.212311746478186,,-19.415979293633075,-21.244150350225492,-23.569502719661457,-19.688287460742735,-20.076096222792547,-14.146021777497747,-21.93736299151416,-18.55713329347685,-21.374566438387998,-17.342803411410436,-17.34422800052953,-21.762079227932755,-20.68187458989519,-21.37971718837162,-21.73372776216082,-26.993169227075647
4.340277777777778,-17.020153880669675,,,,,,,,,,,,,,,,,,,,,
4.370629370629371,,,,-17.16492876763162,,-15.85159353897862,,,,,,,,,,,,,,,,
4.661016949152542,,,-17.75362660031276,,,,,,,,,,,,,,,,,,,
4.73186119873817,,-19.406760223093464,,,-27.068494720685727,,-22.564725619466344,-22.133958496301855,-25.38372292622957,-22.11984002267344,-17.149051213559165,-21.332526050991397,-19.166016211530515,-20.055936055226187,-24.907940103890308,-18.875662790377564,-21.767725624898407,-19.209583700560945,-23.928452265193158,-24.800232833459315,-23.522958936557277,-25.429835074876372
4.774305555555555,-20.26043052874455,,,,,,,,,,,,,,,,,,,,,
4.807692307692308,,,,-19.861118394718602,,-17.98523103593571,,,,,,,,,,,,,,,,
5.084745762711864,,,-17.600418095663716,,,,,,,,,,,,,,,,,,,
5.126182965299685,,-20.5815067468932,,,-26.082751568254015,,-20.074647806469248,-27.186183068378384,-26.280810839484992,-20.655636220595778,-18.568523718064878,-18.243775616848303,-18.650291230078356,-21.353615020283513,-25.23290273858608,-16.995315344818355,-19.77372275702805,-20.094182299920266,-25.889928208070387,-28.59005267093429,-18.68483385510484,-23.79454864746997
5.208333333333334,-19.83083174622103,,,,,,,,,,,,,,,,,,,,,
5.244755244755245,,,,-20.424535998822794,,-19.585425227798837,,,,,,,,,,,,,,,,
5.508474576271186,,,-18.916520478659073,,,,,,,,,,,,,,,,,,,
5.520504731861198,,-18.52502648474829,,,-22.98481485719182,,-23.300823941656933,-21.372826759089723,-26.19133455233462,-20.249160368307717,-20.438259527837527,-23.64933498370114,-24.010751107565344,-21.223790335748593,-23.193388460088773,-17.301430772112933,-19.84507449030122,-20.04167681805274,-23.090901191266724,-24.889176382591522,-19.79929731123111,-26.054960818125245
5.642361111111112,-19.67934867690061,,,,,,,,,,,,,,,,,,,,,
5.681818181818182,,,,-20.85199053485156,,-19.9226204620633,,,,,,,,,,,,,,,,
5.914826498422713,,-23.5647531105351,,,-26.21133274740671,,-23.066226112353018,-22.263202593610732,-24.252939526133666,-22.24244432015325,-21.83201282764716,-17.725215237314856,-22.22948613464023,-20.909480887215995,-25.527594557574186,-18.206384978396738,-20.471245947817014,-20.3219511182407,-23.918196603206713,-23.01005396007408,-19.715412153838457,-23.92260926765615
5.932203389830509,,,-18.944690389788253,,,,,,,,,,,,,,,,,,,
6.076388888888889,-21.67069671308604,,,,,,,,,,,,,,,,,,,,,
6.118881118881119,,,,-19.366463318267737,,-18.92473802709167,,,,,,,,,,,,,,,,
6.309148264984227,,-19.00459750827292,,,-24.71865805330049,,-18.243991548784113,-22.751328465033186,-18.815603977234666,-24.85148218056757,-13.343478243149159,-15.681072656967945,-17.795282508257504,-18.23893884530975,-28.059384877721175,-17.379218384874687,-16.87606926009693,-17.208847002632375,-23.96401914319783,-20.66249996274636,-23.54121016495377,-19.240445402014366
6.3559322033898304,,,-20.965014160718557,,,,,,,,,,,,,,,,,,,
6.510416666666667,-21.594690780666348,,,,,,,,,,,,,,,,,,,,,
6.555944055944057,,,,-20.174087222572652,,-19.05757322816306,,,,,,,,,,,,,,,,
6.703470031545741,,-23.323438189456997,,,-25.44963791653949,,-20.021124422192752,-26.779123007777287,-21.312198216284578,-21.105639781939335,-18.565010515963646,-15.658333218929233,-22.352309780216757,-22.1073806207876,-23.184808782330876,-21.16461600372928,-19.433285467222277,-20.94223321863053,-23.431792825268843,-20.079855022681244,-22.685830967896266,-20.11058402847693
6.779661016949152,,,-20.854040196689848,,,,,,,,,,,,,,,,,,,
6.944444444444445,-21.164181347571944,,,,,,,,,,,,,,,,,,,,,
6.993006993006993,,,,-21.411030622352147,,-20.987140475533998,,,,,,,,,,,,,,,,
7.097791798107256,,-21.848871207330344,,,-26.106459261621616,,-18.60460728124168,-27.37268995441241,-25.55151156470375,-20.232327886745168,-18.905598148416217,-18.07444284058841,-21.251301261717995,-23.806218699167562,-28.618640315868245,-16.51073544984082,-19.678527181404963,-19.790015005757724,-25.549305817263193,-26.189658949484443,-18.1777878226311,-21.871435014792393
7.203389830508474,,,-19.158108898419187,,,,,,,,,,,,,,,,,,,
7.378472222222222,-23.09562915171664,,,,,,,,,,,,,,,,,,,,,
7.43006993006993,,,,-22.193380806861832,,-21.048279275600123,,,,,,,,,,,,,,,,
7.492113564668769,,-24.29565734144266,,,-27.80001511463555,,-22.32245940583388,-26.04053845039748,-24.775752091647803,-23.257157127557463,-16.903084708624004,-20.141865910406302,-25.448728268208196,-25.7617485217125,-24.56036403726027,-20.068640351377294,-18.96932619012797,-18.28830998516311,-29.118732869750406,-25.964530071355064,-24.367000500403858,-22.493476959742075
7.627118644067796,,,-20.849983892110522,,,,,,,,,,,,,,,,,,,
7.8125,-23.942207124687016,,,,,,,,,,,,,,,,,,,,,
7.8671328671328675,,,,-22.31892351777183,,-20.639705844175076,,,,,,,,,,,,,,,,
7.886435331230284,,-20.493050263315613,,,-26.815027992093576,,-18.63203110058078,-23.62186988928653,-23.400200807950135,-18.832678046225002,-15.161899915487858,-20.679581899821265,-18.65838647584361,-19.609291755926268,-26.620350222321807,-16.460544850161266,-18.378494002457668,-21.40829033213924,-24.890776686513405,-27.502077834119696,-19.793586589985882,-22.516242250200868
8.050847457627118,,,-22.24361069815011,,,,,,,,,,,,,,,,,,,
8.246527777777779,-25.052525605566295,,,,,,,,,,,,,,,,,,,,,
8.280757097791797,,-24.469150005911935,,,-27.213091806459527,,-22.315117240758948,-24.840725303024882,-24.650890280431724,-20.313519502472605,-21.44612280464371,-18.310479370549086,-21.577395506134014,-24.397452446170366,-25.930670658534083,-21.663123018494456,-19.437853024449414,-17.651151588989347,-25.87341705953692,-24.722701805261448,-19.925492185142883,-23.90055455326681
8.304195804195805,,,,-23.76239171269011,,-21.821800500927267,,,,,,,,,,,,,,,,
8.47457627118644,,,-23.80947611718079,,,,,,,,,,,,,,,,,,,
8.675078864353312,,-20.834204972269326,,,-24.435039363081607,,-20.86166056134917,-25.625554266834342,-25.693338897358228,-21.500928778535126,-18.755381654291032,-16.75794881633381,-21.752118656561716,-22.951217345813955,-25.022056160927757,-14.936514962782539,-17.096389293814116,-19.529034224303157,-26.604415371719437,-20.625700449663267,-20.539751325526677,-20.73034548779568
8.680555555555555,-25.167153058665146,,,,,,,,,,,,,,,,,,,,,
8.741258741258742,,,,-23.3821479842214,,-22.1984558414256,,,,,,,,,,,,,,,,
8.898305084745763,,,-23.71317117682066,,,,,,,,,,,,,,,,,,,
9.069400630914826,,-19.75492582203815,,,-25.9406682123074,,-17.781953168217417,-26.71375897145185,-24.24249726091079,-20.011788029167494,-14.24980008678618,-15.135947126715852,-27.477437139891787,-22.277776270527152,-26.92454485863159,-13.500722236489942,-17.777760568890226,-16.683519906072576,-27.315666570449952,-24.06341574365822,-19.877494976406602,-20.95111706506592
9.114583333333334,-24.563822047383212,,,,,,,,,,,,,,,,,,,,,
9.178321678321678,,,,-24.5590998869249,,-23.164996266744915,,,,,,,,,,,,,,,,
9.322033898305085,,,-24.044301767445923,,,,,,,,,,,,,,,,,,,
9.46372239747634,,-21.41898178216182,,,-28.510632579501333,,-20.594442705751934,-23.369962472828632,-26.024932808134444,-22.07085744997308,-18.66896049753419,-16.718558363698264,-21.294448600599996,-23.277697141890958,-25.80376584865677,-15.652776379060237,-17.594578093713448,-16.681208898064728,-24.720489114458516,-26.01713645882021,-20.00963828686517,-20.16903726876986
9.54861111111111,-25.49831004180569,,,,,,,,,,,,,,,,,,,,,
9.615384615384617,,,,-23.863280951364786,,-22.667935050003948,,,,,,,,,,,,,,,,
9.745762711864407,,,-23.678418988655356,,,,,,,,,,,,,,,,,,,
9.858044164037855,,-25.65892627077934,,,-26.392088159217973,,-22.640997236062667,-25.021002407759358,-26.091591956737005,-25.786932946991744,-25.649109364891117,-16.917188169141095,-21.904558963241204,-23.31216027210139,-23.314926250602387,-19.054708780371104,-20.17536543846717,-22.468495766932836,-24.714835472849554,-24.547170527874364,-29.183168364409656,-25.727832875500166
9.98263888888889,-26.101689333976935,,,,,,,,,,,,,,,,,,,,,
10.052447552447553,,,,-26.22455759968642,,-25.138432157630533,,,,,,,,,,,,,,,,
10.169491525423728,,,-24.1227533053095,,,,,,,,,,,,,,,,,,,
10.25236593059937,,-23.42201274481293,,,-27.54550146558295,,-23.914765163047267,-25.33400344898897,-25.71340195165583,-23.294001830533634,-17.475211552468267,-17.15654890315548,-21.766544490464256,-25.153832702069575,-29.102619453974686,-22.857327270288305,-20.33192381225172,-21.39779647867377,-29.751167736543596,-25.00600592388019,-25.13875894299378,-22.84186371725901
10.416666666666668,-26.1561598804796,,,,,,,,,,,,,,,,,,,,,
10.48951048951049,,,,-24.319722788798128,,-23.48266642368472,,,,,,,,,,,,,,,,
10.59322033898305,,,-25.866798817293272,,,,,,,,,,,,,,,,,,,
10.646687697160884,,-20.71580592439119,,,-26.30270109867686,,-22.47021092139052,-23.742218677538148,-20.9137990339918,-25.691082223124074,-20.82997610482779,-16.808719055543165,-23.684751161358278,-21.067606130015193,-28.82538439554993,-17.72401560825224,-21.948689938298838,-22.68099130376528,-25.173304050764234,-20.776862529635277,-19.242202870231814,-19.494699358849697
10.850694444444445,-27.16227450484464,,,,,,,,,,,,,,,,,,,,,
10.926573426573427,,,,-24.769370021860585,,-24.691150777533352,,,,,,,,,,,,,,,,
11.016949152542372,,,-25.417662262383008,,,,,,,,,,,,,,,,,,,
11.041009463722396,,-22.331571324482887,,,-27.595993728322092,,-24.068799550769086,-24.694672242539482,-25.67546093890535,-21.688216269230043,-15.618998204246003,-16.817872696116588,-23.307945433050264,-20.979491582258856,-24.991212283510492,-19.32154779088476,-20.212919754788015,-18.419502843389058,-30.569436345235648,-23.415161453264083,-20.560647486525124,-20.04242689544612
11.284722222222223,-25.94957494385936,,,,,,,,,,,,,,,,,,,,,
11.363636363636363,,,,-26.756126143551068,,-25.193575698088384,,,,,,,,,,,,,,,,
11.43533123028391,,-26.502139416444685,,,-27.53807822846153,,-22.876156561945884,-30.191565478390647,-29.437943388560928,-22.526223377371537,-19.48914475528321,-22.34042401917833,-23.005625340642286,-22.013812859225553,-24.838996846621338,-17.607788601655113,-20.289346538559712,-20.307430723951644,-26.213265450550665,-22.609069073289803,-21.32152201741157,-25.472672576343548
11.440677966101694,,,-24.243004179849347,,,,,,,,,,,,,,,,,,,
11.71875,-27.278742476357454,,,,,,,,,,,,,,,,,,,,,
11.800699300699302,,,,-27.06989642299967,,-25.881291541988286,,,,,,,,,,,,,,,,
11.829652996845425,,-21.181964408057546,,,-28.835603534397837,,-22.898159421596624,-27.856030077065174,-24.088903500004683,-22.30219761618277,-16.38489655527756,-17.816099294524037,-23.036617133587896,-20.91981497076851,-27.241633074851524,-16.0906485524908,-18.991236361483434,-19.177972163223416,-26.742919438313482,-23.882933899412357,-18.810082667740158,-24.970018611378016
11.864406779661017,,,-24.95548751968254,,,,,,,,,,,,,,,,,,,
12.152777777777779,-27.7498580419008,,,,,,,,,,,,,,,,,,,,,
12.22397476340694,,-20.086977066698612,,,-29.292060628367647,,-24.248044861429257,-26.162121365079482,-24.33537595726029,-21.426502390341057,-17.921646940308793,-19.238076849776455,-23.026565007549834,-18.793948311762463,-23.798364602845453,-18.45206650606422,-19.049071767330314,-20.081597655438433,-23.086159034994893,-20.95018393721845,-21.682434626293755,-22.301852627659436
12.237762237762238,,,,-25.59220111120771,,-24.21518747025723,,,,,,,,,,,,,,,,
12.288135593220339,,,-24.57573410588139,,,,,,,,,,,,,,,,,,,
12.586805555555555,-27.19943593675341,,,,,,,,,,,,,,,,,,,,,
12.618296529968454,,-23.09671432911938,,,-24.88058303606041,,-22.208516325417115,-25.817446996114796,-29.451629275847495,-24.778431167827176,-19.811213565835292,-19.36836263518282,-18.868168035277893,-20.555600220645747,-22.678071752467655,-19.269266307274837,-20.732209203585807,-19.97000241116373,-22.566727387807138,-21.57873208380406,-20.097167216718887,-21.01274656680127
12.674825174825175,,,,-25.42295413292223,,-24.7124702870412,,,,,,,,,,,,,,,,
12.711864406779661,,,-25.711026875425073,,,,,,,,,,,,,,,,,,,
13.012618296529968,,-24.666967278475664,,,-26.371974463387946,,-24.922013623381055,-24.954861763110202,-24.550803690165445,-21.23484831866376,-18.604753767714495,-21.546204569953357,-19.223334794995633,-21.908428370337294,-22.75426110557062,-20.768551519844724,-23.534850099599524,-21.51540854588046,-26.06912360778273,-26.534858712206915,-24.16937177875255,-23.61073409873459
13.020833333333334,-26.9698473520788,,,,,,,,,,,,,,,,,,,,,
13.111888111888113,,,,-26.59550611129175,,-26.059651695720028,,,,,,,,,,,,,,,,
13.135593220338983,,,-25.0369110394451,,,,,,,,,,,,,,,,,,,
13.406940063091483,,-21.749766034925916,,,-28.207664022741163,,-21.777979922640707,-21.705788052308844,-22.387475121492294,-23.549489990207494,-16.60592442253619,-21.60620707789195,-20.539841563580385,-20.663299018270603,-24.575817699180437,-20.717863789435167,-19.667526902455847,-18.841932315016134,-26.1739162307879,-19.519477184761126,-19.785698436002363,-19.39217940763306
13.45486111111111,-29.678349564676093,,,,,,,,,,,,,,,,,,,,,
13.54895104895105,,,,-27.684415592870618,,-25.58819199435479,,,,,,,,,,,,,,,,
13.559322033898304,,,-26.1730835365306,,,,,,,,,,,,,,,,,,,
13.801261829652997,,-23.116820976568015,,,-27.39109815636429,,-19.687307417536395,-26.49872159017131,-23.640422642566925,-23.579851801123073,-18.074448489660956,-19.588769419605374,-23.315860178923113,-22.786617149324353,-23.646840778781996,-18.77618537976989,-21.928161066841355,-18.642027062106187,-30.410194973593192,-22.660819514398355,-22.094234120331436,-23.855278031894503
13.88888888888889,-29.271656773601144,,,,,,,,,,,,,,,,,,,,,
13.983050847457626,,,-27.4633610336959,,,,,,,,,,,,,,,,,,,
13.986013986013987,,,,-27.914894590980243,,-25.534044014409897,,,,,,,,,,,,,,,,
14.195583596214512,,-21.62335955774405,,,-29.710891682267484,,-22.19639531601775,-26.59559707428698,-28.725311281602337,-24.45896453417808,-17.97945996642169,-16.298671631718705,-21.988100943048153,-24.749518855356047,-25.801275789788303,-18.15399170207618,-18.754249511322836,-19.70502086596499,-29.717476896508998,-29.122142495899634,-21.57044178914327,-21.999494277168143
14.322916666666668,-30.590147142560088,,,,,,,,,,,,,,,,,,,,,
14.406779661016948,,,-27.084232550807602,,,,,,,,,,,,,,,,,,,
14.423076923076923,,,,-27.450318346752567,,-26.742743600570478,,,,,,,,,,,,,,,,
14.589905362776024,,-22.628258357192205,,,-24.66470389549588,,-19.763401690789408,-22.197131137345988,-29.725152309536846,-21.80260649270576,-17.472100141690742,-19.064910489231632,-22.904562322552838,-20.85878200339157,-23.793172592289924,-18.500977260224346,-21.985153026995746,-20.455426122828907,-24.784104279314846,-27.96216472023234,-26.4765845928399,-26.68142866816501
14.756944444444445,-28.2007645964146,,,,,,,,,,,,,,,,,,,,,
14.83050847457627,,,-26.877813987605556,,,,,,,,,,,,,,,,,,,
14.86013986013986,,,,-26.58055517095978,,-26.958560090675483,,,,,,,,,,,,,,,,
14.984227129337539,,-25.10955116294939,,,-22.822949215294987,,-18.980202527577283,-24.690687596469292,-24.010616075235397,-23.730312078875016,-15.839864573068503,-17.043698609776676,-23.0850788978055,-22.114439648675354,-25.257875369149065,-21.15557947967235,-20.709793872344054,-21.818313962634978,-27.858679986984885,-25.684072259833965,-22.876746954979964,-23.42873337417317
15.190972222222223,-29.72392141139268,,,,,,,,,,,,,,,,,,,,,
15.254237288135592,,,-26.75021572319882,,,,,,,,,,,,,,,,,,,
15.297202797202798,,,,-27.945398060608373,,-27.99539103328959,,,,,,,,,,,,,,,,
15.378548895899053,,-22.7899241537247,,,-25.10646757554889,,-23.915516549479385,-26.079203646519478,-29.31955440218128,-24.430081224177332,-18.128086176569933,-18.476309511661857,-20.822362292442808,-21.168683753542535,-25.165361171287888,-18.512488931779995,-22.435536008784084,-24.635794240225096,-26.24635261550752,-25.49181100019643,-24.36939656500117,-30.00327594277537
15.625,-28.205027613252266,,,,,,,,,,,,,,,,,,,,,
15.677966101694915,,,-27.618338956763953,,,,,,,,,,,,,,,,,,,
15.734265734265735,,,,-26.549538050094757,,-26.247795043616215,,,,,,,,,,,,,,,,
15.772870662460567,,-21.657726126706702,,,-26.686819210168714,,-25.586442184329663,-25.679518036201404,-26.541158531054926,-30.53149977206885,-17.74951942201604,-19.477951045120157,-19.891450376040005,-22.473372941170584,-23.352329485314456,-19.814785325196716,-18.78426225643442,-19.43304092619114,-25.901623624946847,-31.682701663023852,-22.86045481764117,-20.995653503244306
16.05902777777778,-28.882757192113637,,,,,,,,,,,,,,,,,,,,,
16.101694915254235,,,-29.20313693555666,,,,,,,,,,,,,,,,,,,
16.16719242902208,,-21.36090745499529,,,-28.619348391689364,,-22.341489300734395,-28.807358606635404,-31.33888905607845,-21.933190582755035,-18.399146064367617,-20.17894256246749,-24.66855200709021,-20.772560652275246,-28.199640403190084,-16.421631162532925,-21.659190587792242,-19.577328527848064,-27.018887724930078,-28.740265249562277,-23.682889661242058,-25.3362036325694
16.171328671328673,,,,-27.666675427060174,,-27.447981536203198,,,,,,,,,,,,,,,,
16.493055555555557,-31.151813679020037,,,,,,,,,,,,,,,,,,,,,
16.525423728813557,,,-26.866182989135062,,,,,,,,,,,,,,,,,,,
16.561514195583594,,-20.893328967048152,,,-29.530943998791795,,-24.523241919164604,-27.558076372949134,-33.99254304261594,-31.37600347768019,-18.556366332271228,-19.505808483119147,-22.719416225019867,-26.468747014321167,-26.080239147634373,-22.77104178593618,-19.395010364913357,-22.07721762635373,-27.000931446012896,-28.454322944897637,-25.255629430360205,-24.763310566111922
16.60839160839161,,,,-28.756923689750586,,-27.204799060420736,,,,,,,,,,,,,,,,
16.927083333333332,-30.078287391484935,,,,,,,,,,,,,,,,,,,,,
16.94915254237288,,,-26.45721130305431,,,,,,,,,,,,,,,,,,,
16.95583596214511,,-24.260898401567143,,,-29.133108068949777,,-27.26688113248241,-24.806213100348316,-27.394842021253943,-24.309862011844658,-18.11891044686054,-20.38233997383203,-22.557042477671775,-21.855441059659295,-25.241254874953626,-22.026126754872337,-20.254330360430792,-22.094633440772764,-27.532992218345587,-26.617904630640464,-22.126912100156247,-24.341633776253992
17.045454545454547,,,,-28.988095820560485,,-25.80562790941014,,,,,,,,,,,,,,,,
17.350157728706623,,-24.977377978618513,,,-26.54702213542985,,-22.413742018595055,-27.33358395900811,-31.58177662284113,-21.815768676372375,-20.638987403988576,-22.164962101889124,-22.92014296901782,-21.53013103027604,-21.7635822198109,-18.044849707909915,-23.89627879216026,-20.68083741435063,-25.009678256070902,-26.163487295866712,-24.6181605678776,-27.8298609470363
17.36111111111111,-28.722308370430472,,,,,,,,,,,,,,,,,,,,,
17.372881355932204,,,-29.07392003663275,,,,,,,,,,,,,,,,,,,
17.482517482517483,,,,-27.392600643247185,,-27.728377753979764,,,,,,,,,,,,,,,,
17.744479495268138,,-22.255193385057236,,,-27.67946481085981,,-20.06410289824392,-26.043107176415678,-29.84133332862176,-21.989492475721544,-18.938532516179688,-29.92063433400841,-23.69216160488159,-23.635964941110416,-24.25719511876878,-20.327790547681612,-18.957691663833202,-22.944529548424185,-22.26093920041464,-28.809421285746282,-19.717466631877674,-21.746611961669206
17.79513888888889,-30.54965601625602,,,,,,,,,,,,,,,,,,,,,
17.796610169491526,,,-27.360022877542992,,,,,,,,,,,,,,,,,,,
17.91958041958042,,,,-27.854723628909476,,-27.552046094397813,,,,,,,,,,,,,,,,
18.138801261829652,,-23.077813363461182,,,-27.133438811926144,,-21.96003480058265,-26.034153292804437,-29.57027447447801,-23.429620100268167,-20.98353267394836,-23.888144513710795,-28.792461062766666,-19.308723252053134,-22.304356001808046,-20.923329700682736,-22.711871791627576,-22.22223704523854,-24.178075989570328,-27.696811373132697,-20.8325246529775,-27.292417661135765
18.220338983050848,,,-28.131977401831605,,,,,,,,,,,,,,,,,,,
18.229166666666668,-30.494424569334754,,,,,,,,,,,,,,,,,,,,,
18.356643356643357,,,,-28.652319907685857,,-26.075656637074772,,,,,,,,,,,,,,,,
18.533123028391167,,-25.03061804163486,,,-30.972191125837032,,-22.780331943195797,-23.20633951448363,-28.289454244572493,-26.184899782555664,-19.82525225837398,-25.06090104761882,-21.521596819296466,-20.359907871941314,-27.468122365385963,-18.94667815701531,-19.752180033214746,-23.423511370033058,-28.879582181125794,-32.1862779592163,-24.272152158946096,-24.851323149385706
18.64406779661017,,,-29.129924500564186,,,,,,,,,,,,,,,,,,,
18.663194444444446,-29.62110276516846,,,,,,,,,,,,,,,,,,,,,
18.793706293706293,,,,-27.894343021015587,,-26.758249374027052,,,,,,,,,,,,,,,,
18.92744479495268,,-24.638607792560713,,,-25.120235167013032,,-24.645377782456073,-34.65991784352773,-30.915721745228915,-26.218803268493104,-18.947186235786514,-21.7314922716712,-27.83712612303917,-25.704651813513788,-29.413001807570527,-20.9391296511884,-22.53777619139436,-20.22605415728847,-28.963376200460885,-24.95773284017693,-23.795633010272056,-24.226857379056437
19.06779661016949,,,-30.554133329830552,,,,,,,,,,,,,,,,,,,
19.09722222222222,-30.313632060015692,,,,,,,,,,,,,,,,,,,,,
19.230769230769234,,,,-28.969599869311054,,-28.613336843261592,,,,,,,,,,,,,,,,
19.321766561514195,,-23.61169662115849,,,-29.70646686684042,,-24.832928868707633,-25.141891521235706,-27.8412050741281,-26.065519339318413,-23.90762680110306,-17.073377826326915,-24.163480383280984,-22.195051711565313,-23.061124244423592,-19.81683718685976,-19.037125001266176,-24.928659168679374,-23.463633204479706,-26.067371140566014,-23.248715273264086,-23.150867073244715
19.491525423728813,,,-27.571110721695085,,,,,,,,,,,,,,,,,,,
19.53125,-29.79829132622595,,,,,,,,,,,,,,,,,,,,,
19.66783216783217,,,,-28.61037222752715,,-27.024615403343066,,,,,,,,,,,,,,,,
19.71608832807571,,-24.196304467367497,,,-26.64037495444449,,-26.614194701838244,-23.3283127188424,-24.70090564360786,-23.938097891635962,-18.918462986702735,-16.80429071501202,-18.843965538749284,-20.80593630038923,-22.156535165166016,-18.42925277794642,-20.019185182256354,-24.623319975639117,-22.43162577202592,-20.96689892332249,-25.888562700189244,-24.753505998196236
19.915254237288135,,,-28.34002546239563,,,,,,,,,,,,,,,,,,,
19.96527777777778,-30.136638714941117,,,,,,,,,,,,,,,,,,,,,
20.104895104895107,,,,-27.421191822605604,,-26.741602024312854,,,,,,,,,,,,,,,,
20.110410094637224,,-21.230109870502567,,,-28.144373038713834,,-23.065551654319872,-26.587709904225665,-28.757895766160914,-22.863491223605024,-17.14371149923455,-19.330313068017844,-20.325823995765507,-16.733295971297963,-22.780420331935563,-20.99748872098701,-20.085080266257453,-19.34699765855697,-22.411543802341125,-22.420499260036742,-23.10809196747532,-23.51843618360337
20.338983050847457,,,-29.399717026031652,,,,,,,,,,,,,,,,,,,
20.399305555555557,-30.36981756145225,,,,,,,,,,,,,,,,,,,,,
20.50473186119874,,-20.325690720244648,,,-28.320730811516864,,-24.445873645815507,-26.999701921138705,-29.38674222170753,-22.6753880997464,-16.193718827666046,-16.263519624286104,-21.72049950779508,-17.262824834211965,-23.343551870932874,-18.427197362428448,-20.75660923208112,-21.500936671495197,-21.267593268708097,-22.985253506226638,-22.46781630324649,-22.349276334172597
20.541958041958043,,,,-29.469663221944757,,-28.46398218384951,,,,,,,,,,,,,,,,
20.76271186440678,,,-27.925425391162282,,,,,,,,,,,,,,,,,,,
20.833333333333336,-30.280332126939758,,,,,,,,,,,,,,,,,,,,,
20.899053627760253,,-22.106368020134504,,,-27.15911137802537,,-24.20218280190719,-27.048392786735757,-24.260939593587274,-23.231292063749834,-18.37847036262933,-19.08257828564998,-23.7808571969867,-17.97407383042135,-23.603937555933225,-17.429977067790897,-26.027818352227026,-21.94041095096502,-23.892546524745566,-25.18753987080905,-24.91722864846564,-23.995245229164528
20.97902097902098,,,,-27.81955588996807,,-27.795228938362133,,,,,,,,,,,,,,,,
21.1864406779661,,,-27.74236193788287,,,,,,,,,,,,,,,,,,,
21.26736111111111,-30.216122703619,,,,,,,,,,,,,,,,,,,,,
21.293375394321767,,-24.29980224548925,,,-25.78214498576502,,-22.829150161773413,-25.2962608868868,-29.8128920711074,-20.196831158744235,-15.432695909429901,-19.921898264812523,-22.01249752278819,-17.087210576207866,-19.561077397182846,-17.196812029591,-20.170324984135586,-18.18776040745622,-21.116635466003437,-29.42723316837397,-21.728476084495735,-27.182756056989945
21.416083916083917,,,,-28.862538032195427,,-27.792471825113168,,,,,,,,,,,,,,,,
21.610169491525422,,,-29.10145648421107,,,,,,,,,,,,,,,,,,,
21.687697160883282,,-20.916533046236058,,,-26.403097711487625,,-19.955576180542927,-29.297695362597903,-27.987380433575233,-20.439643793263276,-14.918838664621902,-21.305972073739596,-24.07074872659841,-18.461121527108926,-21.831824529440983,-17.488000370722766,-19.182507483077327,-18.511080760314794,-21.856798247216634,-24.55693104154067,-25.274080664546982,-22.943108837133217
21.70138888888889,-30.463632129801475,,,,,,,,,,,,,,,,,,,,,
21.853146853146853,,,,-27.921808926306884,,-27.27752372551558,,,,,,,,,,,,,,,,
22.033898305084744,,,-28.789426748089458,,,,,,,,,,,,,,,,,,,
22.082018927444793,,-20.683690702906677,,,-27.329555803986402,,-21.816044373560892,-29.74265782034584,-24.85364094355179,-25.490875844392416,-17.69007315071682,-20.615677249067026,-22.799801065762892,-19.632104171392516,-23.800792394493282,-18.57405872042889,-25.526305862244758,-23.105242691930155,-26.004809009992893,-25.44060981061917,-25.687456492429515,-25.094272182850496
22.135416666666668,-30.866819586490646,,,,,,,,,,,,,,,,,,,,,
22.29020979020979,,,,-28.32721188398814,,-27.286185304923105,,,,,,,,,,,,,,,,
22.457627118644066,,,-30.926128833739824,,,,,,,,,,,,,,,,,,,
22.476340694006307,,-23.769773841852295,,,-25.193005981664466,,-20.83155606398835,-29.008893429164505,-30.373739335925837,-29.68994921734287,-17.91925694926502,-22.880766074686264,-22.71263228926178,-19.87119581664137,-24.390842806037636,-23.545771809480144,-19.745768711651824,-23.480079387655078,-24.646030340428453,-24.80102866557899,-26.64546475882425,-30.90139872575337
22.569444444444446,-29.85974213367715,,,,,,,,,,,,,,,,,,,,,
22.727272727272727,,,,-28.538971488479383,,-28.78728222225972,,,,,,,,,,,,,,,,
22.87066246056782,,-21.777624099597706,,,-29.20336923306474,,-25.2341253969749,-28.641600717647734,-26.081072370566993,-23.81622355359949,-16.78867484989326,-17.64947655206255,-23.00857305732588,-20.61422565620223,-21.00020400708931,-15.768382328112471,-16.603799468713575,-27.538131139925266,-20.424213602502732,-25.01239714672563,-20.37361928473278,-23.64123232165832
22.881355932203387,,,-29.74963618995857,,,,,,,,,,,,,,,,,,,
23.00347222222222,-32.714420561683156,,,,,,,,,,,,,,,,,,,,,
23.164335664335667,,,,-28.467851698657885,,-29.434403534920055,,,,,,,,,,,,,,,,
23.264984227129336,,-22.882582548633575,,,-26.328406199912056,,-21.883688132549064,-27.53436397099308,-29.352811563389725,-25.128303603543106,-18.967605844816905,-20.07984282278804,-23.301598800346525,-23.784759893583125,-22.548171249049535,-17.552540028629817,-20.393310308887923,-22.10248165413103,-23.658140191849395,-26.965068982061883,-23.106285664078914,-24.239790905246114
23.30508474576271,,,-29.95824577458983,,,,,,,,,,,,,,,,,,,
23.4375,-31.356964069636952,,,,,,,,,,,,,,,,,,,,,
23.601398601398603,,,,-29.016239146722583,,-29.061691422728536,,,,,,,,,,,,,,,,
23.65930599369085,,-21.319943189936133,,,-27.12893492123796,,-21.00409395553832,-25.683958888401452,-25.78674672610296,-22.397270943783553,-19.886716874174827,-20.765645124085616,-22.804237069333016,-22.062626217698593,-25.557365489468634,-17.78473578660126,-19.434679778710247,-20.40013566494093,-23.92103436354245,-22.736333992124244,-20.738718885006907,-23.909107190329834
23.728813559322035,,,-30.08924363122731,,,,,,,,,,,,,,,,,,,
23.87152777777778,-32.684345194695815,,,,,,,,,,,,,,,,,,,,,
24.03846153846154,,,,-29.04992203536066,,-28.852631564684476,,,,,,,,,,,,,,,,
24.053627760252365,,-21.221871466720795,,,-23.940215913399385,,-21.3368096734193,-24.144975508126674,-26.912610502815077,-22.83219868472922,-18.38454081187112,-17.16957117153912,-27.86514465467614,-22.966394269694476,-25.49886543934807,-19.03269431002509,-22.0363218825903,-21.576270204098062,-23.240382610966176,-22.48618356780066,-20.507134965326276,-23.41363197330719
24.152542372881356,,,-29.985583689764663,,,,,,,,,,,,,,,,,,,
24.305555555555557,-29.67736249153231,,,,,,,,,,,,,,,,,,,,,
24.44794952681388,,-23.846067716677247,,,-27.135559413500236,,-19.36860360973645,-23.747828648439377,-29.46586178918414,-22.680317041202077,-17.514038050050875,-20.790977297210656,-20.962919992779483,-17.196544019597265,-20.51609859615608,-17.90604624265859,-20.32056754847599,-20.974528311008314,-20.772517160117904,-24.96823966879756,-21.955329021469996,-26.260749670606025
24.475524475524477,,,,-29.74504216907935,,-30.54499286252945,,,,,,,,,,,,,,,,
24.576271186440678,,,-27.95320428803733,,,,,,,,,,,,,,,,,,,
24.739583333333336,-32.309328253648495,,,,,,,,,,,,,,,,,,,,,
24.842271293375394,,-22.543716231751006,,,-30.17044737915822,,-22.910168505216948,-31.506930445199348,-28.085773082551988,-26.61687545012911,-18.405879236914142,-19.810185320491435,-23.912443458229955,-26.78897206619077,-27.747129520619293,-19.136394501697556,-18.71045973489743,-22.1581046224118,-26.948970876261296,-25.351953488201833,-24.82398575917155,-27.55666694320277
24.912587412587413,,,,-28.53843966018868,,-27.070104834476016,,,,,,,,,,,,,,,,
25.0,,,-26.675177158714284,,,,,,,,,,,,,,,,,,,
25.17361111111111,-32.010049295013516,,,,,,,,,,,,,,,,,,,,,
25.236593059936908,,-24.971664531310562,,,-29.857945545307647,,-20.678658996669537,-27.035262558566746,-36.65609206923303,-27.721193078057073,-17.864009031651754,-25.045668636565118,-24.25760852046062,-20.685069841625708,-25.17583517743886,-17.878114213689003,-19.400524465422784,-21.58127584518488,-27.373348349806268,-26.2570810995529,-23.01303964172278,-28.082148071465337
25.34965034965035,,,,-27.5912565399934,,-27.69091954609507,,,,,,,,,,,,,,,,
25.423728813559322,,,-29.730452547407715,,,,,,,,,,,,,,,,,,,
25.60763888888889,-30.014106937543893,,,,,,,,,,,,,,,,,,,,,
25.630914826498422,,-19.240807192226896,,,-29.75745147658901,,-22.576547157087116,-28.798432954776484,-27.794417122144313,-22.63351903540227,-16.5081251929136,-24.93738213075508,-21.867397106936753,-20.14250902406295,-21.526142388632238,-18.946546607449367,-20.23098246836345,-19.819751889456857,-23.643128669831835,-21.348834389311566,-22.46309982948891,-24.138213031028485
25.786713286713287,,,,-28.112314282459046,,-28.388863239107824,,,,,,,,,,,,,,,,
25.847457627118644,,,-30.239707902907476,,,,,,,,,,,,,,,,,,,
26.025236593059937,,-21.273138356729962,,,-25.695951699590772,,-17.54493169384378,-23.045390106548552,-25.70725680957665,-21.889569442069472,-18.33527870967755,-21.142077907541104,-19.074989220558166,-18.06705105748085,-23.335857220288744,-17.185976503046813,-21.114615136754228,-18.81545596308003,-22.11987900416064,-27.44473291635644,-19.651785844693652,-23.82185346583532
26.041666666666668,-31.742459023004844,,,,,,,,,,,,,,,,,,,,,
26.223776223776227,,,,-29.5380454330927,,-28.134207896833132,,,,,,,,,,,,,,,,
26.271186440677965,,,-29.20721815975244,,,,,,,,,,,,,,,,,,,
26.41955835962145,,-19.944926665808687,,,-25.82161427247118,,-26.666555325181353,-26.583552277266467,-25.88801849857242,-20.82923381683445,-18.339221389684024,-21.246642740328976,-18.46286116760987,-20.30600420913477,-23.05882569814094,-20.890672156154935,-21.233723373395872,-22.21272675503271,-24.514697214220874,-21.7594977087683,-24.186543479096816,-23.6320409377413
26.475694444444446,-31.968798622774354,,,,,,,,,,,,,,,,,,,,,
26.660839160839163,,,,-28.252058060552503,,-27.953184464915672,,,,,,,,,,,,,,,,
26.694915254237287,,,-30.547147202547237,,,,,,,,,,,,,,,,,,,
26.813880126182966,,-21.377019764257845,,,-25.32454485143119,,-22.459897770853186,-21.271978808743153,-27.007288472311284,-24.847196354563795,-18.474003310004317,-16.911236226401584,-22.806309205177033,-17.925470357780757,-21.330720470478774,-17.231011639371093,-18.249173097503043,-25.629807532740074,-21.757201844946355,-21.64563394867209,-21.68212762118635,-23.69600251601664
26.90972222222222,-31.382625093902515,,,,,,,,,,,,,,,,,,,,,
27.0979020979021,,,,-27.72270416652286,,-28.345983881139716,,,,,,,,,,,,,,,,
27.11864406779661,,,-28.236979327335174,,,,,,,,,,,,,,,,,,,
27.20820189274448,,-22.194783487983397,,,-27.141798028682413,,-23.667947814660575,-24.066267749539943,-30.266434142289587,-26.38746844970863,-22.472368672327296,-18.14692942930342,-22.194733812487183,-22.17609880004108,-22.857230244375085,-18.105131137242452,-21.19964827353027,-25.28988557577617,-22.080495595465063,-28.90258245248048,-23.901107398103857,-28.199290272037786
27.34375,-32.334862511835695,,,,,,,,,,,,,,,,,,,,,
27.534965034965037,,,,-28.541376582795433,,-29.582786785230308,,,,,,,,,,,,,,,,
27.54237288135593,,,-29.89932678150603,,,,,,,,,,,,,,,,,,,
27.602523659305994,,-23.64758733532701,,,-27.204775372152,,-21.884212522106527,-24.092597465970417,-27.376515692371775,-24.272381277045245,-20.733927147096498,-25.96768341124963,-22.07127626396425,-18.51672205517118,-21.679026097157614,-24.335303844614085,-19.348700258316402,-24.06863114608672,-22.80263065948417,-23.70154741450296,-26.115197881144557,-28.17637968497142
27.77777777777778,-30.88832098914875,,,,,,,,,,,,,,,,,,,,,
27.966101694915253,,,-28.108515765944034,,,,,,,,,,,,,,,,,,,
27.972027972027973,,,,-28.274236579137767,,-28.642783302213715,,,,,,,,,,,,,,,,
27.99684542586751,,-22.404582608736032,,,-24.65520041581841,,-22.72355482990609,-24.49025501314904,-26.869422763230766,-27.090644669132388,-20.736091184882262,-22.170204634965025,-21.349037752495164,-18.4860804085231,-22.90301965523317,-26.431588997432925,-21.080953455302406,-22.657356336353786,-24.151321646811414,-25.092848255705356,-24.705261919056138,-29.658594121488726
28.211805555555557,-32.93488915940335,,,,,,,,,,,,,,,,,,,,,
28.389830508474574,,,-29.710367536844018,,,,,,,,,,,,,,,,,,,
28.391167192429023,,-22.77427549083297,,,-28.345877709327105,,-21.832830193303895,-24.798381317859867,-28.789591992347926,-25.122295710776257,-18.534670200943435,-24.409966260202697,-22.243564958623818,-22.44247439935243,-24.715906891238763,-19.323428408439717,-20.592090196383207,-23.180760698217583,-27.29508978355278,-34.57571417604013,-22.085180282145345,-24.57119176067904
28.40909090909091,,,,-28.05697950673687,,-28.692586515789813,,,,,,,,,,,,,,,,
28.645833333333336,-32.01520127589267,,,,,,,,,,,,,,,,,,,,,
28.785488958990534,,-24.53338919049345,,,-29.202893563506596,,-24.163735166684997,-26.686634633682264,-30.072815946163633,-21.734738295836923,-19.494958819391538,-20.872537706589007,-24.669469938847644,-25.552293102463608,-28.723190849400357,-17.00770795629465,-17.835628426952706,-21.981780011972507,-26.86235773566761,-29.203139336747096,-20.538651762741527,-26.899718541808692
28.813559322033896,,,-28.969474303551554,,,,,,,,,,,,,,,,,,,
28.846153846153847,,,,-29.102643517134194,,-27.95560453573082,,,,,,,,,,,,,,,,
29.07986111111111,-31.3586740020767,,,,,,,,,,,,,,,,,,,,,
29.17981072555205,,-20.344175046031012,,,-23.619218059186615,,-21.029977203053104,-26.218610194879712,-31.23877413251443,-25.576439063661354,-21.874301578272974,-22.386657122105984,-21.377488281823336,-18.7688179255514,-20.48317285715893,-18.17942008319362,-20.718751418041617,-22.66822408209399,-22.817493289429688,-24.911123315973725,-21.0022120450794,-24.872701845653157
29.237288135593218,,,-29.6526377511769,,,,,,,,,,,,,,,,,,,
29.283216783216783,,,,-28.317677261403308,,-28.21153306127497,,,,,,,,,,,,,,,,
29.51388888888889,-33.10768207949196,,,,,,,,,,,,,,,,,,,,,
29.574132492113563,,-21.134970852466527,,,-23.324523114787944,,-20.932292990033776,-26.111942997492147,-27.52417194523172,-21.258663961695444,-20.62678276457163,-20.64735945162817,-21.496956028915516,-18.72297178480247,-22.56679868588623,-20.35815448904594,-19.728790789370183,-22.789606439018872,-21.889749840934105,-25.30599750857616,-25.22542200145645,-26.241266681525275
29.66101694915254,,,-28.720908449750908,,,,,,,,,,,,,,,,,,,
29.72027972027972,,,,-29.600827779415404,,-29.385137788917163,,,,,,,,,,,,,,,,
29.947916666666668,-32.66859033051253,,,,,,,,,,,,,,,,,,,,,
29.968454258675077,,-23.701440209240257,,,-24.9183425598751,,-20.81687943197156,-26.586793182994608,-29.880585325287843,-28.50343253714755,-20.384969727474488,-25.303105775998624,-17.901022583632628,-21.633894534060463,-24.818860667079292,-21.383573838053128,-22.141371896330217,-22.540298723256086,-26.059941055165144,-26.844179733868593,-21.68954112882742,-24.978281538257672
30.08474576271186,,,-28.614832750780934,,,,,,,,,,,,,,,,,,,
30.15734265734266,,,,-28.186729467258225,,-28.891305225741238,,,,,,,,,,,,,,,,
30.36277602523659,,-24.112540406109684,,,-25.694664135386315,,-21.95035768219111,-27.280581648736444,-28.93405768305113,-23.157438861439072,-20.714165322637523,-21.982524686795493,-24.006431234234782,-21.92743711210223,-22.001557109021984,-22.467791345342274,-22.651773153400274,-24.79633380016324,-26.291545983678972,-32.57675342706801,-24.223820462146794,-24.140289681566973
30.381944444444446,-32.070659772758546,,,,,,,,,,,,,,,,,,,,,
30.508474576271183,,,-29.366167463247066,,,,,,,,,,,,,,,,,,,
30.594405594405597,,,,-27.94601893063783,,-29.184347278413917,,,,,,,,,,,,,,,,
30.757097791798106,,-23.445120655604402,,,-22.811877455604584,,-20.43689880201228,-28.66317416733854,-32.29489049380295,-22.853757429085757,-19.061089239542955,-18.942842712409256,-21.159221973890908,-22.980080903807135,-22.587965169517563,-20.830564205529974,-20.13088533239667,-21.472116292093602,-25.69009342686805,-32.746557734396724,-22.754889793294975,-23.80819916641847
30.81597222222222,-32.130178264200794,,,,,,,,,,,,,,,,,,,,,
30.93220338983051,,,-30.110857618112323,,,,,,,,,,,,,,,,,,,
31.031468531468533,,,,-29.272776301272856,,-29.339914199623067,,,,,,,,,,,,,,,,
31.15141955835962,,-26.77534794060179,,,-29.996930342533307,,-23.258286690795387,-29.50823841001487,-29.242374204303864,-21.27676271935714,-23.319080427520618,-21.774022850723618,-26.91656696208612,-22.666099938610945,-29.48170031379766,-16.974185171648188,-17.988682932424183,-22.7839986611266,-25.606524190699485,-30.232373898646557,-19.608768865453627,-22.98832484294075
31.25,-31.269932982039542,,,,,,,,,,,,,,,,,,,,,
31.35593220338983,,,-30.163547301072555,,,,,,,,,,,,,,,,,,,
31.46853146853147,,,,-30.055231791846488,,-30.748476703089125,,,,,,,,,,,,,,,,
31.545741324921135,,-27.1996324867685,,,-24.566105775437364,,-20.268131990498627,-27.206932072690947,-29.779551371671197,-24.69373594865552,-19.983191254266497,-24.773643847164774,-28.88113657182186,-23.412519898829487,-28.551987432738787,-22.887222414834707,-23.42016730902637,-25.722198592590974,-30.784991417385626,-30.68510319266756,-24.671981559154165,-26.291586760307744
31.68402777777778,-33.03861856995315,,,,,,,,,,,,,,,,,,,,,
31.779661016949152,,,-29.0693906902315,,,,,,,,,,,,,,,,,,,
31.905594405594407,,,,-30.464312738321844,,-28.43829727588194,,,,,,,,,,,,,,,,
31.94006309148265,,-22.036289669146583,,,-27.57715107535832,,-21.86399157750957,-31.73419982032279,-33.86243642669761,-26.153230211174854,-24.125132480101247,-26.872528511522738,-26.582680158825625,-22.855882635215966,-25.394685651965165,-20.435146220325894,-24.84628097693677,-28.025620611330794,-25.306155254448374,-29.722914519538666,-24.991229182893505,-29.974359324360762
32.11805555555556,-32.74856772027995,,,,,,,,,,,,,,,,,,,,,
32.20338983050847,,,-28.90632838084184,,,,,,,,,,,,,,,,,,,
32.33438485804416,,-25.142276696755005,,,-24.896130057148884,,-23.61615993730063,-30.070874993933888,-31.723114250466676,-23.46138393843513,-22.80107316912276,-19.462394363479653,-24.98021861194701,-24.193485550257122,-22.9137510683652,-20.175885103321438,-22.263844255859862,-24.09090673638306,-26.603203160951665,-29.589834661350448,-22.567167936691558,-23.977942247252432
32.34265734265735,,,,-29.971604580854397,,-29.14916404775821,,,,,,,,,,,,,,,,
32.552083333333336,-32.941808904173406,,,,,,,,,,,,,,,,,,,,,
32.62711864406779,,,-29.429031398405954,,,,,,,,,,,,,,,,,,,
32.72870662460568,,-25.13264056796906,,,-24.722258242457855,,-22.0496785714285,-25.71902161387074,-29.295462669642582,-23.316292607436726,-17.566053054205288,-19.49622358173798,-18.964300632039734,-20.220226509174477,-22.087050792592496,-17.241877203497875,-17.864317791488162,-18.93069036727694,-24.604966659531314,-21.984434342607337,-23.9284173739529,-22.42464256819978
32.77972027972028,,,,-30.211115072372955,,-27.836645714025607,,,,,,,,,,,,,,,,
32.986111111111114,-32.152102172665046,,,,,,,,,,,,,,,,,,,,,
33.050847457627114,,,-29.64546367344973,,,,,,,,,,,,,,,,,,,
33.12302839116719,,-26.248136644874844,,,-24.379211569644433,,-20.347762597698807,-24.004021300170393,-26.681889398415358,-22.795890784064397,-15.674369234721,-17.319522700274174,-23.11143956533148,-18.30136694609035,-19.919895334870255,-16.0447051551276,-21.80280161076975,-19.40110124414236,-22.99889547570407,-24.856700671885065,-21.147729119642467,-19.078023336021488
33.21678321678322,,,,-31.75638583420864,,-29.728809040773175,,,,,,,,,,,,,,,,
33.42013888888889,-32.106997495587315,,,,,,,,,,,,,,,,,,,,,
33.474576271186436,,,-29.326551620644953,,,,,,,,,,,,,,,,,,,
33.51735015772871,,-24.526914393210046,,,-31.01411485711572,,-24.817158492412393,-24.54537632676111,-26.96418554446202,-25.023660345297515,-18.712823048594633,-18.775631409668346,-24.591566128267022,-19.790334241219906,-23.528707438683067,-17.176514079768054,-21.416857031683932,-21.53313741193413,-26.703988927801003,-27.706765359455744,-20.609038909786673,-20.78850531069371
33.65384615384615,,,,-28.459261835676035,,-27.624464637439708,,,,,,,,,,,,,,,,
33.854166666666664,-32.07361274268784,,,,,,,,,,,,,,,,,,,,,
33.89830508474576,,,-30.69653124385719,,,,,,,,,,,,,,,,,,,
33.91167192429022,,-18.48203776443305,,,-23.72391761218524,,-23.450215806641683,-24.820285651572576,-28.239634472913558,-19.619003108086822,-20.73887178497268,-25.211523112827052,-19.985958994820493,-19.02766525189512,-21.13659996018031,-22.267928174545755,-23.315671129718883,-22.771788448008483,-22.74679310495379,-23.90152043602776,-26.59978687300944,-29.939591607603585
34.09090909090909,,,,-29.845425211677842,,-29.228450939391724,,,,,,,,,,,,,,,,
34.28819444444444,-30.718831698143408,,,,,,,,,,,,,,,,,,,,,
34.305993690851736,,-22.958118430347863,,,-27.726764065350412,,-22.933644046465115,-27.350650949543276,-31.597529652177524,-23.385763295804566,-18.5987010095841,-21.79159156041399,-24.564687324983087,-18.767361553484974,-21.475360092360123,-18.843227456964787,-18.4586106709621,-23.493806573070966,-21.27596677039941,-24.24075731481272,-18.941519812791782,-23.21220813978143
34.32203389830509,,,-31.670474807905837,,,,,,,,,,,,,,,,,,,
34.52797202797203,,,,-29.84176487532491,,-29.298147340522164,,,,,,,,,,,,,,,,
34.70031545741325,,-27.658425312102914,,,-24.39088033962124,,-24.142311268332517,-26.014881743154827,-30.59157940165472,-25.824224316360326,-19.23904673233274,-22.367953847284408,-23.944842955374465,-23.901273442658034,-25.76491168817891,-17.07137863450564,-23.49353078877998,-21.39558303583661,-26.16907592704977,-26.79578986655048,-20.535064578659366,-25.61086019019507
34.72222222222222,-32.97699296821725,,,,,,,,,,,,,,,,,,,,,
34.74576271186441,,,-30.629156733340775,,,,,,,,,,,,,,,,,,,
34.96503496503497,,,,-30.416286391340083,,-28.30196552434926,,,,,,,,,,,,,,,,
35.094637223974765,,-20.801497517089924,,,-24.647921193938846,,-25.25715074002766,-25.983912872431528,-29.625833033380466,-24.980954081841716,-18.508804868379244,-19.454164687399306,-23.72982989280821,-19.623010014747162,-23.98216690415693,-18.432662658849516,-16.964662657303418,-19.3616387945912,-22.669829939235726,-26.83286033265718,-19.48815169281553,-23.26525106631328
35.15625,-32.79202828605353,,,,,,,,,,,,,,,,,,,,,
35.16949152542373,,,-29.38952500503726,,,,,,,,,,,,,,,,,,,
35.40209790209791,,,,-29.00498446686066,,-28.85352140902411,,,,,,,,,,,,,,,,
35.488958990536275,,-21.50232970419508,,,-26.821524838979453,,-25.407599682730172,-22.266333077937844,-28.468481708110687,-26.966119779516152,-20.236556213899842,-23.123673317532543,-19.430001197295493,-18.32921029463479,-23.7611645880523,-21.923091432466478,-23.140689722718275,-23.41947007632989,-24.08388094337467,-28.361976089470467,-28.63339362302179,-26.121275208494144
35.59027777777778,-34.43439966857471,,,,,,,,,,,,,,,,,,,,,
35.59322033898305,,,-31.366041763945177,,,,,,,,,,,,,,,,,,,
35.83916083916084,,,,-30.34066016125912,,-28.08979208883969,,,,,,,,,,,,,,,,
35.88328075709779,,-23.899414222124474,,,-28.560391851013616,,-26.266109696437077,-24.79504512961988,-28.749513661365313,-27.80369143554428,-20.665105159422684,-24.756360162380897,-25.60632188643129,-23.553754742298185,-28.888194393084518,-21.751280119807916,-20.31943853086578,-20.56631802309875,-27.692113205981318,-27.32448255554495,-22.768970460960507,-24.4612122302936
36.016949152542374,,,-30.103069614704285,,,,,,,,,,,,,,,,,,,
36.02430555555556,-32.39553333076058,,,,,,,,,,,,,,,,,,,,,
36.27622377622378,,,,-29.361242651226167,,-28.05637770914896,,,,,,,,,,,,,,,,
36.277602523659304,,-22.98565969130833,,,-27.775180882453885,,-22.461180195708558,-25.27370616057935,-26.783156893342767,-22.24537564240452,-21.76615135839343,-21.643016292868793,-23.30635075378083,-18.948419566776938,-24.15396910013708,-18.556172696766264,-21.952184395509633,-25.492432624425565,-24.167546010059237,-25.03693984785898,-26.527272497543294,-29.474125349872885
36.440677966101696,,,-30.464850660764167,,,,,,,,,,,,,,,,,,,
36.458333333333336,-32.49695092513111,,,,,,,,,,,,,,,,,,,,,
36.67192429022082,,-23.83322153011321,,,-27.16300199980269,,-23.20746989429065,-25.652071506335854,-29.154162037918177,-22.570818121680446,-20.25958240412937,-24.99120288986365,-28.86761094444232,-20.175124486800826,-23.93707576399967,-17.987759208405862,-20.057754193044392,-20.414660666098843,-23.96484561753141,-23.760025284032412,-20.197719492878335,-26.076305780703457
36.71328671328671,,,,-30.56183422401353,,-28.404230535555847,,,,,,,,,,,,,,,,
36.86440677966102,,,-29.339083953197264,,,,,,,,,,,,,,,,,,,
36.892361111111114,-32.3758630834727,,,,,,,,,,,,,,,,,,,,,
37.06624605678233,,-21.676908177576156,,,-25.434913490177752,,-21.97238132859585,-25.513986729317665,-32.03167875935805,-23.25496703731609,-15.015553702362448,-19.991375636399184,-26.239274035623605,-20.512328602407546,-23.353002088237407,-17.072119917492838,-18.647695733154034,-19.07082591544692,-23.640899795666993,-25.52385932317043,-21.313783731874246,-24.751389702063747
37.15034965034965,,,,-28.73182387724543,,-29.808092354543227,,,,,,,,,,,,,,,,
37.28813559322034,,,-30.784488546454785,,,,,,,,,,,,,,,,,,,
37.32638888888889,-34.12917930169919,,,,,,,,,,,,,,,,,,,,,
37.46056782334385,,-27.313334750831043,,,-26.588723091340466,,-22.526049033033225,-28.972376551319513,-27.414115913805894,-21.42121342972389,-17.5897190403563,-23.593645673606797,-24.52426813394199,-22.056940404002734,-23.78444715270378,-23.799586248207152,-19.53824668481702,-20.735791651029867,-25.995772611019778,-27.5221809727886,-27.04473182240076,-23.62184080504491
37.58741258741259,,,,-28.684961497123382,,-29.947750840676257,,,,,,,,,,,,,,,,
37.71186440677966,,,-31.201896365160096,,,,,,,,,,,,,,,,,,,
37.760416666666664,-30.918186134559217,,,,,,,,,,,,,,,,,,,,,
37.85488958990536,,-24.311242201872172,,,-25.109268504384946,,-23.152828459250063,-28.016518986133587,-28.326237815939056,-22.274988771081755,-17.95939683459551,-19.447280444207326,-25.28698925457825,-19.438163798498294,-23.89643487291536,-16.629380926478028,-18.708523231963397,-20.364822894014043,-23.568280029436124,-26.01344579131727,-21.59158193860684,-22.192731833876557
38.02447552447553,,,,-28.948939971315312,,-29.511190667466074,,,,,,,,,,,,,,,,
38.13559322033898,,,-31.236163769584774,,,,,,,,,,,,,,,,,,,
38.19444444444444,-32.557834302495834,,,,,,,,,,,,,,,,,,,,,
38.24921135646687,,-22.800576643773972,,,-24.016588110650815,,-21.63683280144216,-27.325724733634384,-27.58332931340244,-22.069406017364148,-18.988663364038672,-20.900280667457306,-27.641418283867637,-19.59452380590244,-20.54192703850599,-17.181188956205293,-20.085050393098573,-19.846181652402915,-25.861567859143822,-28.621578606646843,-18.51017635958328,-24.33337214906325
38.46153846153847,,,,-28.307393091494664,,-29.660492444419596,,,,,,,,,,,,,,,,
38.559322033898304,,,-31.80599009870159,,,,,,,,,,,,,,,,,,,
38.62847222222222,-32.987943096548385,,,,,,,,,,,,,,,,,,,,,
38.64353312302839,,-28.07753851389731,,,-27.98935049943204,,-22.50304572834434,-25.45651625912055,-28.59631194259965,-20.443868647934234,-15.984316442594489,-24.49795154562646,-25.00137904433143,-22.510315178988776,-24.918552757144738,-17.625617341398833,-18.145595932808348,-18.94167122907498,-25.890130670903975,-26.477390879101666,-21.43132648354749,-24.451756759483747
38.8986013986014,,,,-28.264023769041795,,-28.543785520833634,,,,,,,,,,,,,,,,
38.983050847457626,,,-31.40632042641461,,,,,,,,,,,,,,,,,,,
39.0378548895899,,-22.376345647207387,,,-22.701555013277066,,-23.548727459516044,-29.02283114669598,-27.315920153140627,-26.414419083518784,-18.314564672203208,-19.389090301700328,-23.3153191963307,-19.355605681711722,-20.92163361602348,-20.080312729399754,-21.00360515364884,-20.572470147392995,-22.474248583392313,-27.257652597340847,-24.25001660561664,-27.703404466491577
39.0625,-32.41373096690595,,,,,,,,,,,,,,,,,,,,,
39.33566433566434,,,,-28.930192083851047,,-29.20411873079076,,,,,,,,,,,,,,,,
39.40677966101695,,,-30.69451963676561,,,,,,,,,,,,,,,,,,,
39.43217665615142,,-22.793098179629453,,,-24.556870258118835,,-22.874132764033725,-25.611173051817456,-26.38249407304488,-19.149510314474988,-19.135252153937504,-21.89040937645691,-30.035462682432115,-18.235663514280255,-20.13645394408798,-16.79588811933809,-24.147788442013976,-18.75739578756596,-22.804833354676635,-23.53004733167102,-21.669553035963986,-23.356500456038678
39.49652777777778,-32.59261804980924,,,,,,,,,,,,,,,,,,,,,
39.77272727272727,,,,-30.753962359551615,,-27.59753955899756,,,,,,,,,,,,,,,,
39.82649842271293,,-22.944173567011017,,,-24.430528582233105,,-20.575968463268282,-27.291818613940233,-25.771639742764403,-22.287856599096155,-16.74017023746124,-19.992256125812354,-22.144545540155047,-22.468743680719456,-25.480446061544896,-19.25849160764275,-24.1170201544878,-17.147689750971203,-26.812107719302002,-28.200533564295988,-24.293356625076616,-26.07889160210927
39.83050847457627,,,-31.49079237746652,,,,,,,,,,,,,,,,,,,
39.93055555555556,-33.06842297697958,,,,,,,,,,,,,,,,,,,,,
40.209790209790214,,,,-31.30683589681303,,-29.98040231423726,,,,,,,,,,,,,,,,
40.22082018927445,,-22.751913274620588,,,-22.151491098545026,,-20.947910190543677,-27.97975203864777,-29.665209036182386,-19.525423772107867,-16.77687369497908,-19.721318037567293,-22.97130284163129,-23.074990971272786,-20.6072590040321,-16.002452989616742,-19.8757686658915,-17.276510521626026,-24.745813655983756,-26.67963069885522,-19.477455873391772,-23.801230235969122
40.25423728813559,,,-31.58293848201249,,,,,,,,,,,,,,,,,,,
40.364583333333336,-33.12730811762668,,,,,,,,,,,,,,,,,,,,,
40.61514195583596,,-23.294954809234902,,,-27.130886904518317,,-20.627194535081408,-25.018449084439947,-28.63904459284085,-23.80858333000877,-17.013902452583135,-22.56583431602165,-20.901284540411865,-21.132841618746614,-23.51717843101282,-19.65676157542441,-18.836990841299915,-20.324251217670678,-24.07029647236132,-26.699181585107937,-22.18951533275516,-24.625247751941334
40.64685314685315,,,,-29.71813196228551,,-29.057121402508116,,,,,,,,,,,,,,,,
40.67796610169491,,,-31.31512052703147,,,,,,,,,,,,,,,,,,,
40.798611111111114,-33.89404139649807,,,,,,,,,,,,,,,,,,,,,
41.00946372239748,,-24.191565811528502,,,-27.62360906629221,,-26.130716813851954,-28.524341640004568,-29.05995289164798,-21.795179262508483,-17.34525910026321,-19.641008992034894,-24.205183357387522,-28.258098020115085,-26.182140962095193,-17.72838251167795,-19.692433559252684,-20.941793022110964,-29.142966907815424,-30.230730215229073,-19.066159947396184,-23.943206867952156
41.08391608391609,,,,-31.100591587851007,,-29.77610194839984,,,,,,,,,,,,,,,,
41.101694915254235,,,-30.051808658634013,,,,,,,,,,,,,,,,,,,
41.23263888888889,-34.08808619565121,,,,,,,,,,,,,,,,,,,,,
41.40378548895899,,-21.401951852691013,,,-27.86061287567628,,-21.513861591601096,-28.706595747687448,-32.92988982003582,-19.598558082545107,-18.345987983451487,-21.02741525718813,-21.1777541997126,-21.24390049348829,-20.849308201996138,-16.805534306089925,-18.202350256380555,-20.62060947324467,-23.862910631770507,-26.23818047547719,-22.560413058944917,-26.9828095396952
41.52097902097902,,,,-30.40540191823613,,-29.0854813316394,,,,,,,,,,,,,,,,
41.52542372881356,,,-30.803117797624683,,,,,,,,,,,,,,,,,,,
41.66666666666667,-33.11002615987031,,,,,,,,,,,,,,,,,,,,,
41.798107255520506,,-20.685463072514153,,,-27.720622063306035,,-23.03630194788352,-30.23299346959007,-28.805617464320324,-21.438218285893026,-17.1664371236618,-20.663268136005108,-31.18694071337869,-20.065348791386977,-22.99266241456135,-18.96293765942463,-19.804772228700298,-22.179126729472042,-22.708199228288795,-27.243848467367325,-20.51001410721591,-23.396527267524107
41.94915254237288,,,-32.09199123154452,,,,,,,,,,,,,,,,,,,
41.95804195804196,,,,-30.119601245976927,,-30.484606059816638,,,,,,,,,,,,,,,,
42.10069444444444,-32.739860666414636,,,,,,,,,,,,,,,,,,,,,
42.19242902208202,,-17.92107649756061,,,-25.34737121475518,,-21.233358735536108,-28.914149281031452,-28.41895743919331,-22.725102934582125,-17.048325150416492,-21.88101560013062,-22.45442915612918,-19.02039101444479,-25.93588349180324,-20.129734780649027,-18.20411270044576,-23.168019898797905,-27.90678037684678,-22.286146579865438,-21.855154924234654,-25.9079260075409
42.3728813559322,,,-30.941826301902307,,,,,,,,,,,,,,,,,,,
42.3951048951049,,,,-30.08874177717557,,-28.65216336155661,,,,,,,,,,,,,,,,
42.53472222222222,-34.023397763875,,,,,,,,,,,,,,,,,,,,,
42.586750788643535,,-23.633405590097432,,,-25.638086048982206,,-24.68763132961536,-29.546504963516284,-26.59380878066071,-22.863047138105642,-17.199954132716595,-21.560006210515315,-25.380581787845628,-20.188763945324567,-21.450076796620674,-17.885400881058874,-19.493910998177352,-18.576428123430095,-22.26004241605139,-28.336547039231466,-21.539424551496634,-23.832653422609624
42.79661016949152,,,-30.329415959327953,,,,,,,,,,,,,,,,,,,
42.83216783216783,,,,-29.65444329361214,,-30.15811967275259,,,,,,,,,,,,,,,,
42.96875,-34.35253165317439,,,,,,,,,,,,,,,,,,,,,
42.981072555205046,,-24.546082439754425,,,-23.1121368172692,,-23.870760491049026,-24.346965262406524,-31.627609221816044,-23.743766294281347,-18.507902746258477,-21.699793815519108,-20.77689759270341,-19.597749487485718,-23.055637361818864,-19.248455500188705,-23.334655364832646,-19.991437787616174,-23.659877432059698,-30.690802599386565,-24.09252103636963,-27.256718778195136
43.220338983050844,,,-29.325009251163657,,,,,,,,,,,,,,,,,,,
43.269230769230774,,,,-28.543083921724595,,-30.311594948559897,,,,,,,,,,,,,,,,
43.375394321766564,,-25.683790533385025,,,-23.907815271088218,,-25.86105242535287,-24.00772464295267,-29.91115781314709,-25.311902385237484,-22.68584428675541,-25.73003186607543,-23.22171843595022,-16.881906479538014,-24.003155682499813,-22.786925027872105,-21.837298094231542,-27.21435281480306,-24.878220960569447,-27.739663902923645,-25.142607575378225,-28.67716435646405
43.40277777777778,-33.75554132667176,,,,,,,,,,,,,,,,,,,,,
43.644067796610166,,,-30.545996933283405,,,,,,,,,,,,,,,,,,,
43.70629370629371,,,,-30.490463496468703,,-29.918207962299856,,,,,,,,,,,,,,,,
43.769716088328074,,-22.48932565569545,,,-25.410713120650417,,-22.63117632545704,-26.285310775250043,-24.227844064263486,-25.59066629938283,-17.42387206729746,-23.81121434230183,-19.594770929987565,-21.08751463856179,-24.347473687646765,-23.461722868095517,-21.086666139218114,-20.005593023755505,-21.17206407253509,-23.664833301812024,-26.25222585315115,-26.626172730392675
43.83680555555556,-32.32354667908619,,,,,,,,,,,,,,,,,,,,,
44.06779661016949,,,-30.369490085268712,,,,,,,,,,,,,,,,,,,
44.14335664335665,,,,-29.96618074582599,,-28.961230092981577,,,,,,,,,,,,,,,,
44.164037854889585,,-23.411603181093977,,,-24.63495495273139,,-26.68275511913301,-24.66647666069451,-28.286671108065768,-24.293020975460383,-23.511105887374526,-26.90892899012631,-22.099411664866377,-17.213846537361363,-23.677800388993195,-21.05889737853214,-19.383380782690733,-27.434842107290432,-25.518847889689948,-25.93276569765693,-25.09421839112456,-30.55618711986087
44.270833333333336,-32.84912665572358,,,,,,,,,,,,,,,,,,,,,
44.49152542372881,,,-30.309585127499837,,,,,,,,,,,,,,,,,,,
44.5583596214511,,-21.94376166666239,,,-23.916634699537695,,-22.993359760577665,-24.902860965816007,-24.675857918516108,-27.524934048190318,-18.268891349306426,-22.44104146332428,-24.591499775452018,-21.44015941722091,-27.312444127814288,-20.268058680689894,-18.42896397151382,-24.31784167357206,-26.840381687801017,-26.648078188812804,-23.93603587714183,-28.84327620930855
44.58041958041958,,,,-29.264813371811034,,-28.95796091449934,,,,,,,,,,,,,,,,
44.704861111111114,-33.275806958597,,,,,,,,,,,,,,,,,,,,,
44.91525423728813,,,-30.492973858495137,,,,,,,,,,,,,,,,,,,
44.952681388012614,,-22.5139520408545,,,-26.583810463028748,,-22.548560752686466,-25.272297315878344,-25.029307762993007,-28.100031015501447,-17.561656256559754,-24.138784941963696,-27.211440499712154,-23.463079852962792,-22.67525822481255,-16.501342052454472,-18.29772255927748,-20.0471803438536,-29.730230775379244,-28.11461001137001,-20.40101935140132,-26.029425937445506
45.01748251748252,,,,-30.102312298952853,,-29.402853795520656,,,,,,,,,,,,,,,,
45.13888888888889,-33.56094185797469,,,,,,,,,,,,,,,,,,,,,
45.33898305084745,,,-30.345693481798087,,,,,,,,,,,,,,,,,,,
45.34700315457413,,-26.783629103474876,,,-25.74573766923459,,-23.626107463745246,-24.232100420543066,-28.69961869515229,-27.241416897614723,-16.11056500723581,-19.616182334413605,-23.861540432056685,-18.908905315408504,-21.94932154306332,-19.92005637054657,-17.87159031493898,-21.415149496688368,-22.81738051408814,-23.36127404747087,-23.810849123869385,-29.74295281600205
45.45454545454545,,,,-29.595232628898547,,-28.81987044971892,,,,,,,,,,,,,,,,
45.57291666666667,-33.52285135115662,,,,,,,,,,,,,,,,,,,,,
45.74132492113564,,-24.349905437942457,,,-27.950023385030715,,-23.69156812229496,-22.699085780019374,-31.190639307611878,-21.052283192950007,-16.434357184735074,-19.75368021156547,-22.636643824620837,-20.25740298313786,-25.12978869492406,-18.23522991721372,-16.5353800912908,-20.313081833854014,-25.599239263267837,-28.009713351870552,-24.680045691137277,-26.956270094799436
45.762711864406775,,,-30.616743453363913,,,,,,,,,,,,,,,,,,,
45.89160839160839,,,,-30.60063001611576,,-27.98461420206953,,,,,,,,,,,,,,,,
46.00694444444444,-33.76175275088779,,,,,,,,,,,,,,,,,,,,,
46.13564668769716,,-19.089198392107203,,,-23.60716956337215,,-22.3819246158775,-23.096766456275798,-27.372073985726786,-26.634598776279898,-15.596557110273146,-20.007966442786646,-21.62922395852587,-15.600982917183677,-20.626850289306176,-17.76548325809343,-19.438653818139752,-20.27216775095439,-24.30823654387844,-23.390542442361088,-18.167065617082027,-20.824486936342943
46.1864406779661,,,-31.64632037117076,,,,,,,,,,,,,,,,,,,
46.328671328671334,,,,-29.864777835354026,,-28.331631628821217,,,,,,,,,,,,,,,,
46.44097222222222,-32.60262047724404,,,,,,,,,,,,,,,,,,,,,
46.52996845425867,,-19.238458817702274,,,-26.43634889630531,,-25.89647775155197,-20.837526072176317,-26.516184421491033,-29.386401891533996,-18.963413423967783,-23.765384376176286,-20.557164358013186,-19.018894308677236,-21.107571070657116,-25.49310375410938,-21.172151596116194,-27.438779404480552,-23.584438355764007,-24.174354548764857,-25.433115510776442,-30.53120297561069
46.61016949152542,,,-31.94345900231539,,,,,,,,,,,,,,,,,,,
46.76573426573427,,,,-29.900656875453702,,-31.05441931317841,,,,,,,,,,,,,,,,
46.875,-32.46123928878007,,,,,,,,,,,,,,,,,,,,,
46.92429022082019,,-23.27419463876327,,,-23.76501857528845,,-23.013040266534755,-20.862939693309496,-30.328622634452607,-24.698806748018864,-18.298004712644843,-20.41026424795522,-22.394976140941907,-15.996737494710212,-20.150270062012268,-20.122913586091517,-21.960126988254558,-24.335649050490265,-21.80984693257609,-25.2777139230164,-22.901490785059696,-27.397429811055737
47.03389830508474,,,-31.369201793108555,,,,,,,,,,,,,,,,,,,
47.20279720279721,,,,-28.87119236937061,,-30.255771839442833,,,,,,,,,,,,,,,,
47.30902777777778,-31.908158570388665,,,,,,,,,,,,,,,,,,,,,
47.3186119873817,,-23.003175367692247,,,-28.697659432766134,,-21.792388603264474,-24.73331093439936,-35.0557544082579,-23.55496029647192,-17.410126716830337,-22.712781224732957,-21.256094118484995,-20.92777328736422,-23.350949099343723,-16.09674191680364,-19.594644559779784,-19.317419827690742,-23.45411370082743,-28.95154084103073,-19.998345873833163,-25.684678174766567
47.45762711864407,,,-31.766924641808988,,,,,,,,,,,,,,,,,,,
47.63986013986014,,,,-30.337957204653872,,-30.142514872764295,,,,,,,,,,,,,,,,
47.71293375394322,,-24.635711682400874,,,-30.179851021024856,,-22.61532459094522,-25.39157628346057,-32.18234239689558,-23.243721273761235,-17.381594373603114,-27.298813214867913,-26.121523876453285,-20.20097658117706,-29.248470245768203,-20.213499998361716,-22.917821295365915,-19.02342985413047,-29.810466235916397,-27.950950805678342,-22.239057071671123,-32.23928880042551
47.74305555555556,-32.55549433733017,,,,,,,,,,,,,,,,,,,,,
47.88135593220339,,,-30.433700541515325,,,,,,,,,,,,,,,,,,,
48.07692307692308,,,,-30.101959620351764,,-30.5134547662991,,,,,,,,,,,,,,,,
48.10725552050473,,-25.276418412917476,,,-27.547116350930786,,-21.44140443068709,-26.649331120418726,-31.86788208471121,-23.60928132302836,-18.424932111602416,-20.376924968418834,-23.97515172864264,-19.88711144996439,-24.2210884752832,-20.473326267838342,-21.290846821343155,-19.70179519432013,-22.472144006350607,-28.454829953644026,-21.862828080972488,-26.535927512152046
48.177083333333336,-31.995322984766656,,,,,,,,,,,,,,,,,,,,,
48.30508474576271,,,-32.07501266372842,,,,,,,,,,,,,,,,,,,
48.50157728706625,,-22.177283675659716,,,-26.013891711340783,,-23.389310204398264,-26.379541819701988,-31.88265715793196,-24.87053418997482,-19.41404719870427,-26.11921838289451,-26.423432214201185,-18.606171983554454,-22.57778582777011,-20.74724074013993,-23.510095429804156,-23.64634627915271,-25.90430897656685,-23.9112651500429,-23.836530333660562,-28.442697744118185
48.51398601398601,,,,-28.528423835188484,,-29.42889871043942,,,,,,,,,,,,,,,,
48.611111111111114,-32.6728069880784,,,,,,,,,,,,,,,,,,,,,
48.728813559322035,,,-32.48351928276679,,,,,,,,,,,,,,,,,,,
48.89589905362776,,-22.417830246999312,,,-29.225987246934654,,-22.24444102619245,-25.7995421850302,-31.41548024115849,-26.399875811342152,-19.05025248709201,-23.4265269943774,-22.172026807813577,-16.78498617079842,-22.414122989551046,-20.29736357895023,-19.699023132000764,-23.661711635670372,-23.74046148980896,-23.670056485713285,-24.546540074691645,-31.58591557247407
48.95104895104895,,,,-30.344072838135673,,-29.961632373738155,,,,,,,,,,,,,,,,
49.04513888888889,-32.81154963094715,,,,,,,,,,,,,,,,,,,,,
49.152542372881356,,,-31.97031636857368,,,,,,,,,,,,,,,,,,,
49.290220820189276,,-22.332269644563052,,,-23.87158268026535,,-21.340795640768427,-30.92682194249252,-31.990547047960717,-24.07342956900527,-22.240587507066635,-27.131104295019576,-22.44535328018578,-16.761809464959146,-23.35222599686962,-23.00626203420156,-22.781021353486953,-20.882010908059254,-22.865612737752304,-20.67997017904757,-24.64842201325894,-30.42419004789054
49.388111888111894,,,,-29.740911103615037,,-29.98335638647467,,,,,,,,,,,,,,,,
49.47916666666667,-34.104865931735986,,,,,,,,,,,,,,,,,,,,,
49.57627118644068,,,-30.87749647077611,,,,,,,,,,,,,,,,,,,
49.68454258675079,,-21.230587345482157,,,-24.571653291648623,,-25.511777546737953,-21.585761900369405,-27.541751178175065,-23.774302818705937,-23.550175404409703,-19.63854410107019,-22.956599729113623,-20.08951865823632,-23.26664710807495,-19.067280385117954,-19.814545938745955,-25.334253133089646,-22.360569277633786,-25.09460927652426,-27.192855710637534,-27.367002627683622
49.82517482517483,,,,-29.597339884147406,,-28.696984648918843,,,,,,,,,,,,,,,,
49.91319444444444,-33.21264008609814,,,,,,,,,,,,,,,,,,,,,
50.0,,,-31.947522233147854,,,,,,,,,,,,,,,,,,,
50.078864353312305,,-22.840976970067597,,,-23.925773079239953,,-22.942880934662067,-27.867428271244773,-28.74237683741279,-24.70017031745137,-20.33465771915891,-24.490976297032603,-24.45260929040086,-22.882025017573795,-23.65766461932309,-17.568380364202707,-22.401172781411674,-26.238847882446976,-24.677544417920206,-26.5706147581227,-22.74602724087953,-27.583955687528224
50.26223776223777,,,,-29.990728029815557,,-30.96205217966708,,,,,,,,,,,,,,,,
50.34722222222222,-33.3089962674954,,,,,,,,,,,,,,,,,,,,,
50.42372881355932,,,-32.36867765744943,,,,,,,,,,,,,,,,,,,
50.473186119873816,,-23.45902628936249,,,-23.97238880073882,,-19.75208679772711,-23.504674349120318,-29.749676235516933,-21.183388947016798,-20.674446150253825,-22.861536798520003,-23.635015068961962,-20.738592698736895,-24.99308892116837,-21.057686278658462,-19.539721756497574,-21.74960075222744,-27.583314687920872,-25.860437493805726,-24.22405980762583,-26.39313400165674
50.6993006993007,,,,-31.7641829758723,,-29.243532866601253,,,,,,,,,,,,,,,,
50.78125,-32.885915026522206,,,,,,,,,,,,,,,,,,,,,
50.847457627118644,,,-30.43793520744803,,,,,,,,,,,,,,,,,,,
50.86750788643533,,-23.043872206244295,,,-23.493279488572593,,-22.438801311060136,-25.173135511998066,-32.53985553605182,-23.16296439111042,-20.26454832754374,-22.85272096539348,-24.01229367803465,-21.29562334989856,-22.449067704104696,-19.213519994129193,-19.97756286387104,-21.823440820973033,-23.63164272521306,-28.844155328853596,-22.237874772652845,-34.696961176841455
51.13636363636364,,,,-28.549241790864755,,-29.442439228462824,,,,,,,,,,,,,,,,
51.21527777777778,-33.815374128337275,,,,,,,,,,,,,,,,,,,,,
51.261829652996845,,-20.781298998072934,,,-27.469411194411162,,-21.504179468883724,-26.502925725299857,-30.308479207413523,-21.664164116337204,-19.516366898209828,-21.494363283914748,-21.6870630151752,-19.73456400882945,-24.44930806635737,-18.513956267647544,-20.586959924116943,-26.980540379104912,-24.246152816387873,-26.11073366991451,-22.332142197448047,-29.920893096112376
51.271186440677965,,,-30.84759121891165,,,,,,,,,,,,,,,,,,,
51.57342657342657,,,,-29.06639734443493,,-30.336270300592606,,,,,,,,,,,,,,,,
51.64930555555556,-31.86729296131878,,,,,,,,,,,,,,,,,,,,,
51.656151419558356,,-21.743028474109046,,,-23.371063600978868,,-20.345022117047865,-29.369538963907996,-26.339944080794833,-23.142350528580568,-16.370916802941476,-22.76191394063856,-26.05775856105734,-22.863512417603577,-22.534036331025295,-18.33386367757079,-19.535909854313697,-20.138829937897047,-24.20236656135481,-26.91030053791984,-19.952902863515472,-23.50792192711943
51.69491525423729,,,-32.73245947376534,,,,,,,,,,,,,,,,,,,
52.01048951048951,,,,-30.990008166381045,,-30.573014174545712,,,,,,,,,,,,,,,,
52.05047318611987,,-18.898637582160323,,,-25.459649516049712,,-20.771109926332834,-21.822817428416382,-27.756143550500347,-23.169720721186366,-18.455433803375147,-22.329999572919398,-19.830210160362597,-18.04358161295991,-21.223989104431848,-18.34265781459687,-17.214324100599587,-19.4500698403521,-21.97358093894739,-22.48414365489227,-20.19982805317315,-25.30987269110681
52.083333333333336,-34.25144243868802,,,,,,,,,,,,,,,,,,,,,
52.11864406779661,,,-31.72076687235228,,,,,,,,,,,,,,,,,,,
52.444794952681384,,-19.11981343948985,,,-27.150144429547428,,-21.63700869678683,-26.717956403732416,-29.12089365875455,-19.982304960489586,-17.465489412437062,-22.315671259518187,-21.494712067885576,-22.9636054704542,-28.349714219944033,-19.442890140482216,-21.053443137829095,-20.894527938845965,-27.202753068380158,-28.216515185850994,-23.072352184253365,-25.70886606525617
52.447552447552454,,,,-33.50461136698944,,-29.538590049162636,,,,,,,,,,,,,,,,
52.517361111111114,-32.692292741003584,,,,,,,,,,,,,,,,,,,,,
52.54237288135593,,,-30.96408572835879,,,,,,,,,,,,,,,,,,,
52.8391167192429,,-20.190988273820036,,,-27.02506154590961,,-26.046156585325182,-28.09841385517245,-26.618294140450313,-28.450149626782977,-17.64142635053088,-20.811471116311484,-23.012936235950225,-20.39524449614026,-19.667372549184734,-17.558981011268926,-20.22710595722344,-19.287281942196042,-24.45010016032955,-24.996061705955842,-22.422352332699152,-24.495008441607176
52.88461538461539,,,,-31.886577752147172,,-29.450933569596035,,,,,,,,,,,,,,,,
52.95138888888889,-33.771631332405086,,,,,,,,,,,,,,,,,,,,,
52.96610169491525,,,-31.704818334164354,,,,,,,,,,,,,,,,,,,
53.23343848580441,,-18.869014154821222,,,-24.21902190280097,,-20.526909084498243,-21.661298005731684,-24.966470332511996,-23.59744002219395,-16.571739068626922,-22.09284678327829,-20.791272818815802,-20.505282359588765,-22.554232103046434,-16.35570296444183,-18.49848339762352,-20.707038222211278,-25.432246876195773,-23.64367398595892,-18.429382740396225,-25.31606520978737
53.32167832167833,,,,-30.062738113226672,,-29.623681231567822,,,,,,,,,,,,,,,,
53.38541666666667,-33.38642502669089,,,,,,,,,,,,,,,,,,,,,
53.389830508474574,,,-31.31569587507397,,,,,,,,,,,,,,,,,,,
53.62776025236593,,-20.97353908430003,,,-26.36477241432151,,-20.262208383601,-25.74751182183037,-28.68790359148536,-23.263855007250275,-17.435791644702007,-20.71561097402997,-23.328038158662157,-22.50581068446621,-26.43603940239441,-19.17636180515873,-19.415400570244103,-22.844707385362295,-24.949188218290697,-27.552325010460976,-21.294982925012416,-28.665514667730747
53.75874125874126,,,,-30.284869985671648,,-29.09993702556077,,,,,,,,,,,,,,,,
53.813559322033896,,,-31.224794498804005,,,,,,,,,,,,,,,,,,,
53.81944444444444,-31.41134426100508,,,,,,,,,,,,,,,,,,,,,
54.02208201892744,,-24.810299877216117,,,-26.367372741478025,,-20.63602421135648,-27.203396971925326,-27.695561823102985,-24.579998669809186,-19.019203186809865,-20.7472532926123,-26.197815700139998,-21.916251495919866,-25.007100808055103,-17.934859446092016,-18.9302125285797,-20.697266499273983,-24.39790507224015,-27.678503400961652,-21.956513000896777,-25.317699176725828
54.1958041958042,,,,-29.25135841557612,,-29.292626176157203,,,,,,,,,,,,,,,,
54.23728813559322,,,-30.849307727085066,,,,,,,,,,,,,,,,,,,
54.25347222222222,-32.32008058196784,,,,,,,,,,,,,,,,,,,,,
54.41640378548896,,-20.778907842035583,,,-28.00101060387927,,-23.694791427515405,-25.138134492621912,-30.352071566207325,-30.736699137425365,-19.48852544118293,-24.343108923881157,-24.790375874569268,-20.793431391474538,-24.230975932218943,-22.73752900974416,-22.995666146067478,-23.50422048114162,-23.866148231925155,-25.960955893408606,-26.713781432671542,-32.55101208752741
54.63286713286713,,,,-29.841035839740094,,-28.620663906793514,,,,,,,,,,,,,,,,
54.66101694915254,,,-30.738266994565333,,,,,,,,,,,,,,,,,,,
54.6875,-32.87955793732349,,,,,,,,,,,,,,,,,,,,,
54.81072555205047,,-22.079840511352366,,,-24.58542479622373,,-18.306684400690237,-29.310006412009795,-29.013602801370673,-19.44259735700322,-22.063844069003427,-25.297868996665734,-26.548002486564034,-22.49699669621197,-23.617845931992544,-19.17596860645777,-20.482598684802426,-23.064272741222993,-23.458246180779156,-27.523125283918016,-23.39904379020344,-28.059865218992286
55.069930069930074,,,,-29.661565648974907,,-30.50506624779445,,,,,,,,,,,,,,,,
55.08474576271186,,,-32.698300142412485,,,,,,,,,,,,,,,,,,,
55.12152777777778,-32.45964558271114,,,,,,,,,,,,,,,,,,,,,
55.20504731861199,,-19.154584272015192,,,-23.22028347686309,,-19.70057613501901,-28.480588924738793,-29.750521419937,-21.609976811164028,-18.55173294080588,-23.65451163590788,-23.603510927208447,-23.275857882626884,-25.90392988230143,-24.100475960693586,-19.565436374138127,-19.133531426096226,-23.789794012887068,-23.335947312512033,-25.169266719512574,-26.938898453546393
55.50699300699301,,,,-30.318155533985546,,-29.513905380646598,,,,,,,,,,,,,,,,
55.50847457627118,,,-31.241652566494967,,,,,,,,,,,,,,,,,,,
55.55555555555556,-34.00911840487914,,,,,,,,,,,,,,,,,,,,,
55.5993690851735,,-22.92765065507654,,,-22.75583695659526,,-21.89475776070731,-26.45799620133595,-33.13295460169833,-20.777230271789573,-23.98071417439608,-26.824555950183104,-23.996537046098638,-22.125461541298424,-25.8957062797197,-19.490221330792767,-19.574621057265624,-21.61166808881585,-24.926554857120365,-29.52371178346508,-22.125580094017693,-29.41073607194623
55.932203389830505,,,-33.13532855280967,,,,,,,,,,,,,,,,,,,
55.94405594405595,,,,-30.512524091736317,,-29.20495310240019,,,,,,,,,,,,,,,,
55.989583333333336,-33.301646062941764,,,,,,,,,,,,,,,,,,,,,
55.99369085173502,,-23.286800553094405,,,-26.388415671573824,,-20.182108252247264,-30.170323249777663,-28.957549344302027,-21.59038793996622,-19.41226378586445,-22.476098481854716,-26.315675771965996,-20.271392493263935,-24.18088230177757,-15.39471220741097,-19.021622183075866,-23.384018626954028,-22.562874301266493,-25.587956276069086,-24.063691691712354,-35.30058717303389
56.35593220338983,,,-31.177709523157127,,,,,,,,,,,,,,,,,,,
56.38111888111889,,,,-29.023639257880266,,-30.334073965238392,,,,,,,,,,,,,,,,
56.38801261829653,,-23.86852054427749,,,-24.863798731486355,,-21.89884140090115,-28.321415533914607,-26.1696733976783,-22.323616236061245,-23.841190999429617,-20.98484690587755,-23.740429884755105,-19.95971739821523,-22.821912831553686,-18.30748776972875,-24.217443269156107,-22.36301058056659,-23.845297141454754,-27.06170607565657,-21.431057326780465,-23.782882302560886
56.423611111111114,-34.025760936065154,,,,,,,,,,,,,,,,,,,,,
56.77966101694915,,,-31.545663070048498,,,,,,,,,,,,,,,,,,,
56.782334384858046,,-26.157588781367224,,,-24.605090724546823,,-21.13173114879662,-26.147820540519046,-28.630587244283426,-22.2697555568982,-22.41544431019011,-23.9467258602104,-24.353366473866917,-21.607969843390254,-24.974440700984747,-18.472275278306864,-19.02066675411612,-20.563026876953906,-24.743359653248856,-27.707606204938134,-20.337836775570715,-25.6490200044744
56.81818181818182,,,,-29.08354137754539,,-29.05198682979191,,,,,,,,,,,,,,,,
56.85763888888889,-33.61607171337312,,,,,,,,,,,,,,,,,,,,,
57.17665615141956,,-24.337135786278093,,,-23.94442543219835,,-23.41697616051869,-31.323195783037153,-33.69545873528368,-23.6472995549401,-20.371057936383554,-26.1938147576372,-22.597001260906495,-23.9660848205378,-27.506962093746054,-21.039599146762963,-20.558979936723365,-24.49171325850128,-25.36856116780002,-32.04594096546867,-23.575424357223426,-30.713357736905312
57.20338983050847,,,-31.124682515430063,,,,,,,,,,,,,,,,,,,
57.25524475524476,,,,-28.36489902092884,,-30.15883320199231,,,,,,,,,,,,,,,,
57.29166666666667,-32.22647261211586,,,,,,,,,,,,,,,,,,,,,
57.57097791798107,,-21.554690337507825,,,-24.265147859158166,,-19.186975101057218,-25.094654668601788,-31.852365909473612,-19.92872976755028,-17.185779219719738,-23.128052308014432,-22.270357665998407,-21.385667356824076,-23.463629031275172,-17.95616484158485,-19.73029025792342,-21.96713028128897,-25.77563763735022,-27.271699803969142,-21.599368978237624,-25.245256400041036
57.62711864406779,,,-31.6101249256041,,,,,,,,,,,,,,,,,,,
57.69230769230769,,,,-31.14346688253481,,-31.68518713879291,,,,,,,,,,,,,,,,
57.72569444444444,-34.72614199459906,,,,,,,,,,,,,,,,,,,,,
57.965299684542586,,-24.454139032772577,,,-24.390534822648124,,-21.640733137821275,-25.20546200666473,-33.2555076949467,-25.28454397151442,-18.204825321942575,-23.884638621294485,-27.724506340756804,-23.373262959084403,-28.526345855669906,-22.263899629971647,-20.557325301088085,-21.759949929595255,-26.361771392089366,-29.406183477402692,-25.56822414891771,-29.855789759843354
58.050847457627114,,,-33.1513619668907,,,,,,,,,,,,,,,,,,,
58.129370629370634,,,,-30.92943914489035,,-29.119192915866737,,,,,,,,,,,,,,,,
58.15972222222222,-33.363976796123445,,,,,,,,,,,,,,,,,,,,,
58.3596214511041,,-24.854303610705667,,,-28.37548379089426,,-21.17360826861076,-25.827880061125597,-30.52015520856879,-18.714508418391688,-21.13284638345105,-26.06916978106276,-24.97439787350739,-21.91842902837226,-24.606160362101217,-20.385329110293473,-19.38468995911668,-22.606247724874223,-23.121434317363633,-22.68584920816364,-21.210189813421874,-24.855497240341084
58.474576271186436,,,-31.82803758994555,,,,,,,,,,,,,,,,,,,
58.56643356643357,,,,-29.42876752275865,,-30.250887046783202,,,,,,,,,,,,,,,,
58.59375,-32.97695589370392,,,,,,,,,,,,,,,,,,,,,
58.753943217665615,,-22.035398277146793,,,-24.81474740551734,,-23.512717269924817,-24.020061163088968,-32.416550855442814,-25.719438620589504,-24.612466911414174,-23.510903779484167,-21.81816929648308,-21.439089365095736,-23.01935929164252,-21.1922596500704,-21.651494560953736,-23.935768141556924,-22.866092244832725,-26.576280066610742,-23.333967949984128,-28.815411322624982
58.89830508474576,,,-29.814319069596273,,,,,,,,,,,,,,,,,,,
59.00349650349651,,,,-29.952581625549687,,-28.547902231689193,,,,,,,,,,,,,,,,
59.02777777777778,-33.67875492070647,,,,,,,,,,,,,,,,,,,,,
59.148264984227126,,-22.954605303502667,,,-28.21832552803826,,-24.876217427213476,-25.0635557420789,-32.89787778013834,-24.933205941125745,-19.043895611263565,-18.79670556256602,-24.582051561553936,-17.569658663153174,-25.05151559939449,-17.599898013198484,-19.485825722959905,-20.97793810409478,-22.4578827863283,-24.104852122170414,-22.0282818686146,-22.191052404094364
59.32203389830508,,,-30.61226938381608,,,,,,,,,,,,,,,,,,,
59.44055944055944,,,,-28.08625966158386,,-30.510471803708697,,,,,,,,,,,,,,,,
59.46180555555556,-33.863423749022786,,,,,,,,,,,,,,,,,,,,,
59.542586750788644,,-25.148034522323403,,,-27.592215162390506,,-20.73973318478763,-25.452348848864535,-25.82968582238225,-21.69518565440717,-18.312582236746078,-21.196275488833862,-25.98271481039498,-18.578762498446107,-23.541080932893077,-19.803650348715014,-23.020983313886347,-22.08782217676237,-22.069804460216105,-25.14968511798916,-23.525136969361057,-29.198663307518036
59.7457627118644,,,-31.157906260560615,,,,,,,,,,,,,,,,,,,
59.87762237762238,,,,-31.050821701471197,,-29.059559929162226,,,,,,,,,,,,,,,,
59.895833333333336,-33.07502295750955,,,,,,,,,,,,,,,,,,,,,
59.936908517350155,,-22.05070911012757,,,-22.920411721835162,,-23.72470500729642,-23.902796498771394,-27.98418333687335,-21.326319680171093,-22.396781544065792,-23.51848250613791,-26.91629301411517,-19.549591012524676,-23.32686222470917,-21.242898814081737,-24.184147680322287,-24.121768719038744,-22.554983500105873,-27.892102325790574,-23.9670801386048,-27.563300845688968
60.16949152542372,,,-30.704396981175606,,,,,,,,,,,,,,,,,,,
60.31468531468532,,,,-30.92266683134426,,-29.8830810233608,,,,,,,,,,,,,,,,
60.329861111111114,-32.26753247700221,,,,,,,,,,,,,,,,,,,,,
60.33123028391167,,-21.93397683480294,,,-25.454678794600984,,-21.52021979390734,-24.08544000234268,-34.22016273450952,-21.95499874820139,-19.239101623181803,-25.80632202015381,-24.917571294013797,-20.788088790779103,-24.185561560017096,-19.284668688741085,-22.550676476093788,-21.234734210103486,-23.774569245037195,-31.396821435877133,-24.289539935517524,-25.346672086024967
60.593220338983045,,,-32.35333380358516,,,,,,,,,,,,,,,,,,,
60.72555205047318,,-22.814579466759493,,,-28.60125708545232,,-24.276192668041695,-25.095389579596787,-31.008656834479286,-17.574985396568284,-18.97722151935731,-25.87457401954949,-23.829119629432444,-18.131806053193003,-22.567145117709448,-17.744568154545746,-18.140802936616,-20.611160576821778,-23.23782189007433,-23.890718833437784,-19.47832624316892,-23.17119556995817
60.75174825174825,,,,-29.661093382687717,,-28.74165283036457,,,,,,,,,,,,,,,,
60.76388888888889,-32.137023326577484,,,,,,,,,,,,,,,,,,,,,
61.01694915254237,,,-32.97420501912988,,,,,,,,,,,,,,,,,,,
61.1198738170347,,-28.6018018258529,,,-26.060292012852376,,-25.125520613404795,-28.042245584156717,-30.025966917238566,-22.388239450849067,-18.989957455465845,-24.807762223284435,-22.333503924916723,-19.778132853842994,-24.642663402210967,-19.713346471836758,-21.127773215535907,-20.049132180431425,-24.097465514426162,-25.39651181773473,-22.71349181698011,-27.38123668234156
61.188811188811194,,,,-30.460624363490705,,-30.580783793328337,,,,,,,,,,,,,,,,
61.19791666666667,-32.94134300920955,,,,,,,,,,,,,,,,,,,,,
61.440677966101696,,,-32.75686118782051,,,,,,,,,,,,,,,,,,,
61.51419558359621,,-25.526018080766665,,,-24.115897879062285,,-20.79764729322005,-27.928828028321746,-30.721927009967704,-20.591498899474637,-22.726842968349626,-24.197862897363034,-27.685634846070172,-21.44697514748834,-24.199708672033,-20.417347171357804,-21.44518130908232,-23.46651187645311,-26.648300649060506,-29.626746128106777,-22.295877715600767,-26.267932233602416
61.62587412587413,,,,-28.85053581451861,,-28.646308537565368,,,,,,,,,,,,,,,,
61.63194444444444,-32.68740429014785,,,,,,,,,,,,,,,,,,,,,
61.86440677966102,,,-32.19277682085098,,,,,,,,,,,,,,,,,,,
61.90851735015773,,-24.906442794738002,,,-24.596472773494888,,-18.417001808161057,-25.792603885706114,-27.941010789734445,-20.335595651547447,-16.828804448190567,-27.033864233262896,-23.957858783683232,-20.203874194595418,-24.409078867248592,-17.834809824354835,-17.2753114290051,-21.47842203705027,-24.489598796169606,-24.725044103511383,-20.045499565959904,-28.660373049668454
62.06293706293707,,,,-29.76737795918085,,-30.923510074526238,,,,,,,,,,,,,,,,
62.06597222222222,-32.9626841459607,,,,,,,,,,,,,,,,,,,,,
62.28813559322034,,,-31.610567841787024,,,,,,,,,,,,,,,,,,,
62.30283911671924,,-21.98601646125684,,,-28.263336053067537,,-24.025494801680082,-31.029230406177003,-28.327020308735445,-25.493618256047558,-18.5809976723972,-27.90734599501775,-26.37786535396,-27.78796886441061,-29.122561268749042,-23.27886855482376,-21.13861689262031,-19.949440245091715,-27.60363302527524,-33.84247172695407,-23.07705682013172,-29.751211908799
62.5,-33.77878775722263,,,-29.018390563089845,,-29.956513070277254,,,,,,,,,,,,,,,,
62.69716088328076,,-23.98127862384905,,,-25.659170209565584,,-21.884346891818414,-25.80157122716207,-28.549242493156157,-21.261038252828957,-16.196471468008372,-23.76927320305571,-23.437253179399164,-21.810550137315932,-25.20966021219193,-16.69563403665367,-17.931393485964275,-17.850384192037968,-28.974627353772465,-27.38851900950102,-19.45986571365788,-26.555012260832324
62.71186440677966,,,-31.423321206763422,,,,,,,,,,,,,,,,,,,
62.93402777777778,-34.348931959694305,,,,,,,,,,,,,,,,,,,,,
62.93706293706294,,,,-30.919901635931204,,-29.705703491902565,,,,,,,,,,,,,,,,
63.09148264984227,,-22.109553726147002,,,-26.244626549628844,,-21.484545083487273,-23.259419910329303,-30.552471223538493,-24.006684252978435,-20.241584473417593,-25.82576322148201,-21.359610650327255,-20.408928821807798,-24.037893206887272,-19.483150941396616,-19.59774541882728,-20.71474078280508,-24.57230732544515,-29.43611078518642,-24.185309377678553,-24.72115398813172
63.13559322033898,,,-31.77241091592807,,,,,,,,,,,,,,,,,,,
63.36805555555556,-34.17899087294466,,,,,,,,,,,,,,,,,,,,,
63.37412587412588,,,,-31.87523017375508,,-30.715849790135483,,,,,,,,,,,,,,,,
63.48580441640378,,-24.99889617303781,,,-23.61721403138892,,-20.493018863182467,-29.24584754319105,-26.56171935135361,-18.27753361197713,-20.355992688467744,-20.929464977999682,-23.86095808108715,-21.482170946505345,-24.22659261612192,-19.460197493220857,-21.18466966882497,-22.04061487678435,-25.382325269707987,-26.94035955495975,-22.196820115988157,-24.517852886066514
63.559322033898304,,,-31.908925967751795,,,,,,,,,,,,,,,,,,,
63.802083333333336,-33.847938875637276,,,,,,,,,,,,,,,,,,,,,
63.81118881118881,,,,-29.387095610639303,,-29.779424824644973,,,,,,,,,,,,,,,,
63.8801261829653,,-25.160245081940968,,,-24.713606072422994,,-22.44040630152288,-24.45731140207756,-28.86245018787522,-22.135688763613,-16.781958615042203,-19.07656555617527,-21.265280577117593,-23.310348502573408,-22.15452496746307,-18.027159063855972,-21.635935431104528,-20.005587048868247,-29.20706307051199,-25.72029558893496,-20.520404086098534,-24.28745647110303
63.983050847457626,,,-30.94818495919188,,,,,,,,,,,,,,,,,,,
64.23611111111111,-33.159734588827085,,,,,,,,,,,,,,,,,,,,,
64.24825174825175,,,,-29.78226501141097,,-30.462401555431825,,,,,,,,,,,,,,,,
64.27444794952682,,-22.66619958055335,,,-27.673337850571247,,-19.912809570938066,-27.82414003977134,-29.657979462572722,-19.64378170665737,-17.66815726137093,-19.644220935950795,-25.687496402615285,-19.169949764908,-23.80328393752349,-22.549216195365982,-16.308856860069156,-19.710002465287463,-24.107321413353038,-27.034535720853786,-18.254525403416366,-22.358663849979965
64.40677966101694,,,-32.06283908223661,,,,,,,,,,,,,,,,,,,
64.66876971608832,,-21.866342000484593,,,-28.620152658069877,,-22.982751632378122,-25.593890449435992,-28.13488955199375,-21.686169663932663,-18.30032344401621,-23.00085573428,-22.560840556346587,-19.849126911239427,-24.788957452969512,-24.687784590807137,-23.078618427681945,-23.22777577188313,-24.023858757116784,-23.219447946278336,-24.447094074091414,-28.167429874688274
64.67013888888889,-34.76592996331777,,,,,,,,,,,,,,,,,,,,,
64.6853146853147,,,,-31.622881808464033,,-30.3910086756825,,,,,,,,,,,,,,,,
64.83050847457626,,,-32.349157298341375,,,,,,,,,,,,,,,,,,,
65.06309148264984,,-21.216955693641637,,,-25.656024762402883,,-19.60922919264458,-27.39894122376967,-30.680032143811786,-20.281232206687886,-16.777716888964374,-25.167601641354416,-20.82982986416798,-19.397776598811053,-21.271740574238752,-20.637542161713597,-19.07446097292944,-17.62327752367626,-22.080490970550795,-22.82688485550993,-24.003716924263504,-25.218532899955886
65.10416666666667,-32.51592143246385,,,,,,,,,,,,,,,,,,,,,
65.12237762237763,,,,-30.371862214315808,,-29.293368552220123,,,,,,,,,,,,,,,,
65.25423728813558,,,-33.330153631947255,,,,,,,,,,,,,,,,,,,
65.45741324921136,,-20.711440700325262,,,-24.548092304727515,,-23.369680084491314,-24.622503961079985,-28.252334809226568,-20.233040973092244,-21.55792119338348,-21.714493263747976,-20.692372823663522,-21.092660640701535,-22.371689679558898,-18.175306890048684,-24.502047890279602,-23.645761205087762,-23.502819636881554,-25.236008765696575,-21.96773433213907,-26.042620253807208
65.53819444444444,-33.521807378486784,,,,,,,,,,,,,,,,,,,,,
65.55944055944056,,,,-28.90466121608483,,-30.179602238293874,,,,,,,,,,,,,,,,
65.6779661016949,,,-31.440596429734924,,,,,,,,,,,,,,,,,,,
65.85173501577287,,-20.0713599339477,,,-25.124623494236335,,-27.105184668294932,-26.838945237820365,-31.642504245483337,-18.625384040667562,-16.575112390216983,-19.99759006713036,-23.288648167992807,-15.93316682896724,-19.66398163442758,-16.220616634842397,-19.35865910943817,-18.33325533811045,-21.75984945249601,-22.568011918297163,-20.004992286732406,-22.097431370859574
65.97222222222223,-36.24579043169828,,,,,,,,,,,,,,,,,,,,,
65.9965034965035,,,,-30.014343860820397,,-29.980079146666508,,,,,,,,,,,,,,,,
66.10169491525423,,,-31.687433931832697,,,,,,,,,,,,,,,,,,,
66.24605678233438,,-20.793706644812026,,,-22.531937661604246,,-19.443871884814865,-24.124421814262917,-28.14929851407976,-19.206099585138983,-20.036558064801376,-23.290965333805442,-21.783817988558692,-19.251731762828733,-22.78294968703574,-18.84788828218115,-20.00905172638694,-24.2576718797024,-21.19263515641322,-21.362022694406235,-20.89222745557814,-23.526288831862026
66.40625,-34.157546230513574,,,,,,,,,,,,,,,,,,,,,
66.43356643356644,,,,-30.818313388117573,,-29.824649224213996,,,,,,,,,,,,,,,,
66.52542372881355,,,-30.611142573665973,,,,,,,,,,,,,,,,,,,
66.6403785488959,,-22.658995013903684,,,-23.80234957157529,,-22.47977347128562,-25.636770879088306,-28.226672041463324,-20.017319934614715,-21.7365481179708,-20.09966105697601,-22.113469268048977,-21.84316120946835,-25.769844032955245,-18.330241541291848,-19.440886344224246,-24.117486097824084,-22.10619497318633,-26.0587910407208,-21.730203958239496,-24.457081894549223
66.84027777777779,-34.30715513874445,,,,,,,,,,,,,,,,,,,,,
66.87062937062937,,,,-29.442123061861203,,-29.279328062986202,,,,,,,,,,,,,,,,
66.94915254237287,,,-32.65276674520947,,,,,,,,,,,,,,,,,,,
67.03470031545741,,-19.392615007176044,,,-21.713424659603223,,-20.887171198802527,-27.144675624940025,-34.923606640932555,-22.192451961836586,-18.754567745105902,-22.074473739279288,-22.846693414255654,-18.16946809933333,-26.747952752653266,-17.45224504760786,-22.09477378023278,-23.557923859428673,-22.876847702240383,-27.580656118861395,-22.801408599769942,-25.040465582733482
67.27430555555556,-32.81696906421107,,,,,,,,,,,,,,,,,,,,,
67.3076923076923,,,,-29.428411149946193,,-29.133650710257417,,,,,,,,,,,,,,,,
67.3728813559322,,,-32.572776952668136,,,,,,,,,,,,,,,,,,,
67.42902208201893,,-20.31747113349598,,,-26.36879753030139,,-22.268305404265043,-21.86715148405358,-31.4080631394717,-20.01760415292826,-18.95669049481125,-26.083169872559562,-22.11484576385925,-20.571800135912472,-23.14798117788043,-23.166633668051514,-17.572397213078673,-20.26097290291714,-25.02661267080174,-28.62936025189176,-32.691721857472004,-27.756254423093914
67.70833333333333,-35.27160606351296,,,,,,,,,,,,,,,,,,,,,
67.74475524475525,,,,-30.155825763352496,,-28.815999458830266,,,,,,,,,,,,,,,,
67.79661016949152,,,-33.37948441668659,,,,,,,,,,,,,,,,,,,
67.82334384858044,,-18.381601176920153,,,-24.074823856878634,,-23.20613271292473,-23.111215847401496,-28.843632838933267,-23.25871404237751,-19.06911726209735,-20.132219234626618,-22.95704504693153,-16.954748829038675,-24.88138815179933,-18.187058856695895,-19.334911494960096,-21.23834667499608,-24.03972868503065,-25.944960002394758,-21.064770082358795,-25.48976197958514
68.14236111111111,-32.88057163724473,,,,,,,,,,,,,,,,,,,,,
68.18181818181819,,,,-29.203895276459047,,-28.09550449586356,,,,,,,,,,,,,,,,
68.21766561514195,,-22.545787691246467,,,-23.217320539158994,,-22.294931465678882,-23.29627638374753,-29.268318137712093,-21.85137693387666,-17.205183585173234,-25.33360754820816,-21.767372766591297,-21.44869329989496,-23.450747642772765,-19.675871623591327,-17.125675757803396,-18.55586918209184,-25.0616883244314,-25.77793474158177,-21.21630436587087,-23.683177242164223
68.22033898305085,,,-30.84529137222743,,,,,,,,,,,,,,,,,,,
68.57638888888889,-32.57797462473837,,,,,,,,,,,,,,,,,,,,,
68.61198738170347,,-20.1651552280038,,,-26.213190093643345,,-21.44388001942513,-26.584080617307222,-30.008638189889844,-24.168063481437155,-19.34824229265871,-21.339837327453953,-22.450695306128825,-20.43604682802568,-20.08016926707211,-16.301150796014582,-18.446064390644395,-25.061257538820204,-21.05511093283555,-22.565091652270837,-24.717315163479725,-26.953978282672914
68.61888111888112,,,,-29.133306137014916,,-28.555782545519104,,,,,,,,,,,,,,,,
68.64406779661017,,,-32.7248255451161,,,,,,,,,,,,,,,,,,,
69.00630914826499,,-19.431840307122858,,,-26.73106865223219,,-20.034598689699155,-23.689343229655265,-29.351322517740094,-19.91397346601669,-15.262694745447229,-19.442479472487896,-24.38887560822988,-20.44225858238248,-21.197063520603542,-18.853240495818856,-21.3309209781544,-18.620587245384016,-21.53950651268509,-25.709148759804485,-20.984845699039713,-24.811693251948313
69.01041666666667,-32.69860254657688,,,,,,,,,,,,,,,,,,,,,
69.05594405594405,,,,-29.382630580683003,,-28.45905409666745,,,,,,,,,,,,,,,,
69.0677966101695,,,-31.52591519863669,,,,,,,,,,,,,,,,,,,
69.4006309148265,,-19.793910094815413,,,-24.759487657345556,,-21.7398752609272,-24.50903585527564,-37.62986659392443,-26.786434140747986,-16.940019780917,-21.077367318666415,-23.928949198625123,-23.928452185501612,-29.667876016618113,-22.717162198533856,-23.213018036245355,-20.358832284955326,-27.099608717600493,-30.266097174227774,-24.603721130251046,-24.206363477683688
69.44444444444444,-33.566325052251834,,,,,,,,,,,,,,,,,,,,,
69.49152542372882,,,-31.855078110927153,,,,,,,,,,,,,,,,,,,
69.493006993007,,,,-29.39102489990472,,-29.916763493500856,,,,,,,,,,,,,,,,
69.79495268138801,,-22.042983177741206,,,-28.65081601365724,,-25.511753774364756,-23.510720046842,-30.797942802055218,-20.415951152389745,-16.278934669161874,-24.932499632908357,-24.041703468006403,-22.248379338305778,-26.1132352152193,-19.246264729788006,-16.83324819772447,-18.478046990222776,-26.366776212143645,-29.739514622388036,-23.304714584669824,-27.277289955635172
69.87847222222223,-32.8804042620755,,,,,,,,,,,,,,,,,,,,,
69.91525423728814,,,-31.051886817584588,,,,,,,,,,,,,,,,,,,
69.93006993006993,,,,-30.42018389007978,,-29.672688898862045,,,,,,,,,,,,,,,,
