frequency_hz,FP1-F7,F7-T3,T3-T5,T5-O1,FP2-F8,F8-T4,T4-T6,T6-O2,T3-C3,C3-CZ,CZ-C4,C4-T4,FP1-F3,F3-C3,C3-P3,P3-O1,FP2-F4,F4-C4,C4-P4,P4-O2,A1-T3,T4-A2
0.0,-6.373027613303909,-7.783038728251386,-9.71630260431246,-5.710166109159702,-8.910446903491826,-11.615480858218463,-9.024022833666766,-6.452946737214476,-8.385873300800744,-7.894598658746139,-6.111152666269556,-9.237830404707621,-7.860288731664682,-6.582775323149324,-7.209782833358805,-6.629108204451524,-7.675503491036691,-5.940037581672867,-7.892042752141697,-4.782594934668041,-6.391714643956642,-10.212368428813697
0.4699248120300752,-7.600067691463695,-6.491293061788725,-10.407968371791421,-7.002337766779478,-4.936833712063359,-7.322833327802098,-7.942658754888516,-5.312905172876071,-10.197144882933275,-8.34589220519147,-8.12561069633744,-9.899365332050726,-7.908180923978208,-7.557973237801149,-9.239462444248062,-6.5692058183099356,-5.315914844235983,-6.905369769463599,-8.8057761876101,-7.623437441852781,-7.792354467491371,-7.445444810383324
0.9398496240601504,-7.87020574197447,-8.89351070869115,-9.23793591177142,-9.83682546386428,-7.170877615343767,-6.622359912354769,-9.407641173467347,-7.957115589806219,-9.512258543687533,-11.017705019017486,-8.932881380898891,-9.651507048498964,-8.180738088149264,-9.769642360765934,-11.925173153061516,-9.769529259634679,-7.884104893599387,-8.767840333514048,-9.23744856742899,-8.629918633028394,-8.664690901210081,-8.233798194924672
1.4097744360902256,-8.748661771146427,-9.137157775110051,-11.250317357259885,-11.002184100418638,-8.34800987483794,-9.049697080989533,-9.417554786511005,-11.035214537584938,-10.57071691639762,-10.816630458591604,-9.60190516922289,-11.187705243226546,-9.550417922936548,-10.871283309961093,-11.549933999597027,-11.175260856518152,-9.890709949635946,-9.494619218954996,-9.814064016292754,-10.747639278324945,-10.759088066673993,-9.642356470482637
1.8796992481203008,-11.670820895934005,-10.615945693171925,-12.255442979429752,-13.92497364492369,-9.984633029193084,-10.763419047941786,-11.425547279832015,-11.904736097070169,-11.204625289831897,-12.266186314294266,-11.90601301570986,-12.001992268848188,-10.824653933927447,-12.896147490130382,-13.05096788836534,-12.526304274961472,-10.962403762011647,-11.700466453541786,-11.482340935549646,-13.133131788108034,-11.73784990858497,-11.516334695531205
2.3496240601503757,-13.184593668937012,-11.8466856915562,-12.871763119802532,-14.399544328969029,-11.44918085269944,-11.137512280624186,-12.952492048183636,-13.128642813246868,-13.230094461331845,-13.738434457657116,-13.254866427247208,-13.701912491007164,-11.669527307947575,-13.965008682643688,-14.833241863366384,-13.556566749081526,-11.962805869420965,-12.49329446964533,-13.67175973326162,-13.060056008768102,-12.638611964210675,-12.766420036015138
2.819548872180451,-12.062317499422145,-12.49268876668124,-13.820854255596101,-15.823189958817741,-13.008457404899314,-11.929749442999958,-13.749936066639794,-13.824033291400298,-14.046684552371918,-14.773048103788042,-13.093369666701394,-13.875902285499347,-12.974148260492159,-14.676719990530398,-14.776951561607703,-14.619101303046932,-13.379051418477827,-12.316035114823908,-13.332123787564157,-14.292541686751907,-14.571624777168903,-13.63643170600399
3.2894736842105265,-14.388548735413826,-14.01841156188865,-15.492689829027508,-15.850474876760185,-12.461337484067506,-12.08248157486197,-13.87508773574668,-14.77788858011013,-15.04776218237426,-14.582789933526138,-13.353492380351721,-13.545327783432892,-13.727687707338944,-16.153617837362653,-15.085329615810702,-15.72177072300281,-13.314707789457424,-13.340598198461946,-13.746379611119885,-15.323543350320188,-14.980553561117274,-14.61263829295802
3.7593984962406015,-15.751126970997168,-15.07539648528043,-17.214382735801728,-17.02393870210801,-14.721920758609954,-13.800803806820836,-15.220845007184403,-16.00950235518661,-16.87386709186517,-15.969271340007454,-16.22644127846936,-15.893805297943722,-14.736893788036033,-16.628370157002514,-17.43931378095136,-15.670044769972339,-15.309810255933034,-15.450651736929755,-15.879524295254082,-16.71070798467525,-15.860945008548494,-15.95724282810198
4.2293233082706765,-17.02629794732337,-16.910060105840152,-17.365379157213674,-18.591943709266353,-15.407876786243051,-15.74279458651599,-17.146733144186275,-16.925665322805212,-17.06897860308863,-17.953125706757536,-18.381001354966735,-17.870616670931227,-16.778862847846796,-17.353458598910557,-18.602557034344553,-17.60289816231383,-15.673661446030497,-16.02992575790418,-17.288949074893043,-17.38108171774305,-16.88573200257861,-17.707012515516656
4.6992481203007515,-16.764836143211447,-16.82446823312115,-17.42983846124266,-18.480958252134187,-16.524721445868977,-15.244772966008187,-16.981292310398068,-16.70494798739038,-16.777845254094363,-17.89530085128639,-17.303305495003286,-17.215109039286556,-17.058373809518056,-18.48104347555757,-18.319038061654727,-18.704875699225912,-16.050717140373997,-16.400155958334576,-17.45743827947928,-18.058301782842513,-17.036972878161606,-17.596448366198747
5.169172932330827,-17.670713105124065,-17.535617948083654,-18.169927484683782,-19.612530041860992,-16.247867416702142,-16.353132648819127,-18.114080409023632,-17.342107614371503,-18.815483086625886,-18.86891510200267,-17.54803055516387,-17.587264237118323,-18.389366910369105,-18.257889671879003,-19.190326126440954,-18.423922824890848,-16.59253814263675,-18.087597569167638,-18.129374138676596,-19.447997493782523,-19.15917154957209,-17.88666709598622
5.639097744360902,-17.22506028980196,-17.81150992469379,-17.62658316406023,-19.252128533223225,-17.398245274801333,-15.78367344917358,-17.855446253885322,-17.911963735912103,-18.19863120051113,-18.980644347879384,-17.742811721358464,-17.73045792617428,-16.915870406274443,-18.66840421534772,-19.355888373820203,-19.04883748634468,-17.72433110631406,-18.20497036412985,-17.812549678442185,-19.853422279807674,-18.32384672711526,-18.892717453371986
6.109022556390977,-18.806915641829093,-19.53532584558937,-19.544297344942436,-20.90605839008465,-18.420376308644045,-17.39463895392548,-19.132204935464642,-19.044911359678782,-18.943531864882072,-20.08165436998785,-19.62633688751591,-19.063811301456465,-19.81610104388175,-20.13962975869164,-20.957063149145423,-20.107944699373093,-17.527581383671464,-19.168777586887526,-19.060511790319833,-19.46401836798522,-20.899156156643702,-19.782160823258767
6.578947368421053,-18.639874804218035,-20.530138268263826,-20.196112404898454,-21.237244205914052,-17.44046573642031,-18.072532304714887,-17.904928869463852,-18.131507917649454,-19.370868279372427,-20.353443508501687,-18.71025304919934,-18.08842083870271,-19.94408474240392,-19.726777474895943,-20.861651838140848,-19.610149038391366,-17.933280577841504,-19.26933176702704,-18.573254696297646,-19.90957790163702,-20.326725687867288,-18.356592556185415
7.048872180451128,-20.127877529105447,-20.672431655946838,-20.056801273611928,-21.731599475575496,-18.54088558832115,-17.982861555828514,-19.327210859871993,-19.521609617148844,-20.429968692936605,-20.785158338365783,-20.43623348524963,-19.05090558240123,-19.681538173605865,-20.239931208276154,-22.225378533861655,-20.250171441467174,-18.19889741153455,-20.086479685162274,-19.483084901964304,-20.594282124903458,-20.858624663868518,-20.575855867105705
7.518796992481203,-19.97969427695398,-20.2270363677311,-20.157797466574426,-22.766896647404664,-19.290256266029008,-18.28826634328748,-19.68066208397533,-20.469723848091196,-20.172554256491903,-21.6069341733274,-20.44183936925218,-19.21899828388794,-20.946622256708043,-21.675202922547058,-21.380657407316026,-20.204699381624348,-19.308171371676345,-20.771725580878112,-20.082924772735318,-19.901531968427662,-20.898597808857204,-20.08321976642777
7.988721804511278,-20.629415886639165,-21.28273292151217,-21.179472082845315,-22.891293762962228,-18.23215079022837,-19.62103040307614,-19.972466805029008,-19.70435813995992,-21.06408433266486,-21.482936333026263,-20.0149932363381,-19.423843993938785,-20.492659421853983,-20.49955021916495,-22.138733210096127,-21.431225668917236,-20.3225542763068,-19.947495365177303,-20.326199188361073,-21.562370453731532,-21.39828673508331,-21.33073046197499
8.458646616541353,-20.64821573698752,-21.398563157040652,-21.06105400024877,-21.439866464700515,-19.441781689820793,-19.888496982830226,-19.976159098498695,-20.758752828259716,-20.505719446909882,-22.207595759537863,-20.65964697173414,-19.91752842065795,-19.270781703904692,-20.681156902345062,-22.074234780274278,-19.989994925847284,-19.21389780988718,-19.949147825039205,-20.500121415190865,-22.53910365966482,-20.829760964623407,-21.117494599054424
8.928571428571429,-20.776265373335953,-21.789053149078786,-20.699568354515215,-22.315899839850804,-20.826268163384114,-20.565254300394894,-20.651844653615104,-20.230187405226015,-21.432481293433575,-22.606495178757736,-21.151559046240017,-21.038814927336148,-22.36868699509206,-21.541558166128954,-22.933832317034724,-21.662683207624674,-20.795935373346364,-20.6461185915168,-21.198481130866142,-22.55569422855567,-22.213856325466697,-21.60489568793437
9.398496240601503,-21.76165614017953,-22.69417281832273,-21.29074665632864,-23.700766460168413,-19.890085680394495,-20.538708515168157,-20.447041978621634,-21.41078351794129,-21.329728132764135,-22.20106489610783,-21.415596527254834,-20.18705558995101,-20.66722257125188,-21.15064947040263,-22.897187181654886,-21.6261210983296,-19.956070955379836,-20.630927411277042,-21.148365024176776,-22.803742170214374,-22.171309080173447,-21.29841662182036
9.868421052631579,-21.944466210170148,-22.753394575252578,-21.655773030608156,-21.824824480333152,-20.18674733541527,-21.223623911260432,-21.181115726746416,-21.6875564655455,-21.492683962541935,-21.99805758214587,-21.865259532286107,-20.243225714758296,-20.855143688247782,-21.56237445471776,-22.74080444422269,-21.599404795164244,-21.562472934901596,-21.40207702485626,-21.582393214274397,-21.987159492815938,-22.356081102460966,-21.732339555013056
10.338345864661655,-22.243928661569345,-22.385691674976293,-22.37673243727194,-22.45305213527429,-20.99951114021543,-22.332172949278196,-21.92044724603779,-22.1604329102407,-22.343715065336912,-22.155499874524715,-22.89981879334065,-21.041963116968148,-22.755022936548823,-22.345335551429198,-23.23072904742998,-23.015854079959087,-20.936353352378916,-21.866487593289772,-22.37848554938785,-23.079111681764143,-23.36714455574144,-22.452280091031557
10.808270676691729,-23.287956874040116,-23.446597127214158,-22.622357526316637,-23.67341881305317,-21.319635206382884,-21.448195974170833,-21.800156106313946,-21.860978657018038,-21.988303633244815,-22.31849405408912,-21.22242065670384,-20.62261518293714,-21.660223774898377,-22.507777945626252,-23.657923433804573,-21.546614488414725,-21.236147749993723,-21.78897902547921,-21.51987540476441,-24.215552756062028,-23.231343710130222,-22.52222750421191
11.278195488721805,-22.155354481035506,-23.510115260671263,-23.38729358289174,-22.924937419126202,-21.762724597118552,-21.933683226494313,-21.65725278405255,-22.30092343749484,-23.28641409939662,-22.899840585176502,-21.778674363299427,-21.80046632833524,-22.083158362927527,-23.004379493471202,-24.697789536298473,-21.768815448445853,-22.783917228006512,-21.161697810653305,-21.461936268791593,-24.034815964420478,-23.470227761638142,-23.471825837995116
11.74812030075188,-23.91621422248299,-23.6661617142203,-23.086284787954693,-25.178461697731898,-22.739047898536686,-22.59492925462785,-21.93448316788678,-23.79123129754282,-23.302323028106546,-23.829823306551805,-22.031693667259287,-21.883891126822757,-23.573865381025144,-22.954812730921798,-24.136122669644294,-22.185975127810522,-22.642285824607196,-22.390674720872216,-21.78095229960154,-23.44494095057075,-23.85181347119031,-22.516854281756043
12.218045112781954,-23.204995250669253,-24.70121963365669,-23.327014064451934,-23.17878504565707,-22.214433233397298,-23.4262363534518,-22.947356419596908,-23.11187191672492,-22.82736459208691,-23.77840273120074,-21.957424391046732,-21.753767572271652,-24.024900968595034,-23.412147910611786,-24.072096910980772,-21.69294849142972,-23.230028998861172,-23.041844231918272,-22.694374955092567,-24.387494161800415,-23.50035113032559,-23.214331026724892
12.68796992481203,-23.700962319247203,-23.879025435287613,-23.40082098590201,-24.539545298138083,-22.649624654071854,-23.50453252488957,-22.682971839246424,-22.238550843566493,-23.231557483808633,-23.992869895082535,-23.300421837659158,-22.66401477159324,-23.553883999792266,-22.780040100030362,-25.036635110165864,-22.81384265806239,-22.323491455701657,-22.397587503114316,-22.22266932798642,-25.069170672015865,-25.014537368577262,-24.68334862843417
13.157894736842106,-23.11906310588565,-23.096393280352686,-23.064589053571634,-23.77097921073956,-22.593702442623602,-22.942205070033747,-21.98225412099302,-22.658893078323498,-23.51726566502996,-22.723840768459343,-21.82896026008321,-22.290420723090108,-24.412066984667234,-22.77578277028633,-24.537016847113108,-23.40889739685883,-23.084522095907737,-22.152377038822074,-22.68925172683059,-24.83104444243762,-24.205255642028124,-23.781173987222807
13.62781954887218,-23.863729351423626,-24.29269632500598,-23.703461063764056,-24.275220411022293,-22.99675228024318,-22.941275155838802,-22.726927043456218,-22.18653885345006,-23.378457003174287,-22.82327454930294,-22.468088359692658,-22.174117147802058,-21.599724770485988,-23.604276222470215,-23.867081600592172,-23.17251155227375,-22.79265832135372,-22.75431891264298,-23.172417862547764,-23.76019571957671,-24.305789732941506,-24.553399162433216
14.097744360902256,-22.998572991215873,-23.88927351537719,-23.063804313944644,-24.070130206272168,-22.774854996650856,-23.19788261838541,-22.876214654998776,-22.219915557083716,-23.391283833169346,-23.764664951960533,-22.754810529724995,-22.38574255213367,-22.391951720572038,-22.630291898113445,-24.17617415557053,-23.15775268301527,-23.591382463106992,-22.18970193903999,-23.18369726057378,-24.86821171685157,-24.193694944055753,-23.722846403285782
14.56766917293233,-24.136051067062155,-24.716483621564663,-24.03475693918378,-24.54347910682559,-22.766306245414157,-23.498040164644852,-23.733049717406157,-23.041894779197424,-24.261126463599958,-25.15934904364573,-22.881120806543716,-23.049631898455164,-24.008044044495602,-23.947698788606218,-26.26591366438771,-24.541417777527286,-22.673236159372006,-23.137956391251407,-23.172040707000676,-24.315748706625985,-25.692594694062674,-25.085700092148592
15.037593984962406,-23.960914985824356,-25.927956855312978,-23.75372993573669,-24.41350256202226,-23.674218868740745,-24.024151974021272,-24.12706241080308,-23.877051410354184,-23.694538394077092,-23.400313894184848,-23.227028861031393,-22.782358217256625,-24.8117765789366,-23.59046242242517,-26.00646203243383,-24.907035502682266,-22.998288395302314,-23.20235419056809,-23.763815572201324,-25.61892684887224,-24.79149858428865,-25.11631237342275
15.507518796992482,-23.940050434967027,-26.761117406696517,-24.606328739022295,-24.101586203953833,-22.982547662557646,-24.542923755360665,-23.513788872258747,-24.056455565367457,-24.009758200705466,-24.927091560479184,-24.43648051501893,-22.668179115792324,-24.061773861900004,-24.035798359864387,-25.517827002116853,-23.698379445306557,-23.651653327037845,-22.9408088125998,-24.561235061231024,-25.49913448256643,-26.02843345531386,-24.952522347013538
15.977443609022556,-23.626457278616634,-24.972523333094124,-24.87016745487321,-24.699713419501403,-23.764232297512848,-24.23032469774704,-23.112533059020215,-23.195372223164814,-23.951348293890174,-24.93856139592496,-23.71265202149942,-22.896892310827706,-24.008345514556044,-23.76109634835573,-25.195100369983766,-24.299991648066758,-23.606351890041868,-22.871559327572417,-23.88601193311921,-24.697634022211727,-25.66283053417803,-24.66978244691501
16.44736842105263,-23.937290786628694,-26.20036190586153,-24.645673708259014,-25.45996535973272,-23.52140112037526,-24.421734668844323,-24.38575132945142,-23.537763038222774,-23.54975012039809,-24.425487226235017,-23.709561964445534,-22.719015924153723,-24.38871297078627,-24.79825429317549,-25.456700722832334,-23.79477370652003,-23.564706888743004,-23.572113212696397,-23.8277051343262,-25.16397371027457,-25.840692240262893,-25.883508162887917
16.917293233082706,-23.73487549772754,-25.2127270369144,-24.085346748846096,-26.262906357373854,-23.39843718016632,-22.91729910050604,-23.18073756855514,-23.453371684016933,-23.91291073847697,-24.069620748108363,-22.70081605237551,-22.382688754008804,-22.76246304888031,-22.5343418744032,-24.555594745278796,-23.826347540127287,-22.978508771498074,-23.770583541215757,-23.8398323722812,-25.074634418276318,-24.59137272018381,-25.00162058627287
17.387218045112782,-25.093292916179376,-26.359522252608237,-25.05385342210448,-25.602686670733114,-24.650570767271713,-24.87343743021866,-24.728676529802595,-24.146204622207712,-24.741339170519886,-25.51580946252245,-24.452773656776355,-24.233132507714934,-25.124269698333674,-24.262943095887582,-26.048432622649408,-24.516106295738965,-23.805286090211627,-23.069732247945105,-24.503767960359223,-26.856882742442544,-26.36371891257824,-26.01183739364004
17.857142857142858,-24.050525888588954,-24.86025996362535,-24.507933630523503,-25.427047503501186,-23.215155501808084,-24.069832367113136,-25.23120630275819,-23.796770053013685,-24.06461185815584,-24.73895974880382,-23.858013945139227,-23.704727822949454,-24.054952518887553,-24.68888849616309,-26.006857399155624,-24.336738895073857,-24.679679399226362,-23.58485117814592,-23.770990478274808,-25.07207490606784,-25.92742834349366,-26.306283158762078
18.327067669172934,-23.733123306676898,-26.084884553880773,-23.747715704729416,-25.282625767529623,-23.81073792018546,-24.21501543264993,-23.728613363763547,-23.88572559474209,-23.84750729020571,-23.222723371585257,-24.00262956972204,-22.549224030365117,-23.878978079721747,-23.611511309814183,-24.809390143673326,-24.249788347842312,-24.030290321835192,-22.837830730538684,-22.940720842110462,-24.93129225188169,-25.10992322556951,-25.30348810871927
18.796992481203006,-24.34099579603288,-25.744578394319714,-24.659812149134233,-26.33685285481839,-24.720965249304378,-24.409398474282238,-23.800047155323085,-23.695673789878168,-24.35868729143072,-24.36257851048937,-23.961168380706436,-22.89135897752005,-24.232071769115016,-25.238701794010215,-26.25689013470992,-23.98796986509998,-23.787597172684308,-22.98764023258814,-23.85613771766359,-25.61565005560027,-26.166273941910582,-26.94892076120635
19.26691729323308,-24.614350175860917,-25.601182635586337,-25.037259506206418,-25.903943155995442,-24.42211311284093,-24.637080376755524,-25.53634972215164,-24.30497227788222,-23.634564428876903,-23.729543621516925,-23.608162389953893,-23.50223726060824,-23.848947575442327,-23.503439018034776,-25.138819289964342,-25.138853058002336,-24.439463526907357,-22.63310761958831,-24.410680800173264,-27.088414841572725,-26.17682191450888,-26.586142091215965
19.736842105263158,-24.783610137906063,-26.207150621921596,-25.68685184339466,-26.668289217379268,-23.887697591116126,-25.92405683905138,-24.34192163546355,-24.07441474969706,-24.425477770861097,-24.89385971891851,-23.721909139135878,-23.622704691520084,-24.010587229404788,-23.799386371428227,-25.50442718616875,-25.208632812824792,-24.413128591807016,-23.010486836460696,-24.348414268233913,-26.035884058796796,-27.365117302336902,-26.24453997638528
20.206766917293233,-24.817516930521283,-25.41309374829471,-25.100910017529255,-25.724336990440833,-24.73267883854067,-25.16880369185609,-24.81434000686667,-24.498118745698182,-24.63592420328186,-25.06773445922577,-24.713351103618606,-24.02395243797067,-24.758368380039627,-24.653044761574357,-25.430355150213458,-25.419279872695345,-25.155954057311018,-24.290064398953763,-24.38271438586442,-25.751118903334053,-26.630995759305584,-26.399132397486063
20.67669172932331,-25.921625759694596,-26.90241792608968,-24.45053960901569,-28.20805810991237,-23.79935299341025,-25.007664699392315,-24.2088686821907,-24.23945959673843,-24.06204314506057,-25.403532405533394,-24.88784738451134,-23.732960387152477,-24.705038184109917,-24.00913547745928,-25.38176825668868,-26.303250055915466,-25.038480959350338,-23.71571793386965,-24.513502757255154,-26.03773214722473,-26.152308448535187,-26.078265639749333
21.146616541353385,-25.857052579562215,-26.404738929546102,-24.928405052002134,-26.605715307017697,-23.34833985542487,-25.120001032704568,-24.932065700075803,-23.58115119110059,-24.285203136663007,-23.65150957336781,-24.589177099192877,-24.013999025107157,-24.47906464948518,-23.773608285638495,-25.83408411326096,-25.761466515691346,-25.18847010831223,-24.14116019478236,-24.310874577686388,-25.871653274509665,-26.351749084199668,-26.389873313657137
21.616541353383457,-25.366980806061584,-25.45412106463168,-24.92729263173601,-27.249083857555274,-25.683920716887286,-25.063464101281138,-24.913430230953836,-24.38750886971813,-23.646791188358623,-24.023746321553084,-23.992129808399547,-23.54348300646616,-23.393803510558623,-24.176909222712457,-25.49665431631696,-26.037058680167664,-24.05228971384259,-23.031254934300083,-24.72527960993098,-26.069896129202178,-25.83188593561951,-26.99179050457422
22.086466165413533,-24.198223568515914,-26.037877599755625,-25.400495181857057,-26.483599407936353,-24.028540171600028,-24.664151641237677,-23.939345508058945,-24.30030427050274,-23.666510303048778,-24.572020792205358,-23.893284245129315,-22.923850820794712,-24.209460442811007,-24.196600153635966,-25.323530498401382,-24.80837758016003,-24.021895866465467,-22.791479955194212,-24.094418698159867,-26.384501868795667,-26.801090454888385,-25.894664462419282
22.55639097744361,-25.97689443111888,-25.93256414699101,-23.894244112443523,-26.895403392640475,-24.570501320773193,-25.759240480933986,-25.069714199679964,-24.332170764323873,-23.710955418796146,-24.4025427495421,-24.046702186856763,-24.000996287209325,-24.702009090654776,-23.46533319626343,-24.8702529225332,-26.448200960640055,-24.632102960952103,-23.93456223838715,-24.55022981007325,-25.98015265758556,-25.8249412931063,-25.892889389260258
23.026315789473685,-25.293727088814965,-27.11740363382315,-25.286896465457485,-26.523325433929216,-25.950730181216514,-26.361428053103367,-25.453126029893326,-24.986212806619562,-24.982486693573563,-25.648295015948424,-23.818308683394633,-23.46376213479424,-24.839093927445358,-25.209064393190573,-26.842713136987253,-26.30548093784512,-24.19758407920597,-23.339170437573635,-24.33255181641934,-27.04514847703164,-26.006198669865082,-26.96517866763391
23.49624060150376,-24.48317931670035,-26.67275398024296,-25.451743495913817,-26.533314386142777,-23.55552289424626,-25.36796043145117,-24.834680153440257,-24.166504799840457,-24.126619935927728,-24.684422382818134,-23.249761801042123,-23.522932117157776,-23.913746322382167,-23.538621425349184,-24.83274223456559,-25.108778358130778,-23.837391547932224,-22.17741086801811,-23.683447016845545,-26.11469619647577,-26.437859785865793,-26.931646564240584
23.966165413533833,-25.538597551457084,-27.7567540712275,-25.489256596258056,-27.19903081540129,-25.046059202973826,-25.26305523997558,-23.710344668761955,-24.825432237256337,-24.667545867695832,-24.919807283255643,-23.341942417525697,-22.919882180485647,-23.542410515946855,-24.909475613791475,-25.886333110316542,-25.74560244972835,-24.089419890591703,-22.894686942818648,-24.062379492845217,-26.110636627359973,-27.156069706166267,-25.914412942397185
24.43609022556391,-25.725683115015123,-25.837546625670967,-25.79394140430325,-27.014688939864328,-25.693074913046026,-27.072670394495283,-26.25559034223548,-24.52308654124066,-24.895583103247464,-26.06261592462479,-24.955359771230025,-23.936736771625252,-25.03680361433376,-24.966409224134992,-26.88896698460025,-26.184470777502998,-24.92855165915432,-24.108675385153255,-25.25193121573028,-26.24017044644214,-27.540674240890997,-27.322211679499656
24.906015037593985,-25.174003919537817,-25.87450559267866,-25.258074811184716,-27.62641047306046,-25.236558554615847,-26.384989978561737,-25.566111609838224,-24.140935279633002,-24.459005223097563,-25.058332725187466,-24.121613290458093,-22.997901486384286,-24.502619198719643,-24.322145708868437,-26.1699739969289,-26.600291334945396,-24.318848701289383,-23.70318278707246,-23.837235681702985,-27.15194357547694,-27.233596354651485,-27.680105137925498
25.37593984962406,-25.36065556448142,-26.824137631447925,-25.96813030590425,-28.175103585583017,-25.116918706992454,-25.82457302521248,-24.601645169376514,-23.569004631128088,-24.06217589857745,-24.747363806334164,-24.330842696503385,-23.295340592402194,-25.25140221557766,-23.683765688118775,-26.13844514977296,-26.402055761588198,-25.204965435318943,-24.314986563908782,-24.463991465938363,-27.000896055481835,-27.724204806693162,-26.467011588811296
25.845864661654137,-25.34470194470627,-27.393357438737386,-26.157475851685412,-26.959928001084933,-24.788182947767346,-26.478415214418,-25.76911078306587,-25.43268121268571,-25.17230907343829,-25.695615541086703,-23.641425080048084,-24.490313331596468,-24.17635217670563,-26.077485145096553,-26.847948734737482,-26.489888373307416,-23.829067250954257,-23.773416301612283,-25.23457801989051,-28.12590721772113,-28.16458648516192,-28.004471823286437
26.315789473684212,-25.554061734002147,-26.63356145929929,-25.393257726482712,-27.621881084714893,-24.72622464793422,-25.336220221923046,-26.099020634597018,-25.872908794891554,-23.274919721328374,-24.536131155938676,-25.232136365948655,-23.754321492463234,-23.7799893771501,-24.13398636961464,-25.814102743670727,-25.808297621778795,-24.848887534035836,-24.066273762844656,-25.112673715080714,-28.15939129447365,-27.568111054999694,-27.81858090045494
26.785714285714285,-24.496011966220937,-26.589038158232857,-25.482544967105973,-27.884042004696536,-25.46296951309476,-26.031632625264727,-25.959625883137054,-26.20891388575296,-24.20180716002116,-25.677217612844657,-24.880338800129834,-24.611647457554366,-24.779364229804354,-23.982427586050264,-26.285849528500577,-26.124369932447678,-25.017347719162576,-23.842364200698416,-25.18074767974297,-27.446743497800643,-26.65663899773666,-27.964673357397384
27.25563909774436,-25.092312997198498,-25.833391844096244,-25.79915474033875,-28.127072292373473,-25.04387444950666,-25.661833993818234,-24.98523735316211,-25.677640405340775,-23.303190841392077,-24.209814328733852,-24.7868680080109,-23.43458328933197,-24.203722919583395,-24.14368427861577,-24.45741873142842,-26.12127898509527,-25.700240766339522,-24.107337242521936,-24.807007869851354,-27.05246823273296,-27.05772655888426,-26.331081431983392
27.725563909774436,-24.99024588576079,-26.02849941871344,-24.828019306250315,-27.23552725112633,-24.779239968688774,-24.933127447473414,-25.054159743228173,-25.260918625312566,-23.588438631730472,-24.502594485368547,-24.446842832691665,-23.097732647178486,-23.392652870418146,-23.68943434158167,-25.381675841425757,-26.850902259564645,-25.65281062709848,-23.834764893716056,-23.95148867317579,-26.979180433186844,-27.032775579247982,-26.987870559852066
28.195488721804512,-25.532925893306473,-27.989865639804993,-26.546530248623796,-28.770924465031484,-26.01265800253877,-27.064367773285095,-25.64486806857141,-24.977498301580752,-24.829279002009397,-24.769394449404633,-25.62293097490062,-24.59431983670931,-24.672887025984053,-25.143019714832636,-25.87292692721822,-26.811969825337314,-25.29833836668561,-25.33369794579706,-25.920981825302732,-27.093598968993835,-27.827705062665203,-27.612269474486094
28.665413533834588,-25.676031198345257,-26.859601063159715,-25.88610149602008,-27.81280547212138,-25.65689951032894,-26.689922899254288,-25.463628096296592,-24.927177925521967,-24.22607141143857,-25.108649114360226,-24.228448145488088,-23.34258835361203,-24.653359047814448,-25.280600766019905,-25.87591144056151,-25.756292180521516,-24.854905422153152,-23.433133458454478,-24.90605747699679,-27.581223546577522,-27.57869689111393,-27.25158511600951
29.13533834586466,-26.952391408582784,-26.841202142195694,-26.11317188846314,-28.10032111537743,-25.73223461717727,-27.17438000700861,-26.392580296371815,-26.211231589763333,-25.098858124417024,-25.561876755699636,-25.395498776458307,-24.48280502275795,-25.29705125407206,-24.76916609546999,-26.364042193888036,-26.852103200716474,-25.23746157838307,-25.829107977855084,-26.35161988875735,-28.523294088690157,-27.536854370189257,-28.438329960393414
29.605263157894736,-27.275762250233246,-26.87360356590891,-26.056505497833992,-27.444244838916845,-25.16273915765729,-27.002518276156895,-25.192423127902817,-25.01985461927166,-23.987402023877454,-24.999302643252108,-24.685358289644963,-23.97212435965002,-25.091622908766787,-24.94735277019838,-26.03253912647343,-25.59194959510155,-26.334407630510707,-23.895541891401688,-25.117296663599273,-28.373362139974834,-28.0700654296558,-27.92129662464167
30.075187969924812,-25.43253061441238,-26.388283073061285,-26.136663158741072,-28.495692774250603,-26.157266438367436,-26.897025585019605,-26.545568426229636,-25.79242159889455,-24.032949594707137,-24.802933859028318,-25.726406738449697,-25.428362092540834,-24.56630136926586,-23.58250190548361,-25.49749603436521,-26.018326178211392,-26.915682804485257,-24.51149481339967,-25.743548694754118,-28.210256704937738,-27.312400931036446,-27.908225626352152
30.545112781954888,-26.455678153596285,-27.652144226336777,-26.245938935584462,-28.015892121982205,-25.80272251491271,-27.49525702936402,-26.454301450918074,-25.410347268788502,-25.79591194964961,-25.082370404041978,-25.98376851051287,-24.55599925401414,-24.422820026188422,-24.004512111135814,-26.240325685535673,-28.00252844984684,-26.431759942122056,-23.93629686754537,-25.807198772658275,-29.35277424857536,-27.896038798382143,-27.590196914040554
31.015037593984964,-26.529395077971856,-26.575535643266626,-25.66018218843583,-28.53960851488698,-25.16782581195156,-25.51605173901069,-25.417150957444864,-26.36319297424391,-25.101180564691006,-25.25368741952906,-24.6863733588808,-23.972328748497066,-24.608508785887427,-24.816436876079113,-26.84371521112819,-26.962568203705278,-25.660520187980147,-23.54934056665107,-25.30772197436887,-28.344169338580855,-28.080636876380083,-27.21911639597054
31.484962406015036,-26.096091233030236,-26.37854971555467,-26.14174769013782,-28.524028851321102,-25.135995221882393,-28.429340092850502,-26.148537575752318,-25.17608680696876,-24.65668505513552,-24.584639263953044,-25.225294837903693,-24.615851117503283,-25.35469672644827,-24.59327781460375,-26.422203837668032,-27.73084792220617,-24.851541603727156,-23.92207383161514,-26.482657767638408,-29.46713709119092,-27.34368465100702,-27.708989458236235
31.954887218045112,-26.891580671509033,-27.499586828660156,-26.68714683876442,-27.658723607834855,-26.786188188819512,-25.709252839519618,-25.755302950749623,-26.385130747441032,-25.046474341934857,-24.97038743042855,-24.717068355068246,-24.03610366215274,-26.1520308155013,-25.380455923215663,-26.769333594809954,-26.09418387827641,-26.221350746836052,-23.948481323791867,-24.975111024012072,-28.71427218378591,-28.50149193823783,-27.39161718275151
32.42481203007519,-25.984237692943733,-26.776980076289984,-26.65745561615052,-28.420555911151283,-25.26881668281575,-26.997621898499077,-26.072371904614787,-25.209328601849354,-24.42695612998627,-24.29591687576252,-25.076970073978906,-24.68490007671109,-25.16692677193193,-23.721934564283085,-26.003514007855067,-27.493836621910496,-25.819066893496046,-24.918806415775638,-26.126214258939903,-28.72233044761715,-28.111753186987734,-28.507483378749296
32.89473684210526,-25.605458532802476,-26.933051675552303,-25.404551388509688,-28.129240455372454,-26.220120700992137,-26.502267062805288,-26.731053525925226,-24.721732063416628,-23.946415707438472,-24.38144265678866,-25.172574079260745,-24.710295644313195,-24.534242489741388,-24.2882261932427,-25.599029212575637,-26.751436385490866,-25.696810337916194,-24.513102353535817,-24.71126747659282,-28.28007826872149,-27.68511203160923,-28.24342091134811
33.36466165413534,-25.851530060838876,-27.78718892107887,-27.186213598726635,-29.12957775068399,-25.143524191321784,-26.608845316549004,-26.468692221492397,-25.63692146041911,-24.87471714125805,-25.349041059321326,-25.197270293712627,-24.625445869841354,-25.495959202196484,-24.785105970766132,-26.367412529078067,-27.081159857400976,-24.834992466563797,-24.132472168150315,-26.013296226432008,-29.133004262396035,-28.53025251316834,-28.375253133623957
33.83458646616541,-26.908591971120806,-27.130031923822035,-25.971461287332996,-28.514217208908665,-25.859790097379175,-26.36567669516222,-26.955720084650785,-25.143909086037493,-24.085105179578186,-24.31879338900718,-24.78667803801593,-24.204514680617862,-24.36526621056539,-24.794575336216276,-25.853997708458202,-27.46449924706077,-25.981297099288156,-24.05057620349721,-25.113118383807254,-28.744970683190207,-27.870029344738562,-28.2501532619691
34.30451127819549,-25.158954904949976,-26.292301220007367,-26.58789568951036,-27.533626292420145,-25.469385417168468,-27.716618977427967,-25.609594434895815,-25.579049818246688,-24.479890906373626,-24.87252602672727,-25.159677228101813,-24.284172472057715,-24.83840596456742,-24.425911356567326,-26.230225597109282,-27.45837750501172,-24.458060592120965,-24.467812132474243,-24.900091551087613,-28.950062174509924,-28.66351968326019,-27.222114546103395
34.774436090225564,-26.074633827320007,-27.710682560037803,-25.985708562488906,-29.196105655188692,-25.022828316088173,-27.694344353150097,-25.81836759346088,-26.097323670306345,-24.558623905116253,-25.441661087650658,-24.987910372255342,-23.875267221858657,-25.43398195500178,-23.779352957380276,-27.09674450578312,-27.707839772522767,-25.334991504573182,-24.588498893002573,-25.492238172033336,-28.268103830328315,-28.469730564523843,-28.550582569290423
35.244360902255636,-24.927692313684986,-27.53200613151297,-26.47876190743073,-29.057861230321254,-25.052805342974356,-26.91490426229691,-26.82313662890741,-25.460930715680686,-24.472141159504528,-25.201675854288816,-25.074634989083318,-24.663008274602664,-25.28361840374036,-24.920536131934735,-26.311979150997992,-27.15907108715498,-25.266908232295,-25.050877721754237,-25.053623620024645,-29.679889230704063,-27.749180526173106,-29.175603097330132
35.714285714285715,-27.08888292367906,-27.029975719837825,-27.308025234445985,-29.424869862933317,-25.950975750616347,-26.819330691236782,-26.38537451363766,-25.023547912222636,-25.678896689966894,-25.280426265564586,-24.562594520119124,-24.30014959596159,-26.070370327181838,-24.868748766944332,-26.497703514750132,-27.57912281255739,-25.072299206049628,-25.07302383964696,-25.575894479448436,-28.679472229964084,-28.385022498627023,-28.708742250539217
36.18421052631579,-26.536714627301702,-26.89587320277227,-25.82605104932323,-29.0305610139395,-25.56873801797383,-26.61314535481689,-25.834938528466516,-25.14924576790183,-24.76016252381809,-24.923285624045754,-25.140380048881916,-23.831731558939683,-25.276770487639393,-24.970003381356403,-26.1515819278152,-26.776112057916748,-25.500985700310494,-24.83426711444617,-25.429718058603477,-28.455745533386803,-27.84879244816307,-28.367377565856636
36.65413533834587,-25.926473892656716,-27.474385283060812,-26.511411686270282,-29.12238865100055,-25.240657862121946,-28.51284821173359,-27.109871925719812,-25.515889263450873,-24.905247574778027,-24.773111056832775,-25.25724170024063,-24.196645006171604,-23.92055630317995,-23.992650927343725,-25.590597811182317,-27.756207224412403,-25.351988741813244,-24.418318682214313,-25.26166355808465,-27.638028124518982,-27.64765254714897,-29.200042408284975
37.12406015037594,-26.48651220636112,-27.210418940743626,-25.710034546509505,-28.284236443003348,-25.545056579601084,-27.69754939399832,-25.86715949420073,-25.72858448570466,-24.062361706721664,-25.50014622834668,-24.193351578090155,-23.505400036115713,-24.341372013945914,-24.53018115736512,-26.424517578891752,-26.963552632656388,-25.852913605794292,-24.281799168157338,-24.163959525806124,-27.799140561124588,-27.48848087550115,-28.8084302514607
37.59398496240601,-26.37706863874184,-26.487826867599313,-26.250428861059145,-29.277502504884506,-24.297141896893145,-26.829748529884117,-26.301268437842616,-26.070356772220954,-24.471502141061055,-24.87596582231547,-24.89841549220049,-24.22089755449623,-25.645170537174035,-24.206229378200245,-25.81366418121592,-27.206294247127754,-25.555656123757334,-24.395850772353665,-24.455031151900787,-28.29643413537291,-27.65811493292846,-28.569935062178473
38.06390977443609,-26.736705156388812,-26.7601834617118,-26.69104655188555,-28.533509438278266,-25.287215862982197,-26.91861247906841,-25.089554373824928,-25.94125765158912,-24.81959189076039,-24.91958374038719,-24.918440599295526,-24.506414342126885,-24.976385087500347,-24.992462522108156,-25.884701292558212,-26.52882422643038,-25.31330337555408,-23.754616477532313,-25.87432783792645,-28.13997347598411,-28.129078371619674,-28.11776104737513
38.53383458646616,-26.51886910187493,-27.56404381409248,-28.56451497882105,-28.734612898168614,-26.199207657895986,-27.00606352589022,-25.74251552878205,-25.71280540286832,-25.186680109930908,-25.94073793309323,-25.71192465619486,-23.957501670696512,-25.22206931654158,-23.67569789268726,-26.86040523800678,-28.075157573398727,-26.024173318879892,-24.531585305917893,-25.392786348920136,-29.297967675538096,-28.549172280968303,-27.627712210063375
39.00375939849624,-26.881255971474648,-26.413790965810886,-26.337353440873876,-28.878700876373777,-26.879640439159836,-27.20112811635122,-26.125369075351582,-25.52962668520546,-24.16527832465695,-24.43320389593786,-24.392028380809585,-24.64798226648152,-25.334712104479244,-23.73354212350181,-26.014866499394866,-27.413616158172943,-25.88833615463448,-23.73831472192697,-25.86612268246592,-28.615515721224767,-28.037255424365092,-28.77378462650799
39.473684210526315,-25.614652563442927,-27.739906981672192,-26.792397116311438,-28.211825624752162,-25.634307577249057,-26.66453378017468,-26.057608279871832,-25.324302572573572,-25.01065235866246,-24.354403288490406,-25.278183217661315,-24.22208016013024,-26.422804049349764,-24.428964659113245,-26.19297406223665,-26.295744668987698,-26.312909115044206,-23.50187781223337,-24.7071962438284,-28.628331628146668,-28.349366197550783,-27.390199973034832
39.943609022556394,-27.579712291058595,-27.411581846077414,-27.057836529362074,-29.664961966106375,-26.178971233108165,-27.981390553169287,-25.693781267421237,-26.052476235408804,-25.902273694886556,-25.826410479424215,-25.61581765866141,-24.9360380275805,-24.782438145157524,-23.98847518300218,-26.640503649186563,-27.58906126571043,-25.592012678634223,-24.298080945426275,-26.0082493549126,-31.002183972279724,-28.888998918441807,-28.393142366441865
40.41353383458647,-26.494868052869286,-27.107237549019995,-26.045185818353247,-29.24594502930818,-26.581133768555873,-27.648909404931977,-26.657259244054472,-26.695083711648163,-24.349051082450135,-25.59840526977398,-25.572720199085634,-24.044047198514548,-25.398789327031803,-23.82758458765668,-26.165309468013575,-27.508149930761565,-24.875105172805082,-23.551520470935728,-25.60693019105103,-29.92179176486658,-27.34322005164113,-28.805399998396194
40.88345864661654,-27.31596359313006,-27.502772515118735,-26.096978146915863,-28.736802819669897,-25.959304702227985,-26.965342390772673,-25.36041434974408,-25.845216733060543,-25.00476739842821,-25.29970337891114,-25.21864996626623,-23.85035041665368,-24.09895006987177,-23.323367704620086,-26.304549317879076,-27.529558034955016,-25.268471195967788,-23.244389955993515,-25.354849824419574,-28.10005849487715,-28.185862253957172,-27.957023394017213
41.35338345864662,-26.563713839719778,-27.555467315225286,-26.552354714822055,-28.357662191999665,-25.82423291777706,-26.86796233546891,-25.24535075176518,-25.715770908379483,-24.616120004257308,-24.452340473485158,-23.952449788654253,-23.696813928480573,-24.68069073830859,-24.55783910455251,-25.837502683902848,-27.42355598150762,-25.770101705682134,-24.73608505783895,-25.039975078532475,-28.152473036693358,-27.368308162855907,-27.57983735924305
41.82330827067669,-26.33742118700722,-26.2193965592322,-27.077429948455087,-30.27048923045763,-25.571556181682762,-27.921836427962177,-25.556018025688164,-26.075048612637897,-24.272910447605536,-24.414633383616103,-25.802075079714502,-24.75492859234169,-24.378579394493574,-23.32876696616625,-25.719317772926694,-27.15494147985206,-26.419315460806992,-24.104001573933758,-25.569729162796072,-28.971840008368478,-27.61453668998161,-28.236096276212933
42.29323308270677,-25.88594193447386,-27.501769409462923,-25.619342815146144,-28.752605894338483,-25.20874763912908,-26.470948900558607,-25.142482020052334,-25.287667715301318,-23.973402113820793,-24.264950133659937,-24.57797397806876,-23.196902833612658,-24.619583801574127,-23.232134974102735,-25.89480821006989,-26.381115202463032,-25.16410875752482,-22.616364238291208,-25.10826076325001,-28.44906157382884,-27.98140928946733,-27.378584768901188
42.76315789473684,-25.9627439075536,-27.288771765427924,-26.655501758072294,-28.445076302410186,-26.102773388907085,-26.493842045158413,-25.988921274039143,-26.141341777250094,-23.740115979034307,-25.463708860928865,-23.511644625401,-24.009332162491845,-25.063124221280578,-24.36107937030367,-26.319771895934405,-27.34201321170896,-26.690001107047305,-23.87016357772817,-25.118718403768238,-28.99270524593913,-27.74886950306485,-27.248823014469185
43.233082706766915,-24.91427522004443,-26.560732720067747,-26.14981521618653,-27.26867145980395,-26.370990691846128,-27.242404185343883,-26.255628427814113,-25.04133449876751,-24.629708115867775,-24.838371925558597,-24.816339897558482,-24.583024504723546,-24.896460834696484,-23.476969674274287,-25.57999676972486,-25.79853937458746,-25.818578465413566,-24.497852300840822,-25.398827896196366,-28.484946112489617,-28.55628581633152,-27.981404753434358
43.703007518796994,-25.506951221739275,-27.58329386371349,-26.705600617027056,-28.806666904076263,-26.47008956975957,-26.251107312980093,-27.14899369054401,-25.660134944306005,-23.57786090136609,-24.564714591593248,-25.32867003454824,-24.03258257063194,-23.621757178815045,-24.486511321790875,-25.572943370380955,-26.475354359237205,-25.813312395842896,-23.093807658653454,-25.559620803296628,-28.638999778982647,-28.016221803819764,-28.669097979049305
44.17293233082707,-25.832331347201432,-26.64984054131997,-26.132524509011912,-27.776370196534312,-25.62046481058932,-26.381171889673567,-25.052759545934887,-25.295130253487265,-24.45215681192882,-24.57799557714197,-24.92499376648985,-23.288575877834838,-25.35441335169464,-23.49113444341632,-26.433404378611254,-27.14199003992422,-26.40354253214066,-23.036135082801728,-24.814233176006653,-28.809505010779652,-28.611166450421678,-27.026857765552588
44.642857142857146,-24.901407799513766,-25.96858275000375,-26.051504008106527,-28.020172594031667,-26.648057373280306,-28.01187398362023,-27.07381249276343,-25.70634199660971,-24.35584204183917,-24.067464110637953,-24.618059074074342,-24.15704516628215,-25.04798614313958,-22.628339970140313,-25.54464433430766,-26.668745550264852,-26.085272086599566,-23.51907126666062,-26.240567898475245,-28.253319985499424,-27.39521464451835,-28.083711321352656
45.11278195488722,-25.874413396273688,-27.620532535083008,-25.97997945628876,-28.907675847989545,-26.090245229591407,-27.235613472703566,-26.249506748144668,-25.73730586623075,-25.06066514652158,-24.23311444020947,-25.492899444799228,-24.162640941226538,-24.57399139831769,-23.900022430283446,-26.274261185514778,-26.316111064217797,-27.43931735547082,-24.22197256767183,-25.05155528925964,-28.51605721413023,-28.169414579844023,-27.664476564621403
45.58270676691729,-25.214356540871744,-26.077177761312388,-25.97463191017137,-28.742089668903287,-26.63631208131445,-29.14337916289441,-25.327602778813915,-26.076557263577953,-25.153019720929358,-24.758086805507837,-24.49341649753476,-23.330146244865755,-24.48802706469304,-23.84757791142235,-26.26388181045712,-26.411649058012628,-27.268335847279804,-23.815199022924148,-25.379543427842815,-28.861429974189516,-27.429561821420116,-27.89170610499175
46.05263157894737,-25.025316492975822,-26.565447146830934,-25.931316959997762,-28.371271656355997,-25.708654091359637,-27.598307596488603,-26.550229189467192,-25.133986059838932,-24.12018730775376,-24.027542623636634,-25.031854326437426,-24.427677452598363,-24.47887309737721,-24.385617794679156,-24.588757171294137,-25.075494365555866,-26.911177502579534,-24.5037367095403,-24.96446923492159,-28.078275485008557,-27.823537993854156,-28.325618016426244
46.52255639097744,-26.963725074403385,-27.250019559927118,-26.581189420174727,-28.06929960858657,-27.22758601847823,-28.042315338186185,-26.496236249143433,-25.177159919279216,-25.100009306018432,-24.882868591966954,-25.856290891292208,-24.930976294697576,-24.568370616637665,-23.33682409435311,-26.72645752695732,-27.218416265316513,-26.095604536307288,-24.33985689338638,-26.50977052064356,-29.572484245040116,-27.864614012381583,-28.715816361889768
46.99248120300752,-23.918902134970192,-26.32708074989358,-25.579525444853346,-27.20498612133288,-25.299723642234042,-26.983015721709428,-25.83439531154689,-25.00607637710179,-22.859193072846615,-23.446565121374572,-24.50509664146335,-23.552965813254204,-24.121556548966854,-23.468806752194713,-24.650143037817255,-25.58985478842262,-25.564501094254897,-24.00240922737336,-24.9516848375615,-27.860952026217763,-27.735535853555028,-27.877468252243396
47.462406015037594,-26.107355695596898,-27.308006298916684,-27.45476791978315,-30.567730863564535,-25.60311641982452,-27.403144268888592,-25.510230659948547,-26.576848543560317,-24.06311767002255,-24.702354841647814,-25.53856392920781,-24.61551434421671,-23.620629209362505,-23.594318464949147,-25.336127705738818,-27.267502480986163,-25.657149723101966,-23.642293108815608,-26.023686359301593,-29.54605229567558,-27.451755472307518,-28.15734496982112
47.932330827067666,-25.583019137367888,-27.0782012269788,-26.35300038212956,-28.75033226061693,-26.41882268236253,-27.280303660024295,-26.18458429125152,-26.459022728574084,-23.953807735261762,-24.065168813051056,-25.153493821645814,-24.163862874189142,-23.73117057940198,-23.512903828458583,-25.891216983673147,-27.130125701860518,-25.21740251089646,-24.06547002162361,-24.97233234507558,-29.27811494596239,-28.031861160943325,-28.367040507506054
48.402255639097746,-26.353892630328772,-27.257108273563098,-27.214375986679812,-30.814246472351392,-26.462332610538688,-27.937376925966504,-26.740424653853783,-26.063543290833838,-24.772519868424734,-24.54660400211303,-24.905636173426036,-24.88954290683769,-25.857618804899158,-25.080898257655196,-26.721022881811862,-28.484558794923927,-25.813811921325524,-24.776898138374165,-26.232889057216834,-28.672613099398166,-28.015950818238263,-29.023265628988458
48.87218045112782,-23.70016261219006,-27.605309358953342,-26.04924156350884,-28.628827881522916,-25.142537499246167,-27.81885078121978,-25.37442737137646,-26.50686313113735,-23.727545468741308,-24.329930433247483,-23.9722347175131,-23.342142470932405,-25.017658215994814,-23.79788244008001,-25.392407155311993,-26.933052853836667,-27.129937397384182,-24.209009853506174,-24.66856842541409,-28.87689757269204,-27.659339257255482,-27.898410818014966
49.3421052631579,-26.20292810539488,-26.92420183623779,-26.170967768257558,-29.25357984573013,-25.506993161321702,-26.828232027173513,-25.556648088793544,-25.312223683974484,-23.66700602959471,-23.820318991395688,-24.168636310911648,-24.980752123444354,-24.030323006012637,-24.013369876895656,-25.21775627900342,-26.978238205511772,-25.316733720152715,-24.673203746441047,-25.093762182313537,-30.335343625114003,-28.07914909132325,-28.654161324486424
49.81203007518797,-25.842188926033838,-26.55764385182969,-26.551872014383672,-29.58951434769363,-26.27684586122868,-28.316740955707907,-25.52367296929769,-25.435157021830648,-24.36126993979395,-24.94073729070052,-25.042183155309885,-24.75676983459775,-25.617888654158783,-24.35275444193755,-25.516628066410806,-27.294747860401696,-26.11783995229786,-24.103075735392906,-25.374260496576877,-30.475469516815995,-28.829649262906226,-28.195259783203817
50.28195488721804,-26.53472408642585,-27.66547322157356,-25.68299827172959,-28.127347123826617,-25.47456579938886,-26.398199004669554,-25.57045779901952,-25.68381727718394,-22.89430885672101,-23.547856401669673,-24.132015660660983,-23.91925584907427,-25.66364014939376,-23.37084786390488,-25.226977245111687,-26.33026354572618,-25.47362615786001,-23.1040954887074,-24.81374222200116,-29.148857694892744,-27.66166165705487,-27.658784670418083
50.75187969924812,-25.679293900541094,-26.568428728037002,-27.27846370876074,-28.761796786009736,-26.83797904131661,-28.314015873094935,-26.000620742338043,-26.7484023260285,-24.374836426338053,-25.084601111073948,-25.06690883767235,-23.740153409406446,-25.164493323049502,-24.791432954723096,-26.1029135936801,-27.115145964224936,-25.216527435935813,-24.735367565850556,-25.46556206002892,-29.5036676825036,-28.37610683291672,-27.491921122012265
51.221804511278194,-26.992841811618177,-27.09214367136169,-26.680203250758847,-28.852069099306505,-26.04890836606814,-27.674552016797445,-26.5009246669782,-24.94341837384823,-24.134184921120067,-24.56640904607772,-25.49589110290678,-24.791549799671596,-25.28627879823602,-23.648153058453136,-25.11441317793783,-26.695833287455955,-26.58877956373992,-24.20930158500037,-25.55157312077866,-29.318212313352227,-28.566050802402604,-29.29202817522823
51.69172932330827,-26.93481740168726,-28.003950663445107,-27.29600605236459,-29.87353932590942,-27.349543563129245,-27.73964325349161,-26.82983170568701,-25.92659522920787,-24.13757066298817,-24.462281613281323,-24.138899874983842,-23.425302915703277,-24.532303483855234,-24.46629982306706,-26.04870755098423,-27.66415084510334,-25.49353019529863,-22.977849387356724,-24.72405405261582,-29.516395450037336,-28.514682116212146,-28.760054889833402
52.161654135338345,-24.65032543384922,-26.857156707244474,-26.016238911997718,-29.408593661480886,-24.713999766841685,-27.36318249313491,-25.439269446672842,-25.597524393199574,-23.756252440956118,-23.674498818710735,-24.321814347414264,-24.019751933563775,-24.492582609427572,-24.02406525594277,-25.75847219579848,-26.214539868820097,-24.865452800520124,-23.082731388410952,-24.845115711402993,-29.50652268861505,-26.810751271293448,-28.61862312601651
52.631578947368425,-25.311237727933936,-27.08494461061317,-26.381832559412782,-28.596539836027617,-25.816450498475962,-27.933447843466183,-25.420711935452097,-26.410816027313345,-24.026756533721198,-24.140498019189284,-23.2801158367741,-23.47533023517595,-24.95814705183801,-24.150020468020013,-25.138187577511136,-27.208749876760294,-25.408101315224577,-23.23284676352858,-23.9805615238929,-28.849560719280735,-27.977175275244146,-28.170690298011277
53.1015037593985,-24.927917439683444,-26.018110997543793,-26.798904068271828,-29.285060104532718,-25.179381091219966,-28.02796839238942,-25.971304400457157,-25.899196765693898,-23.66003327927564,-24.149130329317657,-24.84165466862403,-23.632430651308766,-26.03271388258476,-23.41096045637227,-25.311658421378183,-26.1196106680361,-26.562343740532807,-23.36357588302638,-24.604706671797334,-29.34578007943908,-28.214528718267665,-28.156832954973282
53.57142857142857,-26.927905875984766,-26.657146417939984,-26.15647724992636,-29.429551738067133,-25.991464439782163,-27.67571564671796,-25.609348630204323,-26.023481408290646,-24.17503901978987,-25.206054764732233,-24.50462180282613,-23.331132231470153,-25.702311387137307,-24.07480349525015,-26.733359428899888,-26.791465307498264,-25.01347168423154,-24.146142366064534,-24.829786595992825,-29.61337472178334,-28.33282594272951,-28.26663873002676
54.04135338345865,-25.78911165432808,-26.10629397388768,-26.34407194690155,-29.955726729603,-26.294265641051936,-28.384573943719626,-26.09523259842153,-26.138778744815507,-24.094074752753418,-23.682419556325573,-24.262774465034358,-24.11635849758701,-24.50376364025428,-23.277038503520917,-25.219818653926104,-27.2558318004086,-25.986184099465586,-23.27459581072726,-25.704203647115275,-30.377876067106147,-27.638656694580156,-28.246844162636947
54.51127819548872,-24.723633656006772,-26.88617861098287,-27.244544323921843,-28.72264574533476,-26.61227535125649,-27.991037756748494,-26.95319721483648,-26.252740565395964,-24.61683873835148,-24.59946144254336,-25.3886438589725,-25.17930314429671,-24.380249861405986,-23.313666354430705,-26.737173728275575,-27.213758305981283,-25.749170662557297,-22.961479924590712,-26.12312245565168,-30.52631933967957,-28.305399204377345,-28.756700704712923
54.9812030075188,-25.10303983854307,-27.105239367104847,-27.091131476799738,-28.887530026203745,-27.106975863952872,-27.96625218185607,-26.069638539108535,-26.166747312824555,-24.310936507270107,-24.190325504394163,-24.12642036515956,-23.84229575253872,-24.338177683503755,-23.776202188351075,-25.333486976781085,-26.22140026170678,-26.325068951301954,-23.067164853403728,-24.97343973179563,-28.876371951458932,-28.098541437383503,-28.318321106990165
55.45112781954887,-26.347967216896073,-27.83418627821396,-25.965531993877057,-29.75400764626553,-25.9556073066253,-27.700456027892105,-25.916693884257256,-26.31729844637095,-23.620982697341717,-24.739736511467665,-24.42701970486255,-23.849326460239375,-24.18928221805234,-22.82918324980528,-25.680828882521077,-27.147337148784757,-25.05779969776496,-22.764413807997094,-24.77839962557153,-29.458146199597625,-28.37291628195238,-28.501568506268796
55.921052631578945,-25.09410158036935,-26.656037971755257,-26.421314389639328,-29.546201045504077,-27.060595296100228,-27.809189193424974,-26.8638905814664,-24.965609537304363,-24.961201210880343,-24.189422654010393,-24.649684443242407,-24.783962995760366,-23.79779895253921,-22.689821532946844,-25.776393016720522,-27.166461465499882,-24.909865023285484,-22.04326463661258,-25.697697558311813,-30.300031681835762,-27.62702520215242,-28.765840511565226
56.390977443609025,-26.439673161593685,-27.779614516457272,-26.874932243804498,-28.584111232612422,-27.182459578318213,-27.58731184698896,-26.59036997947732,-27.28947310154709,-24.544158963277656,-25.166148904181064,-24.284008514424542,-24.72268673257328,-24.72194336542084,-24.395798406158217,-26.480330529672365,-27.81095818663223,-25.248932830272867,-23.75339722026461,-25.7218654818143,-29.4633423663375,-27.761539775000802,-28.96522819415127
56.8609022556391,-26.047364563816565,-27.178855731043132,-26.192031092150916,-28.972779717670416,-27.080554610100595,-27.696646083687376,-26.458680381522058,-26.178242307073795,-24.39698061462622,-24.3915712791877,-24.146488208583435,-24.597292598471878,-24.725783080972256,-23.99062195744689,-25.634778715361346,-27.7962092544557,-24.99033326120291,-23.32969883661673,-25.28073891787417,-29.27304870328406,-27.814877099533227,-28.796440184514992
57.330827067669176,-27.040158610078056,-27.08996929620155,-27.259658525274478,-29.282311484341456,-26.2134768045561,-27.18516998821552,-25.552366084666204,-26.13546402273574,-24.45527524085502,-24.452795617510432,-24.126269583516997,-24.657698515822695,-24.991838595504152,-23.407325305818905,-26.176227447862992,-27.600026519710866,-26.346343178736536,-23.74243755459765,-25.74624222818833,-29.24514691198522,-28.537322182447284,-28.050173734372084
57.80075187969925,-27.19604423646987,-26.679504539581455,-26.2508333782828,-30.250352385493947,-26.80671345989184,-27.824031795913584,-26.75930774699374,-26.3929892341907,-23.9155834864611,-24.518632250725286,-25.133981716370275,-25.654063700818668,-26.215572090783642,-22.948121177660752,-26.465251183300474,-27.859581745056445,-26.299660704457413,-23.692228556344723,-25.477723386110004,-30.075655137603324,-28.843618416122137,-28.47073121487647
58.27067669172932,-25.473154689252297,-27.01654372100917,-27.059358429940314,-29.583099942393094,-26.359835086689834,-27.82656106075331,-25.805170410703127,-27.086798959977976,-23.550062045901562,-24.184359839899887,-24.400225562175258,-24.094544711806435,-24.718886054138764,-24.090827118196692,-25.16175076326834,-28.155199875956534,-25.097186442126564,-23.16958508360441,-25.246343529433474,-28.940946009492038,-28.348110283920168,-28.558464606409505
58.7406015037594,-26.88621175931915,-27.823179996895952,-26.896709296175846,-29.289384224905525,-26.274126904243296,-27.204575280746884,-26.047651066089212,-26.24700144284609,-24.811238028867646,-24.550824634341364,-24.639818578450594,-24.614063850333306,-24.774940408058203,-23.653953965871754,-26.28457659396953,-26.960836609297317,-25.563828855695125,-22.88850271674714,-26.059190996342554,-30.11683290499773,-29.139497770520148,-28.845186614398532
59.21052631578947,-25.361766255519342,-27.08470695352164,-26.217508426942842,-28.748288943318023,-26.513763677522594,-27.39171352105063,-25.824817751408787,-26.325540965945308,-23.49208372703098,-24.813088580343095,-25.031487861786513,-24.228537273553854,-25.010273241522736,-23.721765793847496,-24.864689885160175,-27.824354949561698,-25.948823542224932,-22.41439156697233,-25.482961839535268,-29.86661883037184,-28.788465178227188,-29.203079331955372
59.68045112781955,-25.618507825647875,-26.301915029654797,-26.27869942746349,-29.948579135028385,-26.19681369010494,-27.773738803325493,-26.36921673406433,-26.5893327858922,-23.61758084263473,-24.491380072574675,-24.002351338195723,-23.970196579718223,-24.916444477163054,-22.836156788442906,-25.26508922653676,-27.961758247874688,-24.235621677423147,-23.429152709762885,-25.161225716041738,-29.298395033162873,-28.205041188151032,-28.793619120482994
60.150375939849624,-26.612802262090316,-27.31426021101635,-27.9978098706182,-28.443783372533417,-25.868998347810965,-28.2029128473242,-25.670302353086264,-25.996700027611105,-25.067666126788172,-25.041821451219548,-24.823843692460322,-24.318051358906935,-25.671170941728956,-24.2002570823056,-26.08813202548958,-27.610877089282337,-27.40281952123201,-23.572880906427432,-25.055826519493124,-30.554786462934427,-28.98753158762286,-28.104833624026952
60.6203007518797,-25.78737322515232,-27.061769150486022,-25.898664642292783,-27.73336664612375,-26.342765150557472,-26.93801299234649,-26.140381453412502,-27.118333126032788,-23.417352517437457,-23.920604596654062,-24.70364665868626,-24.09931128531188,-23.974886147638397,-22.51115100556426,-25.415328259142704,-26.881494641526196,-24.996400138025397,-23.269385213221142,-25.121679106933,-29.117938634844105,-27.792008384767364,-29.02974580408065
61.090225563909776,-26.593445462571143,-27.01008373515144,-27.64303544258844,-30.608063478446088,-26.450852293315226,-27.78382215483788,-25.647951060170374,-26.720346307307633,-24.504065454135734,-25.095869686563113,-24.40223348438716,-24.571264536897125,-26.177677602216484,-23.436649787508518,-25.542653609298352,-27.45854640054822,-27.294403347322394,-23.442172603956106,-26.068347705844047,-30.413964846432496,-29.2706318812478,-28.302482898926066
61.56015037593985,-26.542354936426687,-27.15765484266353,-25.947538979708398,-28.91041462989436,-25.81494405170985,-26.8037365142263,-26.442434234262063,-26.14313636096605,-23.08639921425434,-24.58973862262231,-23.87576931349356,-23.988027885998772,-25.549584763531275,-23.683162295785404,-24.996546236161016,-26.796324892090755,-26.28389904254817,-23.479385019848092,-25.140842546119554,-29.67431923295136,-28.871466340662185,-28.158019946168753
62.03007518796993,-26.456066857882917,-27.94359037854078,-26.294297136489565,-30.314558420344788,-26.474167934057956,-27.093267624809652,-26.566028783795062,-26.579364346855318,-24.14581721184713,-24.597630548778465,-24.591350322326335,-24.16746844138754,-24.95676246985056,-23.530771914717526,-24.994507929887625,-28.301891956956332,-26.789204614030822,-24.240038992634492,-25.697374972624722,-29.708674692181674,-27.815962457850777,-28.261640136656155
62.5,-25.791106199659623,-27.876171483039624,-26.676351392899115,-29.375266210997193,-26.010147404835557,-28.054030566260074,-26.685306048068576,-26.19451162142382,-24.4542362045774,-25.28258762923957,-24.287066326612226,-23.933099543244936,-25.8451287301321,-23.859216565647145,-25.694519939242078,-27.371855713306523,-26.229050813150746,-23.188729936601327,-25.4078421003636,-29.519645964381255,-27.54271136944244,-28.721542420125257
62.96992481203007,-27.07466540519599,-26.934087601666747,-26.294968879573492,-29.01586605078845,-25.767275382489096,-27.479200687019148,-27.133009438722812,-25.99066403343418,-23.268727476836563,-23.750309004157344,-24.204921418261893,-23.983694251981614,-25.529643703668892,-23.082309320686957,-25.555079693345025,-26.274161197526656,-25.45371071556873,-22.795767064855667,-24.90262516241387,-30.11039797187104,-27.98229568037416,-29.231946575711238
63.43984962406015,-25.770985896669945,-26.317414890890362,-26.981720216885392,-29.727128226397888,-25.082838017179345,-27.98349267837323,-26.568406681675242,-27.85955169122089,-24.45680256284001,-24.136381107206688,-24.160017483562104,-24.603097225122706,-24.780372906411394,-22.427159428315846,-25.414230344341842,-27.29999203022231,-24.766732025343533,-24.13033116101033,-24.913016965890595,-30.631556369708356,-27.84780823956503,-28.600339946064594
63.909774436090224,-27.006537993374145,-28.142288592223068,-27.1530140971319,-28.596329971170253,-25.057082154487702,-27.467337213411515,-26.70151206634414,-26.078598139936734,-24.53596537461024,-24.638932508322938,-23.635389496162134,-23.837779184685484,-24.676498551352964,-22.877211587928386,-25.78017534843199,-27.177767865565773,-24.937266615696444,-22.84590049137831,-24.441732820979734,-29.378998308782062,-28.009170553276004,-28.71238986426408
64.3796992481203,-26.32345220884976,-27.371282661165534,-27.148565638429872,-29.62593163936238,-25.921739083838837,-26.971633730785264,-26.07804757679044,-27.433913377781945,-24.24213324730242,-24.401246192923434,-24.149617502331303,-23.985885880865492,-24.89393253750778,-23.853629832371087,-25.790783354065603,-27.348061827320976,-25.14028121297252,-23.290451411034173,-24.700513912505702,-29.571921754101165,-28.866690783713075,-28.55038573370845
64.84962406015038,-27.64183572654023,-27.08201652381453,-26.43200431223209,-29.67886095937905,-25.613030727980295,-27.281226809472958,-26.04634827409443,-26.161749277285193,-24.072102535954276,-24.954441611222762,-24.17925166444157,-23.64568058761804,-24.943113679203933,-22.939056886491755,-26.01098942117432,-27.418211801093854,-25.356155172013974,-22.476438138477366,-23.96317095261463,-29.826915699925827,-29.050797648111683,-28.412483888515766
65.31954887218045,-26.035612283479207,-27.20008576219904,-26.509871690081173,-29.530487222248002,-25.567010708700877,-26.663379772202497,-25.35103299069681,-27.104183858620548,-24.05472370262948,-25.034693634443755,-22.895597385097112,-22.815049076153322,-24.941908830447623,-23.17839438697276,-25.08458173389589,-27.160445210242315,-24.825923945752194,-22.01369208415858,-23.951769451412293,-29.2747738202781,-28.360086649622247,-27.390519447748233
65.78947368421052,-26.42905349317633,-26.773656696789725,-25.31506670414402,-29.07120476587302,-26.531619911555218,-26.9135499353063,-25.854069523855518,-26.72662823655141,-23.491309351147052,-24.212018570922844,-24.987922004312534,-23.795725576717192,-25.07475766368378,-22.86975303336686,-26.300964389629147,-26.818659488964673,-25.62942545891891,-22.819468964963647,-25.664168881535048,-28.696610488293267,-26.887021796078756,-27.969675192428078
66.2593984962406,-25.56531388883469,-26.489197596990866,-25.93779691991947,-29.414647739474518,-25.57205516796323,-27.343729787228703,-26.23029722185542,-26.648541978203372,-23.472550652298594,-23.994253652249082,-24.75903360545819,-23.197651837928944,-25.320838561460704,-22.07850400881497,-24.99520388446909,-27.214693039190422,-25.16260894714424,-22.77370170043904,-24.46789766995395,-29.09438290615461,-28.614924120414056,-28.57584706464305
66.72932330827068,-26.30549851386304,-27.20119241920901,-26.082013112854625,-29.14361804529845,-25.530583310683706,-27.36352405800385,-25.380895782412917,-26.797288399712617,-24.06815107462062,-24.72128818004664,-24.184908375398606,-23.244404034397373,-25.035063409605325,-23.437602709639847,-25.814227600757178,-27.6466169540362,-26.221704165834264,-23.163733627419813,-24.57343866021621,-29.710355860148685,-28.54453390536266,-27.28446537186551
67.19924812030075,-26.530058308200726,-26.90179988241722,-26.595022533865457,-30.73394988570709,-25.955087171600905,-28.467895654958514,-26.719397733571242,-25.934206943031064,-23.96847755692744,-24.237825705867913,-23.990333329248422,-23.59394496408605,-24.67408166325486,-22.93588381198131,-25.41608909231199,-28.60386580512594,-25.75230983685805,-22.452295063117845,-24.8889855162243,-31.060385794938135,-27.505111110981698,-29.22644133273102
67.66917293233082,-26.077468656518857,-25.36077288212519,-26.03580444695206,-29.26879167048067,-25.80271277909628,-26.72222721843964,-25.30441344491337,-25.868197293389596,-23.555707990612785,-24.43075064857477,-23.650647832514263,-23.859061178503936,-24.460307833147183,-23.809297917367832,-25.29715903650864,-26.632196654060092,-25.629172256978826,-23.540533305028653,-25.013719139171553,-29.07243402298606,-28.1815745386506,-27.563099203584294
68.1390977443609,-26.84481582132148,-27.418496689527288,-26.456604212224548,-29.609258969046373,-25.65224570175577,-27.751233823576616,-26.205563738973684,-25.258731741423667,-24.56560665945851,-24.707982994336152,-24.064775943882772,-24.20099690019402,-25.482515611772666,-23.067548017275485,-26.721011168606125,-27.317226643660202,-25.94379020134973,-23.647160506255798,-24.852024028687794,-29.579610109302873,-28.414855393985196,-28.271269194965175
68.60902255639098,-26.231285864909115,-26.71798337438724,-26.070751868900032,-29.66472800120638,-26.197222809058843,-27.660359193877493,-26.57163208867267,-26.289609441199655,-24.928125752234248,-25.131595477782863,-24.86150195823849,-25.000572409548262,-25.434978936727102,-24.318701337752024,-26.36742891116571,-26.154553242754,-25.769778499434498,-22.863058778115143,-25.706623327510872,-29.398955987787204,-27.364675381898646,-28.633156679505504
69.07894736842105,-26.823551407218552,-26.9066506196256,-26.819206417630404,-29.9814646853342,-26.931763322797426,-27.578057308075078,-26.82127826046778,-25.21370170453473,-25.015621068136827,-26.067628758655577,-24.73011316112482,-24.474829194500348,-25.874419618896006,-23.727403348188737,-26.73109398176051,-28.065009406879525,-26.24594692179207,-22.862757777549415,-25.627688751522996,-30.291926797704363,-27.564452473343636,-29.642961290092064
69.54887218045113,-27.871227173111624,-27.01536773567893,-26.17909377020543,-29.981698983042936,-26.03315722746124,-27.18852073968068,-25.843040928322342,-26.567924212073965,-24.266388658227278,-24.532863378475838,-24.187977377134306,-23.724141996188205,-24.709159690126146,-22.79362748681138,-26.48842585152126,-27.181628422468258,-25.817368734590577,-23.544094903742124,-24.759393957404342,-29.516237666750087,-27.25678487138002,-29.005026027181533
