frequency_hz,F7-T3,T3-T5,T5-O1,F8-T4,T4-T6,T6-O2,A1-T3,T3-C3,C3-CZ,CZ-C4,C4-T4,T4-A2,P4-O2,FP1-F7,FP2-F8,FP1-F3,FP2-F4,F4-C4,C4-P4,F3-C3,C3-P3,P3-O1
0.0,1.10159742398603,1.4823965335120644,1.8124573001479538,1.5823462997860323,1.5707963267948932,1.649901177784564,1.4642231246819652,1.9618925550989277,1.8294415051024862,1.4806686687001047,1.2949217030925646,1.795195802051306,1.6015962547712632,1.652608635482128,1.2061471795032226,1.5119964642945507,1.647854259807473,1.3654271957298367,1.7016960206944673,1.5267553082866259,1.8206957424213535,1.3274335156013186
0.5,0.07056840118917011,0.14269943721598854,-0.24685014603516575,-0.08747037853926683,0.021931695299593882,0.2227121053770524,0.008631707395902678,-0.18847126123931704,-0.007768143559250713,-0.11293882931244043,-0.29389152976601357,0.14778797878336272,-0.24504322610843612,-0.10395642727282732,0.12133696725153856,-0.2853933683886052,-0.011533473325535963,0.07354014434695792,0.11095728236740407,0.22734004838541147,0.061233036115840904,-0.21002861283527774
1.0,0.0562603938484191,0.14613561271664127,-0.11264363403709175,-0.08029678860526958,0.12061628652865618,-0.09063680696671061,0.10834371678065911,-0.06342734467407993,-0.38584247737186667,-0.042028218157511,0.1334515169979934,0.0818759273482896,0.042450298391996266,0.016602200084866684,0.2604606033901301,-0.15369845441699623,-0.11756340692629151,0.22712520314889179,0.04561016798805293,0.34518070153243124,0.011315162422708037,0.0005240755815130578
1.5,0.10923456732477048,0.025386125197244615,-0.13604732879111703,-0.022206026204188985,0.0981901461765606,-0.08849261035319869,-0.047701196141526916,0.017480312020935793,0.021563505466586922,-0.20371193119255504,-0.0545430768958527,0.2897845969815071,-0.20903617839927977,0.25117700588225983,-0.019181869984332595,-0.22574371645316682,-0.14293783411966754,0.24989941401820664,0.22947701988752606,0.1024185689923583,-0.0005304911515991204,-0.05319890238501448
2.0,0.19688745273642247,0.14169633011651486,-0.0979830578091315,0.04823419588392906,-0.09103718832484253,0.05703003701568185,-0.0263119309000272,-0.11507736747243684,-0.21698958516578815,-0.07639852520686988,-0.16443916898787192,0.185504780529134,-0.19705518386631987,-0.007256165921362717,0.04667858968459911,-0.15174775991518907,-0.11569501624793502,0.4220775988069756,0.20463478756545145,0.42791461467857467,-0.07391575892794486,-0.2171481327955758
2.5,0.021995975462394783,0.08602767555838292,-0.05435913548788974,-0.0820061371515712,0.16314860410018378,-0.14644344709901785,-0.09869994534705641,-0.1594106869202965,-0.22694822130116155,0.09595560751490834,-0.14239590423765663,0.14800832988558052,-0.14423476422499026,-0.07293854089803858,0.21888641301441605,-0.3631989370959804,-0.023494538935795818,0.1009380073757835,0.34915295150953174,0.07443795486178213,-0.08062785254560255,-0.10817745623906326
3.0,0.09106142788976365,0.23927406210487984,-0.18129277724186452,-0.16736610161402246,0.268137116394117,-0.06033796261266284,-0.0016833759567604976,0.025125679690302497,-0.09682296201024264,-0.15794486733212273,-0.1257694522210602,0.21884653469418164,-0.17097227240883656,-0.02326977093500099,0.16989360301644701,-0.06866432051808088,-0.0834629476101112,0.3507811435180583,0.38984795723383314,0.2329982185968491,-0.1327045526794768,-0.09964683435228644
3.5,0.11733036239565556,0.16402900712857335,-0.30558070237797885,-0.05685501267184378,0.13888616944883547,-0.10625235245838245,0.11214438193722044,0.014104546756815592,-0.07043205584362303,-0.2462194700352161,-0.07818932061920912,0.10704519912165981,-0.0844099426077968,-0.019031159218321724,-0.04271677135803463,-0.3471041102201525,-0.1750053374023065,0.29746414194395393,0.25922816013852923,0.3122186337915773,-0.08493228027745656,-0.09490121043729968
4.0,0.12137785508818033,0.14425279949413788,-0.1609954771664969,-0.24980250829645076,0.1826925861603439,0.05349010249430121,0.19975831326103977,0.009253888349508512,-0.11057322514042492,-0.03311153083842215,-0.17165309813235374,0.03100955548952092,-0.126864936539022,-0.1822234308037254,0.17459607649591855,-0.13794391926464333,-0.1330451199082625,0.15590400808600152,0.33825644928846227,0.34015435193220817,-0.02992374735172249,-0.17850684249376558
4.5,0.21167472105542143,0.14924901411972427,-0.17152394384489944,-0.15977206247006473,0.12820247784923966,-0.040560610919619516,0.06945014319783425,-0.07066735922159857,-0.03125130656804816,-0.1021050792126144,-0.20156416794503623,0.06651605256773588,-0.13252388209360916,0.011841036067175749,0.13551586236231414,-0.31490921658331184,-0.24543275720270893,0.12117320849890377,0.13162388791514656,0.38931865196269644,-0.03000724463862737,-0.10887624221061873
5.0,0.18139997288114526,0.15962674684805114,-0.14616836430957628,-0.21910174867575102,0.16034142840883875,-0.004992926177580226,0.06126487689805442,0.006243525252501245,-0.003408392901585703,-0.13199811820998547,-0.06316726976206252,0.33671430381673395,-0.16274407210863345,0.01554348131243307,0.061250053639880474,-0.07891877346505367,-0.1088254546802771,0.06713307140266646,0.29728215851301176,0.3830560710673754,-0.050882088440963195,-0.11167343661177313
5.5,0.06182284917137259,-0.004980712190114082,-0.22726323580224292,-0.3785904608306518,0.12365420608293579,0.0669086700733418,-0.10454047954431615,0.0992117416056399,0.05940330481389203,-0.23244730177878206,-0.3630051988954526,0.12993132760725135,-0.22668057551644352,-0.15173683718645384,-0.09560191402575786,-0.23415660610497918,-0.11616108613306439,0.19350256859223333,0.284746119912833,0.4010509152563607,-0.12390932944728904,-0.1876323005808404
6.0,0.15273564347618218,-0.029763343793559847,-0.24399925944736944,-0.26161019050181467,0.2105120033604544,0.08094429274093241,0.06486538959439446,-0.052532630303708715,-0.16224167842590628,0.007402450683432345,-0.15216062229447425,0.23543264884028547,-0.11614039129929514,0.07837587019043096,0.022438548683682186,-0.4009417186042463,-0.22636256689363132,0.1564600521481438,0.3905411608903244,0.1953093666791068,-0.2937345860272715,-0.11698731213734036
6.5,0.1365756953365848,0.1477687693990011,-0.18690304373981145,-0.14368922366126172,0.2562578476159737,-0.04303462997549256,0.13524251700003248,0.026077663805455596,0.01498893843541216,-0.040751387207742754,-0.2601935629292753,0.060830358170305354,-0.27421558691234366,0.11788237544992791,0.13031266025053515,-0.3116117316903803,-0.08603031785778592,0.2293345898040553,0.34027150422356234,-0.014517869266009354,-0.07487792524688291,-0.013868817636210035
7.0,-0.02177480456274989,0.21413339094554953,-0.15739435072995947,-0.41150894477631955,0.14710053933471712,0.022742217520577524,-0.18794299620241645,0.043035969159209785,0.09582944893488081,-0.12893542787731052,-0.31645151432700014,0.2600934375582961,-0.24035657070155464,0.0003433807612635749,0.10907360822023825,-0.2131956161204598,-0.196967558395996,0.3167707524760138,0.21443889526056345,0.2489822780141299,-0.07121382199105088,-0.08096110976422817
7.5,0.0325884726191489,0.0807196169007676,-0.1032156314483201,-0.261475879048569,0.19102987448510025,0.057483936993457586,-0.0988647202183205,-0.020172567625717192,0.006193121183672228,-0.1551538897510686,-0.2149162565962539,0.246105031891,-0.1167076326314673,0.05978543344771359,0.17158436440031796,-0.20513088808975122,-0.09776285645065245,0.33183013641806886,0.40060638686497635,0.2595983010215981,-0.04551713908653847,-0.19904664341506217
8.0,0.1405110686599236,0.15396265414972551,-0.11312244656945783,-0.19979352266496456,0.08588607032724688,-0.037931133484330824,0.14418385220861663,0.2274877918484455,-0.34165383524769594,-0.07172477190716325,-0.18730714115323618,0.13999804586193787,-0.129574835105609,0.014162609918982251,0.16203767313508227,-0.3385878714416765,-0.09630729731323806,0.32483307813552015,0.39766614441090836,0.4193925544101183,-0.23733731488795545,-0.24324507176548152
8.5,0.205275258837399,0.4863005774682326,-0.256956176208545,-0.042688290710421614,0.07274876135395876,-0.11077918550651274,0.021775609194755772,0.00942097466187137,0.11535444535732743,-0.17833472199152717,-0.02770397813579463,0.1710637167549087,-0.2713697883819279,-0.011450382161846837,0.1740727658686896,-0.25741663429471656,-0.2195981947181374,0.22309839327232817,0.36790588548990616,0.31644014242316304,-0.10109204423758511,-0.21105372263270528
9.0,0.2105200328158067,0.14454180417382329,-0.13374100478553452,-0.07836833228439163,0.2848689611572379,0.004022216546117247,0.3079661403037602,-0.11834947908838782,0.11650540469890128,-0.06619879418725799,0.007813816196932468,0.3058436418072925,-0.2371167530519832,-0.03141926284835372,0.2117430101250351,-0.31043011711182755,-0.22066833635491032,0.26175128580825263,0.28331223843571807,0.25753068079728425,0.049671069151017426,-0.01817525926202727
9.5,-0.014889535754048762,0.025752494955326048,-0.16226492977145085,0.038416309653617586,0.20576516864407976,0.0785982366614339,-0.02971890985928881,0.05483989021398274,-0.0011505225137565269,-0.4046426596330528,-0.1349094247236037,0.15610242869329957,-0.18642604635331272,-0.08215357568154114,0.06646292912938503,-0.07343762022273699,-0.06601525614704969,0.11903941546729348,0.38498633307552904,0.3429643528641678,-0.049445387969081454,-0.21382191536508102
10.0,0.0498305531579128,0.13422673415313402,-0.15039916803946296,-0.032089974733739236,0.41733167366979756,-0.0077785210255383475,0.06840003312373205,0.17071683385110498,0.1964331427983836,-0.22375188546232855,0.06188840817817771,0.3394124861696651,-0.14639801140095454,0.19982710267035908,0.1252969914053164,-0.06395002833916812,-0.1668898263332222,0.16577261383825126,0.1707607026256118,0.15428510414655922,-0.16370737988381312,0.028413625801455667
10.5,0.010045971574944693,0.13354520078667298,-0.08616395469566196,-0.21784840180642248,-0.03974055622625112,0.06816471451592115,0.06523114906909175,0.06041838807091956,-0.03484080126979916,-0.20173990611516415,-0.11583445702071035,0.034314376013806956,-0.11828991046047344,0.13745900880378067,0.01886208420277061,-0.11986204514315867,-0.16912603948315752,0.1403108173100389,0.265995463971229,0.4897411204394792,-0.2136241088569573,-0.14888498876216238
11.0,-0.004422047490678783,0.16468675762595952,-0.18941764485233528,-0.2128615995824458,0.12861999610746772,0.026518831562368457,0.09575826952999031,0.05616836289044664,-0.20115349398126756,-0.19084726347370579,-0.16785434018854925,0.1597759518829583,-0.20711757917384016,0.1418955656956916,0.09475792200590781,-0.2723574659655173,-0.02702300449327542,0.06223617578543369,0.4813029976520734,0.1924979483643994,-0.13188617736089375,-0.28324556028630904
11.5,0.15352681688006095,0.17255322999339462,-0.10937993624221087,-0.09679199167174797,0.12703132903110456,0.013449335242280331,-0.007851638485617282,0.026558841353339326,0.005367820170720427,-0.1653759014018209,-0.2610863256966848,0.057421806360705284,-0.21004770296248063,-0.014969857568643384,0.14409188108202658,-0.26309336963690827,-0.1380085946048165,0.20775336026134916,0.3404447876495852,0.347880621018605,-0.12951406146034736,-0.061080018027302646
12.0,0.14601621552009297,0.2902876721429276,0.05377375177527248,-0.18378672620055658,0.4220623193278843,0.03268346582933344,0.015103280724499697,0.2696623052020321,0.13400247106846222,-0.13305748592306826,-0.12491728708256783,0.23962967145270422,-0.07950576002440478,0.11211567867826966,0.01465500646407487,-0.18269517781766498,-0.15258255485659544,0.17108320782584477,0.31625231063240034,0.27096433299348743,0.0028979992686951517,0.03551156445841962
12.5,0.04035832030362831,0.1991875984124091,-0.1511221559993109,-0.21494071110642618,0.2656687533954662,0.05521451729512703,-0.07045301847483645,0.06618570808925943,0.02193487944525889,-0.14590730751304035,-0.22930972396136082,0.17629434187656182,-0.0039096857460845435,-0.06475998201887312,0.18677853441611242,-0.12165854019852124,-0.1021972244865555,0.2572613751066985,0.3123574445808528,0.23099213493923632,-0.04981253705587648,-0.28087967101264294
13.0,0.135876055139204,0.16422733840501946,-0.22201890209334943,-0.30300734861887985,0.19118698874043238,0.025360699325258074,0.03175224660642168,-0.10421224185997177,-0.061668983867504315,-0.1189581823675839,-0.05376356430272383,0.1875715123936262,-0.04860248206959757,-0.17376680614351872,0.21019441896100063,-0.4891920096918263,-0.1904467081722432,0.17246744566779798,0.18159771341947137,0.3273523656319823,-0.051526139341479336,-0.371191201492149
13.5,-0.04391994647672507,0.0977340149752001,-0.06881199248205741,-0.14108350437799538,0.30166586655243327,0.11036020435906398,0.019870683494326115,-0.03145349613403187,0.03154517316164638,-0.17483216459934434,-0.02632262421144286,0.23640333288719426,-0.21129088715987,-0.002021182906209215,0.01639642382989323,-0.22157062745202522,-0.17668530819769407,0.07123162684629904,0.28224780763331037,0.47131488449408354,-0.08874059976253286,-0.12125081503455457
14.0,0.05398455282814219,0.11283568218926052,-0.2071890111627062,-0.13853574624299483,0.13436133690173174,0.01648810685374385,-0.022455798024940396,-0.0008657755024470914,0.0073599585693688175,-0.09432798687178287,-0.19514290245439384,0.24845467800202978,-0.14687933422232544,-0.0014268582996911593,0.23808696308288904,-0.24599344159636818,-0.06569555054043276,0.37565580100805823,0.3547493039391865,0.06282709596190433,-0.04490383135338781,-0.05927542680564901
14.5,0.11065093782485719,0.20420679089745883,0.044506958675101536,-0.08580104742256713,0.024198587598772813,-0.1257261406088116,0.07523517872918706,0.05573891624982289,0.07637008123170042,0.05729708817645919,-0.22397340884217268,0.21448201232804892,-0.17445523878369115,0.05793455440684012,0.030375525910498608,-0.10694605732277596,-0.10553829763519948,0.1822671650492468,0.30357436931370063,0.3165251128666476,-0.08881225995476964,-0.13328676293714087
15.0,0.1532321478688973,-0.0025477569075330864,-0.17067328823801053,0.07032831311918615,0.35453199883778325,-0.04726875248932011,-0.013352379294429706,0.006996893548225495,-0.25922326402805496,-0.16238472536154838,-0.016172268042352268,0.1872281650346339,-0.2404736427198156,0.14343265224521876,0.18126266514295195,-0.2677312972209732,-0.2100287543746957,0.26340074803635205,0.41542541468693256,0.3830913702415257,-0.029998724878490035,-0.17239901622032283
15.5,0.22683657489227727,0.18581967872566832,-0.18873378352351572,-0.11641867638271047,0.1398936202916797,0.12508852338994647,-0.020508299849155986,-0.10079315891837509,-0.0730737352878606,-0.15534141085322334,-0.08996966244988854,0.22018798113022858,0.0407283519529583,0.024412442825625335,0.09689312097142977,-0.07498890917119498,-0.22206195291971706,0.09173102418534677,0.29886674901667437,0.4491156047352506,-0.08093241762467279,-0.03122721892132092
16.0,0.014204103380833695,0.2447559854980314,-0.11127029376738151,-0.18449309738196543,0.16931757826944357,0.12419217302853212,0.16612929112185884,0.29412423046144226,0.03784087933706855,-0.029521321519588105,-0.056796371384864194,0.09901889303273642,-0.1344013811599473,0.02703461127005084,0.16084266063252559,-0.20744881180479352,-0.11444718424546362,0.3648869923013191,0.31957521653631576,0.1857477117187203,-0.07431745099256347,0.1945845166436569
16.5,0.019353398026029447,0.030506022590746328,-0.26698018014213826,-0.16285709625302963,0.177840687048263,0.0034545629258386297,0.00230922742644435,0.03451022131622625,-0.10347521907401253,-0.08250788243203125,-0.10770852642284187,0.1696883590382686,-0.008126683166174953,0.013666659722849535,0.0447080919945006,-0.30203221708391703,-0.09787269301721449,0.2679675846005678,0.17657200723039898,0.2905912634631419,0.02597766472584033,-0.05439472501752323
17.0,-0.01904106260094829,0.02087991445763749,-0.03223148107619781,-0.18708294262354744,0.20552162768472726,0.12721152255778476,0.09982945835441873,0.012867844033757604,0.055520390560549714,-0.2958159998754214,-0.01275018158761028,0.1921625224640282,-0.10503825709165272,-0.047662234302667195,-0.13661932332885152,-0.18373302175437417,-0.09472296483755552,0.16797382913407308,0.35470287844904214,0.2656804292548128,0.032403289529384975,-0.13882211646391382
17.5,0.12186364674263629,0.1476772856914894,-0.14531007593734072,-0.24262439145666903,0.051143418188547604,0.005148547693929674,-0.027125467523174986,0.13101238620315808,0.06620988603149014,-0.0017991648185572673,-0.1480140715541845,0.0615900874532211,-0.07083962002985111,0.3009478414657413,-0.08143795772557103,-0.06070672365220865,-0.2139513274129042,0.09802948590213854,0.22821017283694262,0.3012051481902311,-0.22580076803232937,-0.016528157969395003
18.0,0.15448629080695472,0.07469205383241036,-0.13414162862998072,-0.3381184818614132,0.23565198669427603,0.01832789583461897,0.026816622476885734,0.07006517771985342,0.12284400961864332,-0.22514252134852672,-0.12674161982536114,0.2647643803600788,-0.1543206692152024,0.06810647578537386,-0.21751346688942816,-0.3962459905047279,-0.2382015479673791,0.3332505200602578,0.18031758144380486,0.37395588991867745,-0.16713234100526608,-0.32721516153688185
18.5,0.1532709638327521,0.2144688797722635,-0.025780372314002136,-0.12144454942960452,-0.06218292253737506,-0.030633604030249704,-0.006211712277365407,-0.035272033802949306,-0.09387072410601857,0.03981164127820751,0.1012142682972618,0.21393801140633145,0.031583903284099775,0.07158792692647943,0.2331088384340167,-0.21955593421254166,-0.10349618204075882,0.2989569275051387,0.24990079138175603,0.3191165301702675,-0.11674278931662932,0.014119779067413529
19.0,0.3051908264818667,0.11364839223565068,-0.1770936092615333,-0.1918417346617342,0.36633140229487654,0.0417402548565514,0.017500996618099684,0.18563844641520003,-0.08660212494237907,-0.24355512430501408,-0.1117657661194531,0.2153761751444164,-0.1470792333688364,0.13934675576096112,0.16358014042119323,-0.11370720345892932,-0.13531246608516434,0.4131176044722337,0.2869907177449752,0.2138643040552858,0.036510451807549374,-0.07613560166204834
19.5,0.054905784186122075,-0.08060266948537319,-0.21601444808340897,-0.2687795405692175,-0.031378993394511535,-0.057107129935469424,0.05371469169326448,-0.012116268015508379,0.03183448955669588,-0.1825667848750588,-0.078777769788452,0.17871215041599897,-0.2055549061002321,-0.0980590118511272,0.25973329313139387,-0.13889280676795318,-0.044849851349428066,0.23628464201768257,0.20906950988884843,0.38662526338433045,-0.07139312496819966,-0.12974545414140407
20.0,0.05000505391196305,0.12024768954888605,-0.12871507583531674,-0.22702428668192604,0.32496098638303184,0.016484339748812072,0.07895539333110135,0.11721787231396315,-0.1638044305121352,-0.04645175090888214,-0.13709010369121702,0.34811194105269094,-0.04255894617779778,-0.01446802954536248,0.09719327418117607,-0.3604614921584956,-0.21162300713417773,0.3483077194390798,0.31595032287293107,0.3240046744743946,-0.2046039797834241,0.037900479810172576
20.5,-0.0023852303999650627,0.30783554480614783,-0.08475706948368275,-0.006400970690663767,0.08448779409291388,0.020444058085695025,0.1088315995803444,0.16221642438545958,-0.17198671100563995,0.11311596105783445,-0.05191475289492163,0.26039001262462763,-0.1355212522309805,-0.04022358412163698,0.1299731562793947,-0.29991944662347647,-0.19707715932177955,0.28717528000075204,0.2328789670562383,0.4282340041075767,-0.19844748473836657,-0.08009559547309486
21.0,0.024185473137891714,0.1841773361645357,-0.022754878219417313,-0.09926663173997193,0.22316544987413517,0.09838081860656009,-0.0036560334353065715,0.04359801399447637,0.03615602501296637,0.049175947076137996,0.056136173169685166,0.24490396830789862,-0.13284396106753577,0.11826467568479963,0.13725419151041568,-0.40417827285778185,-0.212855774525084,0.3397563163476766,0.3935809230790559,0.2992406880282739,0.06195671816524039,-0.15365684653687725
21.5,0.045745048838505414,0.10019458168633442,-0.02270248486482722,-0.2063370376899474,0.08223895295135536,-0.015717598384621775,0.12568375920925157,-0.17036725620792434,-0.1534859961128443,-0.23731627650958975,-0.16999014977891583,0.3093788133179526,-0.12767852469841706,-0.018691460812303863,0.20060474269062795,-0.1937564307902218,-0.12216223230457791,0.2894659022412234,0.2535779180582205,0.514772371434488,-0.04296184241029442,-0.0069299698210316
22.0,0.0007604951594653837,0.10936486363561763,-0.04029689205560184,-0.09778233108503756,0.10370288376381169,0.10299952577228413,-0.02075038500253152,0.012276272758532695,-0.06264738875538112,-0.19501258555089943,-0.19273422139413665,0.30407880516664026,-0.15617790891585723,0.21136702852028202,0.16799640982013747,-0.25263946525172354,-0.028260444431426893,0.092109069162005,0.38857923604792344,0.1900247075567556,-0.05123405906546958,0.002800934436725509
22.5,0.18626736748512474,0.05622703500967849,-0.08052219535149295,-0.26861028105648854,0.07903273138480807,0.03772332310554493,0.06625393962540901,-0.043998654158438746,-0.0867899510397253,-0.002228357992338751,-0.1331261898679466,0.33379005478950646,-0.2394812774536058,0.08401389727684101,0.20699330432578028,0.024495837547905026,-0.2522249162136869,0.2748021030014303,0.4472073077524574,0.23366713643533796,-0.035415345283072906,-0.03787494251811412
23.0,0.1529654113040531,-0.19059332180234237,0.009342666919939204,0.08159714407254805,0.14089207169857249,0.009566121621193377,0.2613173529408165,0.24427559124858317,-0.07245206486815284,-0.09817316149692781,-0.15140464588768612,0.1721483872912947,-0.27098663901270953,-0.18843992453491662,0.294797885691951,-0.27452476321609537,0.1361778642316153,0.30864101244562414,0.25966673420565206,0.39068198129554427,-0.1970025034609838,0.03629206226826738
23.5,-0.12317130742637732,0.2728197549922863,0.014380812099643168,-0.10961526960822568,0.21490294073455088,-0.08189789680801297,0.1073407719841772,-0.05688596858691157,-0.16624443767232466,-0.042878986622729306,-0.1534782749427559,0.21416016069578325,-0.06751917629747618,-0.07371955254993989,0.2823608705338204,-0.32178086715814286,-0.021117177531866472,0.41167778937800487,0.3562579630380948,0.26174388022751666,-0.0915585431767751,-0.09510866594612413
24.0,0.1990891326800338,0.20153107896935837,0.08006843286434179,-0.12101301306941022,0.21760151000543104,0.0034311081325235676,0.12306209226774231,0.23178640036893625,-0.05476232552656712,-0.042862737133084604,-0.11108140467707836,0.19940045709957982,-0.1913059144206747,0.01556689721432171,0.12986930036260821,-0.24918241394979265,-0.030687692169598105,0.23358272416806627,0.4407260007187141,0.2702900680931299,0.007378354930320722,-0.015965287489154267
24.5,0.098685556705709,0.15634852621782191,-0.2215394857400189,-0.06153727217570892,0.0651821818720079,0.17864206209086325,-0.012050130947432108,0.056999780314488394,-0.020585908801890068,-0.21480783979481458,-0.03637344815854693,0.07299921277175095,-0.14052472655386217,0.03135505047502272,0.24590340334055186,-0.42068362373528484,-0.12203776986473606,0.10572310239903934,0.20675529738592524,0.27302798136600553,-0.0021746973077633367,-0.02450841032733026
25.0,0.16404096790774192,0.07220032292577382,-0.06950130895728798,-0.27205752073836353,0.12538595922105997,0.17220883476659127,0.10196808701225929,-0.060494315413527976,-0.18355417019064474,-0.10251160614933022,-0.08676547862317453,0.30310015998183876,0.06202568261846801,0.15388697105895296,0.21888988254676064,-0.17896336501777066,-0.22288579650707957,0.35845409824389235,0.4094451904777133,0.16574908338288263,0.053321392929771026,0.03407173823175242
25.5,-0.015748733100932187,0.1266561187548057,0.04584379934019661,-0.0583502909976621,0.18320752626995945,0.09055267500850343,-0.017093309473065463,0.11519254300355819,0.021634326089492537,-0.040761223895511754,-0.23582001914958453,0.2133293361373466,-0.15334169215187787,0.0225235414441101,-0.01021987478853029,-0.3407523666374792,-0.21295040230769394,0.27820381300705843,0.21818728732398526,0.32234527266758883,0.026399939433419825,-0.12452579419252502
26.0,0.13330342351679714,0.03269810413937905,-0.03174732691173029,-0.24244897440758137,0.018661104765971156,0.12084340181595557,0.027957486732244796,0.0838140976392556,-0.15602536499949066,-0.0068943598252341745,-0.10661519487269346,0.16396227451780362,0.02350576065759123,0.015941858195789523,-0.03270551919707624,-0.4785176446255686,-0.13434336799164284,0.11430574868341471,0.35711815511514344,0.1591248434278989,0.07013889446655489,-0.2428267757165228
26.5,0.12887545876502546,0.17587211127274985,0.07494977302375883,-0.20562807320982074,0.08433315477411367,-0.06569778563952094,-0.07993980867740326,-0.1474703767297846,0.06796562504555585,0.02786098341560383,-0.12087868484213846,0.23120437935613752,-0.10520946322251074,-0.04961729602395285,-0.05186169538967701,-0.3471525736052234,-0.0832000839674967,0.19857450713094882,0.3116777677706888,0.24373053585359813,0.06583253243671566,-0.061838707918112724
27.0,-0.20349122434680056,-0.0016113290193623508,-0.18819681654069415,-0.003487538784921505,0.12421511677961491,0.02605337287887332,-0.0786247686554573,0.07949902899359806,-0.07138315291069365,-0.025319080923720864,0.01617853551931551,0.26413812154272753,-0.11581631218328374,0.18643514151971682,0.1213144359818938,-0.2149536165503507,-0.19105188277360177,0.1713722879971407,0.3871588989064811,0.3409790652698787,0.05141292213333936,-0.10717151314284327
27.5,0.15270225083505515,0.04515321783612975,-0.01515071488676079,0.032089359305921966,0.21705639992708387,-0.001263021377460443,0.25345055149155715,0.20597559925046527,0.071258931377849,-0.09575516299787652,-0.21660064828631226,0.21144743045995806,-0.11028772032019311,-0.019983191907107328,0.09634154399070238,-0.024087794238488173,-0.07659363706586894,0.23585049363488575,0.5502753296209799,0.20892305238473902,-0.1778287102131333,-0.2096191559691042
28.0,0.09397151899915758,0.21302816648727882,-0.2953444188076581,-0.08764223909339217,0.205169164678039,0.07300798471337534,0.0049587123104703115,0.20155903712051707,-0.03664278076991655,-0.307790151679519,-0.4878529283387535,0.33346082490715906,-0.11625035091988534,-0.10065436202001564,-0.09507141248638633,-0.2420098097620613,-0.14219724190415714,0.2558650756083736,0.29253337625684933,0.37354708008030063,0.01141859054203054,-0.2539952772398204
28.5,0.09509889077484673,0.039332182637336635,-0.09576103736612732,-0.07916082470785461,-0.04461333914902884,-0.07192721405034003,-0.03627259900029208,0.0463145340198332,0.0696848609692624,0.07730998636846156,0.017976728295644933,0.09310307440864651,-0.06434026170769395,-0.07867069550276026,0.018037416142261294,-0.197089034781849,-0.04868862395047549,0.3709112728536583,0.1936550666041265,0.381523134073088,-0.08252208223705512,-0.09840058154516096
29.0,0.12522224026871306,0.14436379978515265,-0.1463299862005517,0.0748986949803577,0.17222807073786833,0.15144328333114537,0.019263123670484692,0.019200758408524466,-0.13477621197252798,-0.0701712988414007,0.04235710566789257,0.1513388286355295,0.08899159012965098,0.128070342564209,0.08999667781480657,-0.2621455156986067,-0.17949553098404966,0.18851002320719343,0.36679045948550515,0.3520993626087791,-0.06043666835488315,-0.08276415654862211
29.5,-0.09762724792795002,-0.00038246279333517,-0.004174706859191922,-0.0247259798336803,0.1690242228919458,0.06569428988280175,0.01289072767435654,0.15717019100472004,0.01911599847038749,-0.05479743002470863,-0.26204695539426154,0.048972538320644424,-0.14038859323412398,-0.07457990130446161,0.020163498896389503,-0.13971004507817902,-0.10925122939918429,0.2928895270365243,0.26188350859121096,0.1920708227436197,-0.06770912012915353,-0.10820444020306438
30.0,0.16251599133697736,-0.14193692244895154,-0.08336167469234008,-0.1242657313392906,-0.0004440040703137404,0.19078826793658993,0.12015764090084069,-0.1392637008431014,-0.1486037381726087,-0.19544254838501687,-0.0690379978969139,0.2525938346469973,-0.02815221128425565,-0.04978746882680731,0.04887623999239599,-0.07828401690847589,-0.19942659746625901,0.23199894899933637,0.2648448848892718,0.3787100775266362,-0.03849861718552219,-0.036760782263813824
30.5,0.035256025348543614,0.02806963976535093,-0.19669500049522895,-0.017796606083710684,0.2125455945605141,-0.015750791133758244,0.012995917521209455,0.09647585581207119,-0.1691205233937201,-0.06771451755757699,0.01379472692548061,0.264835843351111,-0.20821053107943657,-0.20487559962446242,-0.0864469350567749,-0.049105786831440346,-0.20007800153840574,0.06997678322943017,0.30384394548227345,0.3853182411158204,-0.2124184854956186,-0.20766658817705502
31.0,-0.023939577413874036,-0.031232426220669324,-0.11468439379265659,-0.3092594360179984,0.23246568010375362,0.20627348141554805,-0.06225198912227322,-0.010608646457989127,0.019558472128575137,-0.1729884365962158,-0.15009987344269707,0.24251556663535137,-0.10755849777927691,0.10616531345312119,0.1491016033841153,-0.21128904513323876,-0.05755831606149616,0.05855673966078581,0.18755088430221004,0.4355812404647771,-0.16168548978573286,-0.17723762950249974
31.5,0.006805325031529519,0.1931653891740598,-0.26507083855171454,-0.15098743195452086,0.014703838936492098,-0.10749656775291078,-0.02774056172267636,0.11361543837561597,0.0827996012453183,0.011514934084696915,0.021391791272530148,0.11010403086965341,-0.124859840718978,0.07164192939099022,0.035724352691321105,-0.1779867845541262,0.029232995183999046,0.21560946935357891,0.3389174726834851,0.3910962944366705,-0.09428834741162245,-0.1685151147120928
32.0,-0.052704464235503345,0.016010865868554113,-0.16054426572253605,0.052385893462960235,0.12992251122715218,0.10652724191873432,0.0928950994186787,0.14328236204099135,-0.11526686691361675,-0.1534078590878348,-0.1128977998857606,0.2135787503584559,0.017941852111683698,-0.08132532817815401,0.11093601764099577,-0.2640352943928529,-0.2319814296578427,0.25685712135881783,0.3282320272904699,0.31153664405343034,-0.09689917594459987,0.15334729182289678
32.5,0.15302898325005462,0.2884172066925443,-0.08190131033436782,-0.1445135931327906,0.06795219986517091,-0.0822524611328059,0.05622650776459871,-0.08137147421047614,-0.04602207493700966,0.13229803693901757,-0.12722101338757383,0.19021135314043364,-0.0799851292838329,-0.0690534124505947,0.034026743742653194,-0.180883168320611,-0.011841750984834733,0.030823159618285845,0.19577442362098635,0.26941999317261883,0.038188225417231096,-0.06196846498054163
33.0,0.008166112054504496,0.14081005990168638,-0.09701990195973606,-0.12337388609492296,0.22168930619910973,0.030138447156149415,0.04930344629441694,-0.13596913545305114,-0.14775437732898608,-0.09966414675588277,-0.052200107422440314,0.16767475418190894,-0.20813903744328058,0.2166678863657007,-0.010206180786575593,0.04924629590906973,0.1346076358433499,0.22996764964903602,0.34791562351650873,0.33492959621282686,0.09383334220874344,-0.07545675917119762
33.5,0.20951536295111384,0.08761984796410485,-0.0173645316051102,0.09143617107774356,0.18600200074952553,0.21918603086529234,-0.09095160973878784,0.015563893934485236,0.057857655328711184,-0.20632422074161955,0.1329940621460069,0.05925725509768519,-0.08918475172012766,-0.2738641229477889,0.14797365549916003,-0.30441119271533074,-0.2749336688072517,0.20100109077601874,0.606554902058526,0.41987497993602246,0.029600481635524464,-0.1457059493322592
34.0,0.10393327026107511,0.11520453758542398,-0.14032558143154683,0.03067612371243078,0.02703640609094824,0.013381745091448348,0.0935401060013476,-0.0019364264476410243,-0.022797545932062766,-0.12335825921713922,-0.028414406086030845,0.167596925751628,-0.16590137509925426,0.11345671513416179,-0.005629251875668816,-0.11198607436736942,-0.16507414294747363,0.15098013028008833,0.4535068503082276,0.3417546876940187,-0.17614869547871012,-0.26329153583049586
34.5,0.07134826008402842,0.07995138412662436,-0.12247471740078872,-0.08110770973801523,0.1662235810716448,0.05271422708824788,-0.022520802261550277,0.04059429605427371,-0.18166056164168168,-0.01118114922606354,-0.09071134732184223,0.20752364020957953,-0.06687448198078924,0.06828105216046539,-0.022872803099585837,-0.29500074095874895,-0.18166999016745647,0.29362233394105636,0.3693112079084516,0.5053052615136228,-0.13615742959459698,-0.18439111488851911
35.0,0.11404454798475211,-0.11577000174529029,-0.11560241691405392,-0.13669820515227396,0.16295870961911701,0.008594801018362953,0.2133820936500973,0.1217798581401164,-0.08501423788098475,0.047898923029374235,0.0005825359058574131,0.14660575429168535,-0.08063625770396163,-0.028213558017283927,0.15485548281023412,-0.17101109528673333,-0.19628977853237262,0.26779651819540295,0.28944919209777054,0.33882168475223884,-0.19560610370341747,-0.050120461860099184
35.5,-0.06505118020284417,0.2528109885487335,-0.1259484312980814,-0.16905293922231174,0.08524993978999307,0.09885284145266164,-0.05300129761055165,0.058257505436323354,0.09282859858067047,-0.06748260579786249,-0.03904859261070981,0.11967473532170081,-0.1649810404799762,0.17495323947247818,0.0640053781226153,-0.05022166104893934,-0.006633847998292566,0.10796258518930961,0.32012557873900094,0.351862501097831,-0.1843380107483085,-0.1121609009705779
36.0,-0.036708101957521735,0.15576422920187505,-0.0917023217783842,-0.025450881289141386,0.22901899679600224,0.16621175793284723,-0.059147732517621184,-0.03707691114857844,0.07806731775784982,-0.03639592726748383,0.03332762101330373,0.1757735661365126,-0.1797454146317555,0.0755328872755074,0.1718302046370876,-0.11057509994450708,-0.10554543433768365,0.09905090547538291,0.4054933016046834,0.4076803264188455,-0.17510894135993071,-0.11879351766509269
36.5,0.06898483488430379,0.1018841005662344,0.005273708407823767,0.08840787589637034,0.209743909071896,-0.011420531978868876,0.12889656705999272,0.189095203102046,0.10969569676821568,-0.0019136184952126673,0.04781290542010819,0.14120374792580243,0.01850924036220443,0.12216900175255209,0.2086695219130049,-0.04121946904703223,-0.1259056492335814,0.31232527490724576,0.3513372197658403,0.37739923493816047,-0.17613715438968355,0.010406667870317465
37.0,0.0890660442747184,0.1504635677449323,-0.24580017367665338,-0.09152301898001099,0.1407116858088381,0.024345910396734873,0.010803727823756165,0.042422095434381135,-0.15657188659386398,-0.1108342153111707,-0.16085350580409574,0.18198938934207168,-0.09451732329925834,-0.01855441960840985,-0.19146344654831865,-0.21843541714670436,0.03267454743394185,0.17117390246110992,0.33500025337200157,0.37273659781551466,-0.1422200402867432,-0.08317147889001758
37.5,-0.02580416163851958,0.13784658163919905,-0.10513069342283414,-0.24097630569938294,0.11429734700435223,0.056951702109160014,0.027528085135963488,0.0004933630942525463,-0.09002493521159886,-0.18836454892347773,-0.13007851607881551,0.08858430146914568,-0.09525050272335699,-0.06977413790537246,0.14505409698816335,-0.3002426693260539,-0.16628434431615555,0.2545431829080277,0.4790630021704811,0.30483453083006573,-0.04816166296402522,-0.03697143994871697
38.0,0.18484741653020018,0.2407328347955738,-0.025962571549006084,0.0418036727932082,0.18416333376363944,0.05181026629612755,0.07146064037186468,0.13127495863917057,0.0940257677228896,-0.3234880425785593,0.03813539445075761,0.251539710355917,-0.07887493950109573,-0.10090222346797866,0.07760950383966048,-0.19175592692030274,-0.08135102920879737,0.15828267710909644,0.34081410541285384,0.36773865555033497,-0.17981494952623434,-0.05608187512349641
38.5,0.010835975123864165,0.2652597499800372,-0.15233659961848975,-0.2588157900611578,0.2472948618505988,0.10466578209394163,0.0546635605644308,-0.19524025279783733,-0.077004166149815,-0.21296542412370847,-0.3148198608860728,0.25802808716694786,0.1357181443000109,0.2488029185395839,0.15019449657906908,-0.221676128028366,-0.051756257573462396,0.22607871109558253,0.3378954681603159,0.3805512631150153,0.046823814746388734,-0.0004674397783197637
39.0,-0.003910070949530153,0.10322097982610208,0.021494320649245658,0.015203348244253982,0.171491780400919,0.020472684244126963,0.07569867933264302,0.057114902518242396,-0.04123832566306665,-0.07044434898451159,-0.2332404772984342,0.1484619924954765,-0.11230936962254325,0.010901559755734957,-0.029704678756569253,-0.2699453114058012,-0.07874445674593142,0.1650730805014795,0.201609759069684,0.48608017276533766,-0.03506554139349751,-0.08621220953523426
39.5,0.18855085969741806,-0.04689836059423917,-0.0777803467547553,-0.12007794182239685,0.21116377976445025,-0.06845489448317878,0.3054368347236495,-0.07571638890895611,-0.1301063583983534,-0.24078808808613852,-0.06003403106282923,0.19173641063505475,-0.1720271751439779,0.08354452846427157,0.10231299323488906,-0.16878643640113994,-0.19291715968025058,0.14828954434027938,0.4143091696769176,0.466133927949394,0.1043141762900298,-0.0843819521687404
40.0,0.14988304886611692,0.16015009973011057,-0.08911800950492722,-0.01988742564185281,0.027655892800298596,0.10212123998703755,-0.01733540642819771,-0.09033775890504797,0.019131014523476216,-0.032363673359721644,-0.09979879484704536,0.2236597334049421,-0.11526119759595854,-0.0925010004158482,0.03982248312379799,-0.06959745194995363,-0.21309743817337837,0.16142047954450137,0.4589390908345341,0.40108107054573433,0.002365469047346278,-0.08662938333658252
40.5,-0.010055551980790068,-0.10675951062097751,0.07158305734932556,-0.03555623738168974,0.17144047637818186,0.06327674199544021,-0.008714563448763672,0.11846890606153818,-0.1936833520177103,-0.004815508051647962,0.052404404537076725,0.12016502558521165,-0.10555470470810596,0.15093393794255497,0.2100776559255003,-0.12325741472671008,-0.10065156121983651,0.27878615142762764,0.3502722820622364,0.183290689918603,-0.022141902735764125,0.0185571950984516
41.0,0.04314273105495871,-0.030071445852163137,-0.15812099318769957,-0.1610720521613633,0.21328616280022544,-0.03116461367079761,-0.07274788649799435,-0.13993324619127345,-0.04681963277615162,-0.07935731687457916,-0.01572242317932668,0.3329842034061561,-0.18004855610746287,0.07669982691722378,0.26214349189051467,-0.2450555624583562,-0.18911244226415397,0.17169657697384919,0.28082315007632996,0.01648645421902633,-0.022198357930430568,-0.029589213641582884
41.5,-0.13409752455437932,0.17582236166019904,-0.0479646742040812,-0.08248787519088771,0.11542860526365092,0.1294084908043819,0.11216530633579556,0.07723946752603855,-0.08807713273563089,-0.08706260334263073,-0.17842383645729398,0.16125753437932402,-0.1124701508577826,0.016001433254598296,0.012395391935807949,-0.16482094617786838,-0.16806486580943278,0.26626605750619114,0.4214808808829248,0.31817676008753576,0.05405383389017852,-0.16705215645560795
42.0,-0.08508406999061112,0.2174882293552543,-0.014198268595254035,-0.0273633834552867,0.22281022268040057,-0.13141905256068157,0.013583648823724533,0.14088375608786238,0.07561286454204436,0.04552698840334493,-0.10864914479847117,0.3041248874078401,-0.14722588859280994,-0.14007131108220178,-0.029442400746897364,-0.2835975379956175,-0.11886032810287113,0.27083704395875946,0.33965395930495507,0.3426368273357763,0.0711317735707895,-0.05668285933470651
42.5,-0.01594435928948099,-0.06074929530975745,-0.20846945303509487,-0.10024010679497079,0.15159288745511254,0.06475441379857667,0.06235052519780415,0.24145981032762273,0.06861207141999762,-0.10089574788220503,-0.009155179278035011,0.2445704297844673,-0.022865055450281644,0.10457102237761377,0.01275074067407606,-0.3154144158181334,-0.009635058078180176,0.3062534402227445,0.35421362463876765,0.200662793723114,0.06136266792516031,0.07088451302898087
43.0,0.13900293730778165,0.13041037933417618,-0.15685411764495646,-0.1467465539074176,0.0640934916628145,0.07045353967186209,0.08871033657413478,0.08487648901058772,0.02126506311571188,-0.20114837097300273,-0.04490499427549803,0.16497954385370897,-0.10395161402114442,-0.09777239504314579,-0.04919305962831194,-0.3436484704946124,-0.25182911505194083,0.26990042401742265,0.37572758676457485,0.4301181887143471,-0.13903406734196014,-0.039077929477345966
43.5,0.018124088039411963,0.22666776212309936,0.025623435981133945,-0.06562640625456195,0.3340647404371408,0.018695338515796748,0.006274934704790139,0.17643647033656168,0.07914454912165568,-0.1724069227474412,-0.2114660748760282,0.28854604921161914,-0.05010270687007444,0.05830371606524943,-0.17215196854452156,-0.3086947670442643,-0.12418745013959503,0.09824700469989521,0.3254068143403379,0.24480750936188575,-0.17974358922876416,0.11393356488456297
44.0,-0.010934782569600981,0.22727119429047452,-0.13124399358770245,-0.11363282139110202,0.07467549807230485,0.16560446779363497,0.04597054935348421,0.11353099456605445,0.12047512396541814,0.04155655473662075,-0.08844163923302754,0.15266982334048912,-0.2935960375563472,0.21497605595032523,0.05903225721288758,0.0004707809947573399,-0.02083850589847599,0.18907633840203758,0.435751912447865,0.44303723735147266,-0.0044945658814725025,-0.12797441918406652
44.5,0.18319601834107327,0.23181958026672295,0.04012720428722366,-0.1472450512128216,0.3896471890575059,0.08393578908966641,0.18299926178042863,0.14489381536182264,-0.1633425249334313,-0.11539571482478732,-0.1345190486593446,0.3471827506494089,-0.017993475132276192,0.10504645674035462,0.072781349814096,-0.3612252232296327,-0.1889129854231247,0.3053152898193925,0.303846919384422,0.3291536395961388,-0.036382437554768,-0.0010848846904989503
45.0,0.20802620989903228,0.24165008646529235,0.09369704540024101,0.020211009054932446,0.12592473072189456,0.22547199088753303,-0.036886819641408844,0.06146664189480447,0.0945761415110744,-0.06536519247904997,0.030358154929695853,0.09332969004096191,0.005358371528112558,0.06221776562018138,0.1656723001047931,-0.18608217636228405,-0.1151277021376274,0.2649350836964595,0.3977808678092193,0.34071641785379964,0.19142506266962847,0.05536840462271837
45.5,0.03037347703808936,0.08099585645472841,-0.14887767950433256,0.06568785462415579,0.3313767009736136,0.08914606344975672,0.13153676927058103,0.03440251359631745,-0.0649729317359319,-0.06296963461535375,-0.08427234292983393,0.23477771645828405,0.06537334815852218,-0.06947115432027584,0.19553453247537286,-0.0890207248914114,-0.19435218734310883,0.3189362081209527,0.3504870408220616,0.15128230351947308,0.02974288972810252,-0.08450313880987337
46.0,0.08138921676747712,0.031026717999671966,-0.05035752299499972,-0.12570632775418533,0.23075487357542468,0.0422850153756397,0.05600980345345545,0.05232395581611532,0.04657352189160786,-0.06580552739095182,-0.19448185362037002,0.14450326737537025,0.028146222131599646,0.19275039755092485,0.2531030533001245,-0.29551884470657913,-0.1815957522047218,0.19141563276369333,0.31711853476315266,0.24512029939291263,-0.014215619683298222,0.05834826337411867
46.5,-0.11507288791254092,0.08226688564796901,-0.22419274828534827,-0.014769577648540918,0.11201275219173125,-0.07538162405381571,-0.009855221736014613,0.07457386037636543,-0.03445659819294067,-0.11469866703978274,-0.09942019437699155,0.18559327335026551,-0.23507363814519722,-0.09465507867408912,0.08109278379077209,0.037455001313201716,-0.12139946680838685,0.19277426061870695,0.2998474631376253,0.19644807939432787,-0.016160822937851822,0.04262494533002578
47.0,0.06097103453878285,0.10923111894984856,0.047724994028728956,-0.0033492766804703736,0.09806345161216556,0.20488593340624078,-0.04748135203064793,0.040593367459120566,-0.12787487945982556,0.003802304822735771,-0.10641087008749131,0.27092676811112626,-0.033135317930575274,0.16816016062772468,0.0031669614190926515,-0.006831152839688561,-0.17850674879350853,0.11134203110591145,0.25700470314134743,0.40625104635028797,-0.12351851457490937,-0.07361825544945363
47.5,0.24915215588272097,0.1421521653274477,-0.19666154460949975,-0.030416304380674743,0.1645053097386716,0.06310347117725362,0.037227220711208125,-0.07572496116390964,-0.26771180431197805,-0.004905206985959599,-0.29495371938139453,0.2711686378921453,-0.0664508489966905,0.13800007739500444,0.2012825917464734,-0.05655636470441497,-0.11107015131038615,0.11628787664255592,0.4117938479666344,0.2709071396560139,-0.08026126667694226,-0.14118341632097217
48.0,0.007275757119340066,0.3151450882310134,0.0044962588505340715,-0.02272318007663296,0.136701734342141,0.11027665737492065,0.06111229140893367,-0.05348951456274604,0.16248068316633607,0.04805821308809666,-0.20761558996024895,0.25980427710820125,0.04346026479816967,0.035208817089861934,0.03231564653589078,-0.26962333545089856,-0.22059038245269855,0.25482428392484746,0.28259209120600653,0.3062865891322573,0.08470137463431499,-0.0430916545708373
48.5,-0.07498172588909251,0.03197858591038167,0.013800199423564086,-0.08010920435833209,0.2360013082889798,0.0655172752667193,-0.04808398390457813,0.03697307444479976,0.03639594962167824,-0.23901554033059982,-0.12583549700378574,0.2302411847369461,0.0029807577512519935,-0.10807710825104998,0.223257036527092,-0.42170657538169193,-0.02344831083124421,0.29498270890610667,0.3200115514534479,0.3714147686350299,-0.06963423109173164,-0.010255015412311486
49.0,0.02257134527714961,0.1647079194685011,-0.03780319048688344,-0.13359776089179137,0.27409605488120664,0.22419456755976772,-0.030702307899434136,-0.05283190051878392,-0.13058931707311708,-0.21218763712735733,-0.10104811443443443,0.264293529739797,-0.09349669113046889,0.13277435698017812,0.14715493386230924,-0.05154126712675411,-0.07244865314055032,0.25918670437278535,0.3770700751263293,0.435537293239078,-0.09231018612750927,-0.1940306450643258
49.5,0.15955754429739574,0.0786294869021076,-0.1309971514436187,0.044986863129775755,0.34816535628940815,0.14312597450866105,0.10228643138665601,0.07695738087642211,-0.10085226080536151,-0.22005947726869232,-0.06529686138309734,0.2081021563646347,-0.16552460285894516,0.0012473391840857686,0.058399269001789315,-0.11175200577105344,-0.09442729024559508,0.2146316908249583,0.2819906780478299,0.37167216443671264,0.08162463008940075,-0.10779645156803636
50.0,0.11443494124017341,0.02452448444846027,-0.07352754831597673,0.07014375111773487,0.1880542945503886,0.1205166742661257,0.1673414724253607,0.020349807999860536,0.0016191911158854445,-0.16454450222207423,-0.13387520551212118,0.2823505347389731,5.399636036063269e-05,0.20916805936554275,0.2034201247814174,-0.09693052154375405,-0.1971545104906855,0.22660929393745718,0.4317383262486737,0.26910647323909925,-0.020986003836572623,0.05478861513889673
50.5,0.06616090109686769,-0.015020319314130413,-0.09645592734147239,-0.14931937673346984,0.21704421786814987,0.18597148898023946,0.056953019015149896,0.14875893321739633,-0.08715684522130442,-0.09267915887221773,-0.1666085044198816,0.22981595169798072,-0.11655063683250413,0.051100095653742454,0.17262282176936683,-0.0761156113850422,-0.0030326184432318977,0.23383491551757324,0.37374361691728286,0.32183565079137016,0.01648247911845478,-0.03693498442779559
51.0,-0.05613294637721281,0.03564824538356606,-0.0801601349931985,-0.004941760049216258,0.09664434256001334,0.267843378633589,-0.02456246039435293,0.002616129668240057,0.19066600237554587,-0.24218663507717858,0.043398620684441225,0.2787583521497881,-0.029491923700095526,0.1707615984595443,0.10697207949054807,-0.24513469193821147,-0.1578085529233298,0.07271728062345292,0.4108445418715183,0.5576015224279519,-0.004200649740679434,-0.10258004273839189
51.5,-0.06292097374681449,0.06774976537487018,-0.06690523481506905,-0.2601998243868757,0.26445943627815927,0.21014539904724416,-0.06792038893962483,0.21454384334498608,-0.025042089027282857,0.0140311861423854,0.03833281767104066,0.3746567543777389,-0.12151388502578561,0.09623498141962876,0.027200736584168748,-0.1600454367741091,-0.13819484956851846,0.07142350496980275,0.31895861197184866,0.3405961971758706,-0.07811986800180404,-0.07846501777203764
52.0,0.1965808914829041,0.022084613682283996,-0.1769988143553293,0.03250644113693198,0.20254451074731883,0.06885864277092468,0.18990573718716489,0.010692983217077148,-0.142233220014386,-0.3019217700913598,-0.053708554462822605,0.3426090785195165,-0.015970867677934153,0.06603957672657247,0.05348369847435774,-0.06608597997755893,-0.12804538634237997,0.2083235522745393,0.5018998904967575,0.5771045985070035,-0.0985539585742537,0.05042112943484648
52.5,0.05299862788843453,0.23877846057962435,-0.01708613374953163,-0.04649171801225169,0.12541636107563378,-0.0009981595966207935,-0.04673538289721554,0.3182249842400324,-0.029630531974872434,-0.10216202988846562,-0.14796938103772578,0.1365801709250344,-0.013292098705520151,-0.019305044299714358,0.12756973250629866,0.10473200230022114,-0.17979646037071098,0.38580310400698165,0.37509011345808724,0.27199166676950665,0.046275933110893085,0.07581999947981921
53.0,0.16982716320754002,0.1817834420050742,0.0616150249133604,-0.029446316697571334,0.40515247474123994,0.2745246337331813,-0.062848387325286,0.03981278192722445,-0.1639115160012054,-0.08348628867763158,0.03471215468521382,0.2327464297567341,0.005223922215844248,0.1805479614528114,0.14604927475427593,-0.38294013045476333,-0.14148054350763345,0.2607498283753307,0.3380434814399034,0.3396657871366876,0.001683477068071972,0.0103465387742173
53.5,-0.023836770507752496,0.14247216387386544,0.023707454693046043,-0.028259261761783405,0.16924066371552773,0.10946018333687708,-0.06891515276019446,-0.09938489040175622,0.09129481370854378,-0.19429855442051747,0.041659194983533605,0.12868364096875443,-0.03567139553319697,0.11291090408847364,0.1432825641510854,-0.16839969180478462,-0.23690378193333633,0.2265338988708385,0.422462824466173,0.5615465645047165,0.029999839454433335,-0.06240340055729704
54.0,0.19242042730180886,0.17432745345389594,-0.1931709764477476,-0.002641668568338725,0.26510454336033,0.07878956629434127,0.18821306857017148,0.1474035611106392,-0.29828251727997696,-0.3171313675165472,-0.19581291651711108,0.22609627009145336,-0.0820163022692776,0.0008798226968704899,-0.07187287191357969,-0.2943832970611877,0.030925329397099514,0.19378330604139143,0.4482408352159335,0.5034528012648268,-0.05877399088393988,-0.012055463970840228
54.5,0.2216284589440884,0.13549199326388722,-0.05348940791379435,-0.08298349767311795,0.3717183656810849,0.009980390481146191,0.0926709138473352,0.18726254461032277,0.07680006001651991,0.056361031556773716,-0.06477732851637398,0.31281056834351006,-0.021487440564531553,-0.036070576361309066,0.16117001313771398,-0.07281345041341739,-0.0180951334846134,0.3520662477459427,0.4495561312849293,0.493738558729497,0.041051642874223235,0.1592324097197838
55.0,0.045017684253220745,-0.02350538393740468,0.014612625008895416,0.15606689871009302,0.12848605230170818,-0.025211063743904763,0.08545806154237133,-0.07139587295297778,0.14691296616326763,-0.11776017975838687,0.09101300946722955,0.12646997693508194,0.044050814711206775,0.09801705764518161,0.09497178997001117,-0.4206620302253128,-0.0006537000846503348,0.38663250581289954,0.3453197619297673,0.31696887021869635,-0.023918409035520255,-0.06893689062034809
55.5,0.07515215443734485,0.305550044600646,0.015305828286282056,-0.20805839656727015,0.2750941985795383,0.20121368710075593,-0.028835377317410208,0.11030718846366644,-0.051966287153275385,-0.2780150914237717,-0.09622651007301758,0.16638276955450043,-0.14877685388762513,0.03933915736217259,0.06173836823199487,-0.03290475355611429,-0.243313157285947,0.2612290588303129,0.34430466200856874,0.38248025981927775,0.07193279405631076,0.10197566271732995
56.0,0.15984149819521443,-0.15644147273763534,0.06502648322344824,0.027633912496315187,0.24655188866117386,-0.002017997132010153,0.045847601729428374,-0.06256004957179447,0.11198630488519579,-0.061923932697287645,-0.09064993041562752,0.19476774249595602,-0.05259886810291942,0.11189932994184139,0.18264943221704802,-0.032585431936495796,-0.08667120963877654,0.2633473714683226,0.39015320100871276,0.29811517836057944,-0.015907328084315577,0.09495985102787559
56.5,-0.10046666833446936,0.18871261960953653,0.10453447072884935,-0.11629667737122251,0.14905520964974342,0.03997533626130663,0.10093521414315053,0.1696699436683937,0.10701232401289659,-0.12226784690663182,-0.20778104528222824,0.1248506062309508,-0.0014776908293479213,-0.018222259149454283,0.2099102842689435,-0.027165256530293665,-0.032227302228051403,0.4107443232310026,0.3251951229439962,0.06886087074885701,0.1589431562863586,-0.13467521530826276
57.0,-0.1021938704703508,0.03065101959299072,-0.04406189411073163,0.017546118602190457,0.1471697988703175,-0.011253212950223702,-0.01945726681554541,-0.0794998593959545,0.002957940528335638,0.011973970981643538,0.00018237603537088368,0.2272911284401292,-0.25064360173465056,0.07501818529584321,0.042399959969230024,-0.30859215199103196,-0.17654562678306782,0.27493348352404956,0.2705630823993777,0.3135583728699822,0.12909178843584462,0.004122152461773242
57.5,0.12243363154852104,0.1592846527528197,0.03320534038892827,-0.20846251628295082,0.28339078280872904,0.024724826054855376,0.07329090470614502,-0.12721477062632774,-0.07804101596309393,-0.14767045007019264,0.11646417627500202,0.06577316286734927,-0.05007694426381668,0.03978387752405411,-0.12937352206373712,-0.34536125343764057,-0.2835100779305349,0.3680806401942839,0.5204296447078034,0.36868757939773233,-0.028152778583693687,0.08803434810693106
58.0,0.06471529509715322,0.17387429249458902,-0.10130265929317601,-0.1287499743990417,0.3168496664384234,-0.011272889313417314,0.09039644933617924,-0.08276452770091443,0.1397021487523616,-0.2905583440481381,-0.09933805723872212,0.3409109337303057,-0.06832799411569036,0.1112767200975384,0.15063137585048866,-0.19646133590104894,-0.19931650773283968,0.24476221324314032,0.395552543481967,0.36841084629894766,0.03322636083262514,-0.03587120812859899
58.5,-0.04921539002258433,0.2625995503967259,0.20929887361985822,-0.1631284050877032,0.16528388501113603,0.10409160219574386,-0.09995971668736148,0.2614943702781962,0.049725742072646927,-0.1378315006450509,-0.08306661641460136,0.16951024786864505,-0.007389593590426117,0.12325943194189774,0.2159062426536052,-0.310695265557542,-0.1259515502068726,0.19094786324579632,0.37389923907289185,0.30691696455798745,0.05050469040221647,-0.01528381015473742
59.0,-0.003817826357053566,0.05800215442504319,0.2106274063492215,0.06925209557992067,0.14145856915239755,0.002332759076809552,0.12800856320028936,0.09148796827609763,0.04617906710733261,-0.0684646268632363,0.06772456696810797,0.273533772346532,-0.14574395020530662,0.11948846252626029,0.006925169481709512,-0.2341364597438029,-0.20529096600632799,0.23462021079165987,0.2946803971960604,0.31558363658712224,0.1042508842501249,-0.08837885947403631
59.5,0.21512739004493645,0.251947797532065,-0.08272501167524812,0.01880537319193473,0.2693656402904189,-0.012958338352789396,0.08015768287713151,0.16061496132358263,0.11992779017067909,0.04975841674989233,-0.08602274593483443,0.18998700406526145,0.08619747639810706,0.09404851828053547,-0.03866951346094679,-0.18196772611744486,0.01912370121962164,0.3408878014536145,0.35426720678138846,0.4648496645247454,0.17006565813251345,-0.10538069783319294
60.0,0.02337392163095725,0.20663383025957768,-0.029502022858477146,-0.10735189148979613,0.34229139819513005,0.14873014517335686,0.17074380788401142,0.1553854839187479,0.2052437522015803,-0.023888676274357215,-0.02784556032416496,0.3207738034114365,-0.05939754676610818,0.10712598608185052,0.17194889245237702,0.03565808654117857,0.15273814953528714,0.21699995032698904,0.32648466643105234,0.3506376162801638,0.22097588579169503,-0.06275125147433713
60.5,-0.053329776479795345,-0.04845594959988383,0.12876030812110367,-0.10418594347587426,0.13098242252048994,0.17775919347362884,0.03343047399024981,0.1770568009494355,-0.03918789428777132,-0.11919787776381925,0.008055672017540452,0.3954385075443631,-0.19281946788132992,0.0722015923978081,0.1978128158290823,-0.29547691158943695,-0.17541262017176595,0.23621533596669525,0.3721178639233462,0.264438062348805,-0.039444254405767515,6.190874258713985e-05
61.0,0.051555452514283014,-0.15287121781107882,-0.05233566878370211,0.07072276134680078,0.24759309720329276,-0.036257145187385674,0.16012407998111364,0.29050431687989486,0.11433081837718873,-0.04898395829200376,0.1287448240225079,0.2149905254999516,-0.1426395455958131,0.02491657677036826,0.0883945625396911,-0.0731587961435716,-0.0417110440702121,0.40358294600348055,0.45943399960770537,0.4015388598992764,0.008729729872155517,-0.05121522382328273
61.5,0.12236094438101629,0.07440055694387836,0.05128736471891694,-0.2772654291935918,0.10252068093326,0.19865918707471403,-0.0360512975792233,-0.05788661503190592,-0.06119467562448683,-0.12004318526474714,-0.19807581407425348,0.39966395226181595,-0.0012794523308281283,-0.08272560314829898,0.024779583145130322,-0.11915570434289485,-0.1146011076975022,0.23341080944860895,0.30286698695577213,0.568437023274186,-0.07116540589302474,-0.0003361062620080666
62.0,0.0809472862580655,0.03524808572289996,-0.020949575019717736,-0.07321399746271062,0.22078182004222058,0.14146340855366285,-0.13735288010541152,0.20552624536279882,0.09670126755969306,-0.09171768597068627,-0.06972625692410062,0.19820956193017342,-0.07795913017646866,0.08039731670037324,0.20675694330936437,-0.21519266797438108,-0.027523045005810435,0.20425489708659322,0.3454193316266112,0.17542935195291878,0.005917959745403498,-0.22270551105583203
62.5,0.15236331311748053,-0.007813607585493917,-0.08173879081603093,0.02761436716373106,0.2318356047311361,0.05447604466054876,0.10611077126683331,0.11871115249399139,0.013055752822057825,-0.07041108889177664,-0.17028747362792784,0.19907087267275445,-0.09909092044273986,-0.14454890700890097,0.08178676490342372,-0.27395348893268656,-0.06804947386944499,0.14024716359163358,0.41439638083009567,0.3520240570260436,-0.12399930296976636,-0.05310776923805193
63.0,0.003048676628538193,0.07979880604727327,-0.061754370274350136,-0.03558597180493642,0.40204583150780576,0.22140083360312107,-0.007639627600988893,-0.034901095000474114,-0.04559869876577061,-0.01992704676909561,-0.008119271924013828,0.17867509205930884,0.012464686420805306,0.12719768742580886,0.15809145637924107,-0.06457201310173148,-0.08772013185295911,0.2554818268813915,0.4651557157170429,0.27887954994508674,0.12285669367183034,-0.1632159549573526
63.5,0.14551266982086897,0.0014954364767408228,-0.04069917271137606,-0.1558597542401809,0.38654977698734855,0.08289288926639582,-0.06566790139207257,0.005903036815406016,-0.11812987430599663,-0.15565822810884894,0.06589033327384591,0.3719943574994514,0.008181542173166441,0.08060579897566113,0.084029463002448,-0.15817913623220708,-0.03513917945411358,0.1808235304938802,0.2796984843579739,0.2721208542261373,0.047672788984159296,-0.03662089980129698
64.0,0.22691370764864258,-0.004140124157124042,-0.053909705549445096,-0.21555360165459486,0.1840425899716964,0.10128372992405787,-0.04919963655866956,0.12575039032245416,-0.14203340778104673,-0.2967113153248894,-0.17809785201661252,0.3420755325158038,-0.05654921178260605,0.2562231188718326,0.08732275556193993,-0.43301312577265116,-0.1231437710057402,0.13275553147187757,0.40801642783689357,0.34393713764864986,-0.17904119280784214,-0.05833363886796987
64.5,0.10905893365129349,0.12883151835527143,-0.02950660400371212,-0.06484784229535712,0.22892273804159324,0.07895494530664308,-0.05418178204381001,-0.15259389583246918,-0.0639512011825218,-0.0773591204358634,-0.12634297440515255,0.19712251891672067,-0.10120119625970492,0.17394486215248053,0.2538853502577969,-0.14272111736945586,-0.07684108185298333,0.38123431606045954,0.37393784577083206,0.35427042704615486,-0.1588649626935431,-0.08004313010407733
65.0,0.0707590831487039,0.08934340433290425,-0.0062072547485002615,0.059206477386081174,0.0015119789544713316,0.07427369008940075,-0.012377601277230465,0.08307594307978113,0.13481454334173715,0.05132346274694456,0.11460207966516711,0.3056944073326578,-0.06581410999528135,-0.03956672428875646,0.08990937723898366,-0.026368371080454645,-0.041251260006966106,0.14476651077386213,0.2828354200957972,0.23908390767915647,0.05906896288582552,0.09118191627925751
65.5,-0.1653303740722713,0.19992014520366677,0.047582426235558584,0.049245506935570386,0.19777918168183944,0.12100164029824811,0.10337132491371127,0.19057331543452183,0.13918571923946899,-0.35958781788639593,-0.14008756548713416,0.1910943425616982,0.0011829117220543792,0.18292314235051865,-0.0009662800356479904,-0.14292700260923705,0.15709307782691792,0.254830061056724,0.31532835045089536,0.30601275389996824,-0.019244689439220634,0.010192984312929403
66.0,0.16952541467895607,-0.1287362419101222,-0.033358661364426875,-0.07134774543791111,0.2873386096112751,0.05363698168943718,0.20478369413535316,-0.04454389174379054,-0.07458785446895418,0.09014507679388202,-0.1048578438889167,0.34469864457614047,-0.06367420846103038,0.2207688387740657,-0.15362135632198157,-0.16749961527285517,-0.17690258011434054,0.19497118917535006,0.35988167340791805,0.6492937313914438,-0.08504254701345054,0.03501311221715089
66.5,0.05913798658528703,0.2839200280421305,0.12262603301001739,-0.018728813260819984,0.21670944150943994,0.1271129688263513,0.1655261771531506,0.30190144216140985,-0.21411321798042154,-0.16935792060713925,-0.04670262855735644,0.28700641596258525,-0.04869090255552966,0.07210900910560557,0.15211231856457402,-0.025974860782282904,0.04396376069754723,0.26414138046169117,0.30871033886739124,0.5365723391299868,-0.0009896625986856454,-0.030169150965742207
67.0,-0.02711189557329113,0.07939275530417048,-0.317441696349848,0.007448833588286297,0.19784160193980493,0.3371734382855917,0.010586773094043742,-0.004189346943163457,-0.03267331027572359,-0.04137651145447923,-0.012178380376587014,0.13154059749516958,-0.07050059071138086,-0.09697610447439559,0.10879307499330372,-0.06467947327398423,-0.07692062171706995,0.21677150489147085,0.6271805019035014,0.45826528886628454,0.08110953693819971,0.12590391980705548
67.5,0.049017729188195844,-0.13717323711123477,0.003437324628452463,0.028604493530070087,0.045636833145731415,0.11941522427362114,0.035238141974344904,0.08262730150813054,-0.07329174274536694,0.05068517512733446,-0.1277095683109659,0.2595235904222301,-0.05044556961833633,-0.05728027286756441,0.19503959446292837,-0.1910342305003979,-0.03229353740990927,0.18488605945289385,0.4898982973727157,0.41112170075587473,-0.006249915798884484,-0.10060992048915379
68.0,-0.050580998370891965,0.0760118678879017,-0.06742237194489706,-0.009948629201349472,0.2615192409995703,0.040537758801813845,-0.013585636615151195,0.06717470828364325,-0.13833281892728627,0.010655725584318881,-0.11526483256421563,0.3376407086811506,-0.06158678887352701,0.0642515856470509,0.11167311158621149,-0.22356575522067798,-0.20527709741186154,0.2331632450681385,0.35314780086286335,0.17186189298868848,0.08943010860264221,0.09230334036376552
68.5,-0.02685933562537393,0.06370513712055152,-0.07005120926770328,-0.027614411167026464,0.15652550959437275,-0.10043063605895833,0.12401024144548538,0.12431368245182159,0.16250801601405437,-0.20740984925340278,-0.23595193386749067,0.1445746796066292,-0.1936378873344651,0.25520534124686395,0.18329431831089912,-0.2579255598078839,0.0929361006345953,0.34138081096896883,0.3562022123909258,0.3545817662939317,-0.0962140323244636,0.01896971513453675
69.0,0.17692763571529918,0.049010104118189506,-0.14512300787346044,-0.012905118753279456,0.1716185600660085,0.12939196732495536,0.12815120941425598,0.03898084351363938,-0.18374805212480144,-0.1721723818826904,-0.037048616985666444,0.2744346019926033,-0.01780888429775506,0.14290031574928874,0.12263455595845987,0.02662628740895607,-0.1347276381466208,0.29393639254148923,0.44545753205261945,0.5922367530401633,-0.22240385764555384,-0.012991089476854295
69.5,0.1700990598300112,0.3064006280356948,-0.044822825587246984,0.07422395173726867,0.2156025274840926,0.2732662779036327,0.03948755689710308,0.1311741588895704,0.1331837430330989,0.08908386442334469,-0.14803583780634855,0.12967628836067807,-0.15741142939284924,0.18808046066064485,0.153988069072093,-0.16267617374050677,-0.18762714927558122,0.38156012230022335,0.36575266647412835,0.4399538688426574,0.08011808329403057,-0.01704141304388425
70.0,-0.05149274688766582,0.060457797962020526,-0.000896861584045759,0.1653053155955315,0.24002638831092432,0.09255071540975843,0.024113305681425598,0.12759871232386497,-0.04962511365540492,-0.03400806316889049,-0.06206494281960549,0.24092803154716746,-0.04731418024003775,0.12751468509199737,0.10284991238040175,-0.11062483054578212,-0.019344877087825802,0.23746129106958785,0.45127174901599193,0.43422058262832386,0.07406187248059765,-0.15048934173187728
