frequency_hz,FP1-F7,F7-T3,FP2-F8,F8-T4,FP1-F3,F3-C3,FP2-F4,F4-C4,T3-T5,T5-O1,T4-T6,T6-O2,A1-T3,T3-C3,C3-CZ,CZ-C4,C4-T4,T4-A2,C3-P3,P3-O1,C4-P4,P4-O2
0.0,1.4250523377108346,1.3859967589366744,1.7278759594743858,1.5231964381041432,1.1593972888248054,1.9332877868244895,1.5178481360040583,1.8124573001479587,1.3227758541430712,1.7361433085627813,2.149510762982491,1.4499658401183666,1.5283423720166567,1.933287786824489,0.39269908169872414,2.336056075746258,1.3227758541430712,1.933287786824489,0.966643893412244,1.4881228359109553,1.5305194979027203,1.288858524549659
0.42662116040955633,,,,,,-0.3108136597208412,,0.06538430948532842,0.08402294495540079,-0.5186954671949134,0.058977750538434195,-0.49206758879402923,0.7859997711695799,0.31535207160786255,-0.38339362450233433,-0.05152803274831678,0.4507619771593257,0.16265487569583686,0.218815147115752,-0.4609915740393495,-0.04647155288181166,-0.07610000535314897
0.4921259842519685,,,,,0.0736132983848587,,0.05199315714747111,,,,,,,,,,,,,,,
0.49800796812749004,-0.16548770925243472,-0.3483706256074953,0.05470425596005803,0.1849173713003834,,,,,,,,,,,,,,,,,,
0.8532423208191127,,,,,,0.11312318760796532,,-0.11004628068880473,0.37047445235239174,-0.37417219114916467,-0.43431193842621313,-0.29128306439173973,-0.39620026801469393,0.1592037529773222,-0.43453746974124063,-0.10825325930836026,0.33280059987859906,-0.1577924497873122,0.41178244052068835,-0.10611974640034608,-0.07745143942785944,0.18285693548617807
0.984251968503937,,,,,0.16829223194412943,,-0.00020321059906093492,,,,,,,,,,,,,,,
0.9960159362549801,0.030897960050143412,-0.22376077193550326,-0.11624264696500049,0.352036597108479,,,,,,,,,,,,,,,,,,
1.279863481228669,,,,,,0.18655502333182972,,-0.035558826639873455,0.4075449769199481,-0.12395244919149534,0.011328159914613894,0.04077768609914377,-0.2689661422626658,-0.01917992123737587,-0.4117180070056999,0.2765716210510727,0.16426473024374824,0.10587578117053408,0.10456296528569024,-0.01041621204253187,0.025551454338935964,-0.062430037593431874
1.4763779527559056,,,,,0.05319522416987873,,0.01848941194900939,,,,,,,,,,,,,,,
1.4940239043824701,0.4304115668465755,-0.07128974281079345,0.12125515729469985,-0.060377355145588285,,,,,,,,,,,,,,,,,,
1.7064846416382253,,,,,,0.3079145648977748,,-0.05571870421406817,-0.1714625514414579,0.07711971519638262,-0.18600488259559042,-0.15034890266951856,-0.03382294244733567,-0.425482468013238,-0.6596474749347012,0.4495204457013739,-0.2758322625868372,0.014335023071511502,0.18486022861536072,-0.49479521984771035,0.4491206015909175,-0.5527637443931611
1.968503937007874,,,,,-0.16507979182906946,,-0.31397734294738605,,,,,,,,,,,,,,,
1.9920318725099602,-0.21504344617685758,-0.2382868791843935,-0.2734667924464775,-0.014332282477237196,,,,,,,,,,,,,,,,,,
2.1331058020477816,,,,,,0.19274185416240242,,0.03956586441114955,0.08792692571667227,-0.05545678055583131,0.3236970584333796,0.33711113025266015,0.16400785289340378,0.034472502446736344,-0.5752018346053781,-0.2069249315565734,-0.15232768314851472,-0.040489765064669364,-0.07756414417234475,-0.22190144853958746,-0.09417461593996525,-0.19448112286921823
2.4606299212598426,,,,,0.0014085242823205885,,0.25951526935394886,,,,,,,,,,,,,,,
2.49003984063745,0.35641455837739644,0.29550814715154583,0.14019498198853833,0.013826645896000266,,,,,,,,,,,,,,,,,,
2.559726962457338,,,,,,-0.2307592566016303,,0.18913701397746419,-0.22691919565991103,0.790411662859704,-0.41457298054088665,-0.45278782927605876,0.02659510214601276,0.2420102840550268,0.5689189553280956,0.23891323568540762,0.8215724745615101,-0.6111143307004343,-0.27672766744617344,0.22712242246623396,-0.35528214436836664,-0.28562184161718357
2.952755905511811,,,,,0.2765723522436292,,0.022910269873755804,,,,,,,,,,,,,,,
2.9863481228668944,,,,,,0.13240411108243424,,0.07407845484902506,0.10403694642386185,-0.25696158131844143,-0.30982323054682864,0.1098077407427444,0.09794136138819778,-0.13680199834802662,-0.16014222868716113,-0.14245280630933557,0.6557227724794851,-0.35158096472543376,-0.3333273790694029,0.15446768750238354,0.1574994579117842,0.31299543835068544
2.9880478087649402,0.13820896013267614,-0.22622761354065787,0.19158252005395426,0.2209643199153632,,,,,,,,,,,,,,,,,,
3.4129692832764507,,,,,,0.3313643914613426,,-0.009640145413301628,-0.06264150915533728,-0.15580517381542097,0.267184155346144,-0.10429420764087362,0.12308585837867303,-0.5074332347146474,-0.10261541545079708,-0.059259217484386006,-0.004126238226559986,-0.021990502804659248,0.3173208682670888,-0.03139580118907586,-0.24630089880749276,-0.31091530676371026
3.4448818897637796,,,,,-0.14333231488209155,,0.0014932326748132556,,,,,,,,,,,,,,,
3.4860557768924303,-0.02850133324868475,-0.07699649868747502,0.09450322953652666,-0.22359403841449413,,,,,,,,,,,,,,,,,,
3.839590443686007,,,,,,0.11623802279499594,,0.09270242780611757,-0.22813891892581023,0.520345873927646,-0.17850935732088374,0.14243457855713093,0.23710481377891038,0.0794108809374604,-0.48977289812859653,-0.10996178148707525,0.04243333719457474,-0.12524696488015324,0.07684552723246223,-0.18322219310874246,-0.281451643238734,-0.06397068848799368
3.937007874015748,,,,,-0.29907868689026823,,0.102914971686505,,,,,,,,,,,,,,,
3.9840637450199203,-0.03840282968979589,-0.09753713822394942,0.04675957944349479,-0.1124186042007482,,,,,,,,,,,,,,,,,,
4.266211604095563,,,,,,-0.14093208642405253,,-0.19777400271177947,-0.25924007340436467,-0.2765907515749564,-0.6130489225481962,0.07302606559431774,0.11181821527303126,-0.42470374608876926,-0.32928588845109286,0.07230331077120664,0.1948786001925198,-0.02525288974285928,0.08544644510158414,-0.12070825534206982,-0.27250483302423434,0.1036220198923316
4.429133858267717,,,,,0.04318501919855172,,-0.05583747820721397,,,,,,,,,,,,,,,
4.482071713147411,-0.06805634689561263,-0.11730135242235956,-0.007821206150396878,-0.020359692702359655,,,,,,,,,,,,,,,,,,
4.69283276450512,,,,,,-0.13111145965346774,,0.391320543381658,-0.09029962649319083,0.3673056169670533,-0.6546833629759472,0.23952184694203787,-0.4000137750235061,-0.08545921556810586,-0.17147321351385497,0.13929080280588987,0.26175609423142315,-0.5922307809749053,-0.25115625424316373,-0.014044893881912178,-0.0029850156227891602,0.10296397568415558
4.921259842519685,,,,,-0.14218663064310813,,-0.10453552552314045,,,,,,,,,,,,,,,
4.9800796812749,0.12311216638692933,-0.03332793322912561,-0.15335996193679277,0.04497079349130666,,,,,,,,,,,,,,,,,,
5.119453924914676,,,,,,0.20603248781165,,0.28146773836533856,0.11766469101586172,-0.04779502354597508,0.2735553410592455,0.37962944177364205,-0.0657539132951221,0.13453392734201852,-0.2269213479114846,-0.06816217581420472,0.12526358169905383,-0.452112088833256,-0.09263986665879369,0.008934767273672314,0.8334093596478348,0.10856123209124584
5.413385826771654,,,,,0.07081043400602582,,-0.2042606833156109,,,,,,,,,,,,,,,
5.47808764940239,0.08684605883124319,-0.032006970834350175,0.08086234744563484,0.021031466597010134,,,,,,,,,,,,,,,,,,
5.546075085324232,,,,,,0.013740240523508713,,-0.46545671537500977,0.1413252301892199,0.054472768005345854,-0.3303219398568493,-0.2732770701779909,0.19313391113298914,-0.2625776719094225,0.29856413224234374,-0.4839697361569219,0.3484335751778861,-0.08438471202818476,0.10391855087524426,0.0694890127975995,0.1079890610240973,-0.28784202054412905
5.905511811023622,,,,,0.35253210178867456,,0.1932994016776687,,,,,,,,,,,,,,,
5.972696245733789,,,,,,0.4463577865103264,,0.2909634010852044,0.17424514332075478,-0.30332844960193306,0.08498609736791089,0.18424338156536949,-0.26025893513581727,0.1697575631211727,-0.16071250381199034,0.1189342890678838,0.09034762317715792,0.3656371502793049,0.4260340134377763,-0.18742237830005298,0.5942284560386454,0.061797027900235064
5.9760956175298805,0.22280427128602948,0.05374025524532229,0.2188627273156346,0.00879925266711801,,,,,,,,,,,,,,,,,,
6.397637795275591,,,,,0.13085286492766426,,0.25825239280039397,,,,,,,,,,,,,,,
6.399317406143345,,,,,,0.23088052432463493,,0.1502097155183285,0.38095130141537475,0.18617373211613053,0.1650346741373726,-0.15200216036773775,0.0716611043245166,0.07438478806626322,-0.35771616287564967,0.03803070644419912,0.33383943988032083,-0.2108936696734476,-0.0006540804679921264,0.214808540853083,0.3888420240610373,-0.47358926897083664
6.474103585657371,0.023443407840172552,0.11749249645564774,0.08884268466274073,-0.01167627249135387,,,,,,,,,,,,,,,,,,
6.825938566552901,,,,,,0.06490357975189943,,0.12634261976217134,0.1487743641207749,0.15638691588067188,0.13005411647574028,0.001947868991870656,0.32854125181964716,-0.29282501523653304,-0.21194776761697082,-0.5308596584579431,0.16270951942060585,-0.010248734727175876,0.08100360920935784,-0.10996721952769449,0.16715678059752034,-0.3491835099453854
6.889763779527559,,,,,0.008033782290784346,,-0.01809640810502774,,,,,,,,,,,,,,,
6.972111553784861,0.025927382249691256,0.052277888631355726,0.016901770369433005,0.3288850472013792,,,,,,,,,,,,,,,,,,
7.252559726962458,,,,,,-0.0005052166242131198,,0.0460517558565061,0.16580831460871295,-0.02747497452019288,-0.4287107767465307,-0.04356690496428681,0.22054792457645586,0.38917772165720677,0.08900535758931466,0.037011846209628496,-0.06590713619735951,-0.2245671094322641,-0.11670414552856041,-0.006834291555771199,0.3856797615275693,-0.35408129869605737
7.381889763779528,,,,,0.01493460941313039,,0.3057470651089988,,,,,,,,,,,,,,,
7.47011952191235,0.24063379136483057,-0.07586283328874267,0.19731309545799028,0.20796969913519397,,,,,,,,,,,,,,,,,,
7.679180887372014,,,,,,-0.08929822681299084,,0.20009547815962106,0.49050305417950557,-0.24765576012711307,-0.02240040929841839,-0.030896118361338012,0.12901494264587907,0.5071917870879281,-0.04699694824780527,0.05552272015195838,0.15833335394797643,-0.017517221339867124,-0.1509419765807586,-0.47012250281529616,-0.060531756147408564,-0.17868881995316302
7.874015748031496,,,,,-0.17673624692523124,,0.14549196200023298,,,,,,,,,,,,,,,
7.968127490039841,-0.08521799081883065,-0.01569035474875662,-0.11930528088180756,0.12832435783282792,,,,,,,,,,,,,,,,,,
8.10580204778157,,,,,,-0.0316017259125977,,0.2648946622809566,-0.16070601807714516,0.3456994512970327,-0.3649434775848542,0.5828421944765381,-0.09620492411678647,-0.3334296344376194,-0.368977186121494,0.48386629244075163,0.0712924636355066,-0.2866753750506985,0.1309900996331124,-0.0666212371934023,0.17847492594470124,-0.17299950983150067
8.366141732283465,,,,,0.042250506093486434,,-0.2741670268053372,,,,,,,,,,,,,,,
8.466135458167331,0.13281319703739142,-0.08138927692346298,-0.19917611852536574,0.3400784706477135,,,,,,,,,,,,,,,,,,
8.532423208191126,,,,,,0.1929296501752392,,0.33953179385745813,-0.34567342179889293,0.40848600646914884,-0.304995496428586,-0.5524840970471648,0.05620836281133585,-0.11440494319519644,0.40396793534364195,0.22510342672149283,0.22146590226018895,0.17572520964192398,0.4553194361086715,0.18945342193719827,-0.04904645271192105,0.08492597800868129
8.858267716535433,,,,,0.18934969786799355,,-0.08390038981819545,,,,,,,,,,,,,,,
8.959044368600683,,,,,,0.2798458491359108,,0.1888253171021231,0.3799298416189696,0.7602655482996814,0.1479674979844326,-0.24549112812512858,-0.13163041696558378,-0.12542076803478822,-0.2563947211212912,0.03649951096719036,0.05998464379565691,-0.15079529383255727,0.47716360514187317,0.12064448933221916,0.15955149551661293,-0.3731172674072593
8.964143426294822,-0.22138431567334826,-0.3856929344435944,0.10867089388171439,0.09052461417060402,,,,,,,,,,,,,,,,,,
9.350393700787402,,,,,0.3778485406071313,,0.28268193765104427,,,,,,,,,,,,,,,
9.38566552901024,,,,,,-0.4276050104163937,,0.33751786768391984,0.5202582368388359,-0.6230987578383915,-0.18110230475454203,-0.006207954532381967,0.17967390348254736,0.2829233256099493,-0.004345422002562627,0.20048562769013825,-0.15361272249436497,-0.29984224011060057,-0.19772097380309264,-0.11238304312138062,-0.021638581439336668,-0.36606634958488077
9.46215139442231,-0.05324503836279643,-0.3391382271985614,0.028139449376916065,-0.06594346249865007,,,,,,,,,,,,,,,,,,
9.812286689419796,,,,,,0.1543689299866233,,0.36342993314264677,-0.01494220255749487,0.28835018885870717,-0.14661574922094453,0.4222562402923627,-0.291556188411125,0.10163284016075765,-0.15915536034475142,0.12107970454688403,-0.11481094301883446,0.0914026796968631,0.1912757956845374,-0.29076075452874695,0.2894398001995624,-0.32528355013687454
9.84251968503937,,,,,-0.036238869799194585,,-0.06701621375214563,,,,,,,,,,,,,,,
9.9601593625498,0.11356693968968144,0.19614916094796686,-0.06880594037772857,0.2649218921837527,,,,,,,,,,,,,,,,,,
10.238907849829353,,,,,,0.15348689631847454,,0.21921916473674272,0.04034228317784948,-0.20174331325015582,0.06889330994811638,-0.04952031126067686,0.2936279650008159,0.5592800119093521,0.2762195680050591,0.1480468451664109,0.1956405005672141,-0.26402172453930955,-0.019508266516556752,0.025604815804291508,0.12677403575006255,-0.20474830294582375
10.334645669291339,,,,,0.25693519641915535,,0.37860485648335734,,,,,,,,,,,,,,,
10.458167330677291,0.04440380851299418,0.11126949438952383,0.01651125021228146,0.14310631312624253,,,,,,,,,,,,,,,,,,
10.665529010238908,,,,,,0.37133432515111964,,0.1754230466397647,0.41998409236014544,0.27247607761976306,-0.3712403794331359,-0.13238183240723678,0.002007178923430704,0.3888216011059446,-0.13146237780895514,0.11005356031188818,0.2416246530794573,-0.04389840410314655,0.3932877052517396,-0.07239100317689373,0.31978245243496506,-0.416625652719126
10.826771653543307,,,,,0.06161922439373124,,-0.014602942343738646,,,,,,,,,,,,,,,
10.95617529880478,0.045292617654827186,-0.26632045090263756,-0.10807484497669476,-0.24760538767083212,,,,,,,,,,,,,,,,,,
11.092150170648464,,,,,,-0.28329303970761,,0.24761632535934666,0.0386469664634317,-0.0880801516188033,0.09261350290181075,-0.10095410332329871,-0.013547129161679225,-0.0850392036532662,-0.0823438074306954,-0.03451460961864813,0.2159303062299,-0.13479613650837285,0.21105166675635217,-0.036115770128605555,0.5990075578107726,-0.5213383597479271
11.318897637795276,,,,,0.06710997484578833,,0.18170530099778875,,,,,,,,,,,,,,,
11.45418326693227,0.46427147901568677,-0.45780317501583345,0.0844993258632238,0.662898316527907,,,,,,,,,,,,,,,,,,
11.518771331058021,,,,,,0.05966948221889909,,0.12076535460557933,-0.29336528490523434,0.07579443640234222,-0.198604355222347,-0.23169516228907286,-0.09474068794861859,0.10920479630166828,-0.0780834723459426,-0.13531445257880764,0.4439487749056106,-0.19944627930834935,0.17416932413662967,-0.43095562712105556,0.27231759519630405,-0.19366451289034792
11.811023622047244,,,,,0.03162007432121086,,0.23648423395839357,,,,,,,,,,,,,,,
11.945392491467578,,,,,,0.03542711535759276,,0.16819432102789303,-0.2600188990666801,-0.1774627090114292,-0.517534056075252,-0.0795448874030383,0.04699225477775923,-0.09297210672706321,0.10214813677995208,-0.1262269431229222,-0.4018990785351601,-0.6538824608204351,-0.2502638023345409,0.046971364685474845,-0.33322191934524303,-0.2788796375468801
11.952191235059761,0.41323860066342155,0.2618976003693529,0.08990916227909444,0.05768823174930009,,,,,,,,,,,,,,,,,,
12.303149606299213,,,,,-0.17256246073176518,,0.34737090420752986,,,,,,,,,,,,,,,
12.372013651877134,,,,,,0.4178725491589669,,0.3674871832209971,-0.09548229433492424,-0.20044875162653666,0.3729013791466597,0.2031638810720923,0.2935110114929442,-0.2122403825926048,-0.04895631071551493,-0.29630318739995243,0.19724466047498582,-0.11824496610374442,-0.16100456233882562,0.03626700064907484,0.21823806007144506,-0.2918586216969916
12.450199203187251,-0.05781507852815231,0.11900736552585475,0.22835323544593103,0.02210330584342784,,,,,,,,,,,,,,,,,,
12.795275590551181,,,,,-0.013242466895837952,,-0.09075928340230878,,,,,,,,,,,,,,,
12.79863481228669,,,,,,-0.05159805026083922,,-0.0849464405452586,-0.12038997903117143,-0.2505732022334129,-0.5615399402668593,0.17314421719445183,0.09023239573357411,-0.11002164189932089,-0.2987736236848087,-0.03476590318005866,0.4828847149023346,-0.3609648264380462,0.1291502439405036,-0.13170855962197742,0.3439081710664,0.6163952225688859
12.948207171314742,0.044038471775029994,-0.1542813467312956,-0.22382451144420926,0.009993719208004915,,,,,,,,,,,,,,,,,,
13.225255972696246,,,,,,-0.07019899880308476,,-0.13981964097910937,0.22007372823226087,0.033774618563966546,0.08858189201899952,-0.018060395105531393,-0.27371861488237015,0.30441639654244645,0.10915186754949405,-0.35098800476774705,0.13173410814634184,-0.14006127030217774,0.33660800112565203,-0.1572069694877428,0.3230710659930373,-0.552103811670742
13.28740157480315,,,,,0.07991031087265492,,0.08142129869262878,,,,,,,,,,,,,,,
13.44621513944223,0.33192342306114425,-0.015432038917049865,0.1771550036453089,0.23066896155192845,,,,,,,,,,,,,,,,,,
13.651877133105803,,,,,,-0.3759576749429606,,-0.30184682883216585,0.1579876214229329,-0.24996940264667653,-0.5125525084944895,-0.1256330445902025,-0.044004744905318846,0.16927411533916875,0.44867995298898633,0.07648918115110401,0.2815714598670446,-0.5701521342919664,-0.13821799923636288,-0.13920669752985357,0.21434274412830454,-0.4695639977806088
13.779527559055119,,,,,0.11002983876947459,,-0.11861385137220956,,,,,,,,,,,,,,,
13.944223107569721,0.3652748941065751,-0.03278640736202448,0.13288892422488266,-0.0538790485707159,,,,,,,,,,,,,,,,,,
14.07849829351536,,,,,,-0.38908055383039886,,-0.156655261150639,0.13632058368333355,-0.5356634263361423,-0.2346523698142568,-0.1871415242472165,-0.011623403569252,0.19081718939842682,0.04609452574511368,0.095982531183516,-0.04774521825894287,-0.2625087492574971,-0.11487954000829508,-0.12739712323079702,0.2064983528420219,0.03551661085710464
14.271653543307087,,,,,0.08969892735814365,,0.06684811048456289,,,,,,,,,,,,,,,
14.442231075697212,0.2991858648498181,0.1722366480891074,-0.1587598181569429,0.39544038813729215,,,,,,,,,,,,,,,,,,
14.505119453924916,,,,,,-0.07409422211887019,,-0.3887761820192944,-0.5509212336337305,0.032650558350445044,0.10985893368807573,0.05007485740687131,0.07300747995261675,0.02808064795496061,-0.016861353749054387,-0.11984949373783468,0.40090256946899416,-0.3424679145292439,-0.03918223219494952,0.014155314625549028,0.24400252378848847,0.05905049790705192
14.763779527559056,,,,,-0.11902865093802181,,0.13566783903588434,,,,,,,,,,,,,,,
14.93174061433447,,,,,,-0.053644188846749936,,-0.09342655137221012,-0.4136779505323238,0.08380647564460027,-0.07057128509043235,0.1096086592483907,0.12017751875779031,-0.10972023208921342,-0.17630822795201945,-0.25815735269257095,-0.0828385628763334,-0.5239638695129762,0.10669972679508219,-0.22299171123063463,0.786701347542156,0.2114193140339924
14.9402390438247,0.16883574293232928,-0.09791926150345179,0.1467753553860135,-0.0628977943717722,,,,,,,,,,,,,,,,,,
15.255905511811024,,,,,0.5647013001568348,,-0.06771250902314621,,,,,,,,,,,,,,,
15.358361774744028,,,,,,-0.46100260369107393,,-0.3726122214961932,-0.2901130002030833,0.03302512087315365,-0.4497867569897793,-0.13772462730247853,-0.06017105253204508,0.6895073938278221,0.08703128557018011,-0.024516866868480428,-0.05606067262118,0.11045647983392279,-0.42194717471406606,-0.1886112243036461,-0.1430182244907557,-0.3234037155514458
15.43824701195219,0.2189009292802153,0.13249539928369447,0.11202733699443826,-0.23152044494125762,,,,,,,,,,,,,,,,,,
15.748031496062993,,,,,-0.20891837661069998,,-0.08162131176826969,,,,,,,,,,,,,,,
15.784982935153584,,,,,,-0.15098015593570857,,0.3950395510499807,0.23159826736859643,0.023481793171192863,-0.11411122894008852,0.8644750463503572,-0.2426849566918142,-0.00963129785652277,-0.0005062358759832352,-0.05386185140247683,-0.06736536799924168,-0.060853732028981006,0.3071409671365106,0.0004582956387575794,-0.186135998661453,0.04238665689339265
15.936254980079681,-0.16956309377011528,-0.3202975018526162,-0.29006110098224697,-0.04315757499586406,,,,,,,,,,,,,,,,,,
16.21160409556314,,,,,,-0.07589690904843414,,0.6537870202638333,0.44773234700233605,0.22432297048476255,0.06034838704462235,-0.10957335236386265,0.8257384993394973,0.7194848272757645,-0.27614550496331225,-0.15458425590042002,0.05742840155324525,-0.1864024541532257,-0.10042385294273523,-0.1801292293688562,0.06136076648747561,-0.3845853659796593
16.240157480314963,,,,,0.19185675502100022,,0.20990488560329484,,,,,,,,,,,,,,,
16.43426294820717,0.32581139554710215,0.07843707619537721,-0.06365462109266447,-0.09176767054705956,,,,,,,,,,,,,,,,,,
16.638225255972696,,,,,,-0.06992801377838802,,0.3700224648104275,-0.11281175180746048,0.13054884511227485,-0.3374447538794781,0.1493403574916862,0.10969010841093456,0.18954544839799686,-0.5322577370696054,0.7149176752296568,-0.10092753855951297,-0.24037269986079665,-0.3983269455603435,0.010650526298828024,0.014596469239239393,0.1767758602165275
16.73228346456693,,,,,-0.004995092119572921,,-0.14746193277513212,,,,,,,,,,,,,,,
16.932270916334662,-0.04832457320602793,0.012215664224200663,-0.116346777410528,0.06389785341438534,,,,,,,,,,,,,,,,,,
17.064846416382252,,,,,,-0.4882407371613132,,-0.29187099488293455,0.0691209410692795,0.4071892311167649,-0.1945179619130711,0.13430662285463715,-0.33026153149879944,0.13003235197168128,-0.10228962032005891,0.14321423259637361,-0.05999593220972146,-0.19054202473052187,0.09982483234908525,-0.11604047483348093,-0.13439462028219562,0.3563790571643533
17.224409448818896,,,,,0.005229705799684519,,-0.008199780346039576,,,,,,,,,,,,,,,
17.43027888446215,0.5008343510149325,-0.19027991437915595,-0.1180977397483052,0.2679865733635792,,,,,,,,,,,,,,,,,,
17.49146757679181,,,,,,-0.20266836090657978,,-0.0983802471745221,-0.10905319778252692,-0.09430512494063065,-0.15072309375269055,-0.28103214831850626,0.15065855665976785,0.11993498775937912,-0.305420467016843,-0.46377704871088216,-0.13746553852167892,-0.28833240118812953,0.09831224861021166,-0.3084490995865707,0.1746396994563223,-0.04225661083453779
17.716535433070867,,,,,-0.031783870172634274,,-0.12437998396860533,,,,,,,,,,,,,,,
17.918088737201366,,,,,,0.20538796314755486,,0.6561705781636383,0.034884656821280606,0.5120583307906738,-0.4444217203316303,0.00931246988174574,-0.3633444619167029,0.08681720393936249,0.2086790398200372,0.038554623404192814,0.02606938499402277,0.07257320819201249,0.393553044575462,0.18003079617571321,0.11266644668594335,-0.028190382340371706
17.928286852589643,-0.10501826838139358,-0.3403016435056181,-0.2730768665848442,-0.024529745260226315,,,,,,,,,,,,,,,,,,
18.208661417322837,,,,,0.3621861216216889,,0.10881938955075986,,,,,,,,,,,,,,,
18.344709897610922,,,,,,-0.07674883594157735,,-0.15761686906382197,-0.051284978811234755,-0.11437353811679887,-0.3042592733016692,-0.14688028246082224,-0.001193689491523785,0.09183041407231177,-0.19035225717916754,0.21765304730490706,-0.010041035480997487,-0.2264695340498993,-0.32225722187330097,0.2880502897663826,-0.5122246757639262,-0.3741927025078543
18.426294820717132,0.17871149356380706,0.29538548468788206,0.32390585207506434,-0.21362767574737485,,,,,,,,,,,,,,,,,,
18.700787401574804,,,,,-0.02047685134785831,,-0.07551319317950442,,,,,,,,,,,,,,,
18.77133105802048,,,,,,0.42963479955369316,,-0.07759282853354464,0.15278367795570505,0.4266247614695863,0.09409896259266207,0.02843180430061401,-0.04142069585149935,-0.011530281204497847,-0.14735242495194906,0.32451956316084374,0.2918059503222196,0.09562639779005146,-0.06909518702694693,-0.15885076680065022,0.455400891262495,-0.07432102093298856
18.92430278884462,-0.06075170780148496,-0.17112887065049712,-0.06219021531364191,-0.41508083837145426,,,,,,,,,,,,,,,,,,
19.19291338582677,,,,,0.2471483316603621,,-0.12451892117666187,,,,,,,,,,,,,,,
19.197952218430036,,,,,,0.04951496394778338,,0.28812277121628066,0.636618554976686,0.23790959622383379,-0.01935056017762499,0.17395057685408707,0.06777340203717619,-0.08222087648047263,0.2312281635477647,0.5285345744328578,0.2892554319726452,0.5814284917284566,0.3693912529963981,0.013493224715611306,0.504806634073394,-0.18543064980738658
19.422310756972113,-0.09845966180367902,-0.09688566658157259,-0.041633741735707906,-0.032843828442395154,,,,,,,,,,,,,,,,,,
19.624573378839592,,,,,,0.054821234389501365,,-0.2132175700510371,-0.2297358486285159,0.3511427851289413,0.05758101269988224,0.055892300922744255,0.10211029276102068,0.03213242054623233,0.11287665598730104,0.7745038617669652,0.4738914415462176,-0.24208300920466733,-0.04915732309762874,0.012661099130786876,0.23317366297912315,0.02574023857818048
19.68503937007874,,,,,0.09561629783863354,,-0.03367704465560608,,,,,,,,,,,,,,,
19.9203187250996,0.04768891500028114,0.01568462150994903,-0.021909532143000024,0.007182841039426891,,,,,,,,,,,,,,,,,,
20.05119453924915,,,,,,-0.07208915701958342,,-0.2864629830143102,-0.8667263720419097,0.2155886706661266,-0.16778442016344428,0.3218716098311871,0.11733380147437474,-0.21953123685003062,0.10483868476930644,-0.7355499978412282,-0.006359079085133557,-0.23435524253222675,0.13352477015653227,-0.2869828256250005,0.4512451772660408,0.07071264938274816
20.17716535433071,,,,,0.11058312024044509,,-0.1443189861617525,,,,,,,,,,,,,,,
20.41832669322709,0.2963496045197394,0.13272716984529112,-0.08415603454188586,0.26890364915950404,,,,,,,,,,,,,,,,,,
20.477815699658706,,,,,,-0.5185192909631774,,0.28692024942578026,0.18509966429063554,0.3322591557883032,-0.45192885461417415,0.27000603408966095,-0.37125138962184767,0.5292210410406549,-0.19886764362810821,0.38002164008503175,-0.07221251711562689,-0.5040585076204482,0.15114277780572796,-0.378039173567508,-0.5466545347696435,-0.09518026579602828
20.669291338582678,,,,,0.25539565001907233,,0.006899059911813938,,,,,,,,,,,,,,,
20.90443686006826,,,,,,-0.21644820937894327,,0.4927936421110504,-0.1876303286137897,0.18194310092823782,0.15137589978430874,-0.09134366072431285,0.09194169977945404,-0.4252786318283525,-0.26732787461241325,0.9198891069264103,-0.4788358230016503,0.2882977635544059,-0.1359912559959525,0.7401563448897837,-0.1873422413217068,0.10366076283048829
20.916334661354583,0.22091687930100343,-0.20691727271771188,0.00407689002801543,0.4237288343146666,,,,,,,,,,,,,,,,,,
21.161417322834644,,,,,0.0659319728219766,,-0.07890355652498927,,,,,,,,,,,,,,,
21.331058020477816,,,,,,-0.022000541465361116,,0.32526649882426817,0.20258328922464286,-0.0793020038531159,-0.39828179960607596,-0.15242769342608894,0.14216264726976605,0.25301835042598736,0.2653591964953552,0.04848947120580432,0.2955614452009505,-0.06202717497599426,0.368011589179599,-0.11862537679645761,-0.1890583999207028,-0.04769018224642292
21.41434262948207,0.15092263881282808,0.17924482895161017,0.01045845619227121,-0.3338045970578349,,,,,,,,,,,,,,,,,,
21.653543307086615,,,,,0.300708352605337,,-0.06985727994160329,,,,,,,,,,,,,,,
21.757679180887372,,,,,,0.010856012145316934,,0.2454454210770513,0.1714167334417198,0.3864230487744295,-0.13293403409935267,-0.01981000106914725,0.06527121415196262,0.08499343309814635,-0.08745204570086842,0.3112832383454923,-0.012196439026260752,-0.25610923923003925,0.029065091782699674,0.012081800448977864,-0.17502918113547777,-0.35655818907412706
21.91235059760956,0.2906872097145328,0.035129914779148015,0.25589104141580754,0.06878934238859835,,,,,,,,,,,,,,,,,,
22.145669291338585,,,,,0.27848936552060555,,-0.0995208526373593,,,,,,,,,,,,,,,
22.18430034129693,,,,,,-0.419620418480591,,-0.25103106109685835,-0.043566124536720506,0.0657799551721075,-0.3501328167725273,0.1677409342689326,0.11931448897386716,0.43253762909796406,0.004987340600035464,-0.1283732435026596,0.7021170259688955,-0.3163383545192455,-0.25856654875801655,-0.003508740575347058,0.33626532509337426,-0.3686724431988134
22.410358565737052,-0.10610876681519786,-0.2896685452359121,0.14437454946890246,0.10679422370282798,,,,,,,,,,,,,,,,,,
22.610921501706486,,,,,,0.6522682677992463,,-0.021449472241662975,0.3591907913489096,0.10966107893510335,-0.14127246148130065,0.4754417977886787,-0.5939864744810933,0.11903380435265233,-0.5404223117002759,-0.31169975812747225,0.37262853529331463,0.21315965217375152,0.19994480504155485,0.010396441759025,0.1704431209295434,-0.021638966222605832
22.637795275590552,,,,,0.14554926087809814,,0.06409309478090422,,,,,,,,,,,,,,,
22.90836653386454,0.033530396538814775,0.1686621056305379,0.22173329761363628,-0.052881711065538836,,,,,,,,,,,,,,,,,,
23.037542662116042,,,,,,0.6125637775518651,,0.43945893528143604,0.06364708034419964,-0.11388276618561327,0.22222227365889555,0.026137242112733598,-0.025972297117865462,-0.3737409059235887,0.2687480087252026,0.10853641772433284,-0.12312265356176684,-0.15646446316143583,0.3502543289882268,0.22757595111304185,0.6089514606040448,-0.393919654989193
23.12992125984252,,,,,0.31151647497992985,,0.18543393082007978,,,,,,,,,,,,,,,
23.406374501992033,0.08819164208484895,-0.08375387492904691,0.10880908023592217,-0.01049210642685051,,,,,,,,,,,,,,,,,,
23.4641638225256,,,,,,-0.2247423474290242,,-0.3582672447497209,0.2639697443490549,0.10432960245865364,0.09595366196459565,0.10202891858189904,-0.007023050684930063,0.34089564293043867,-0.030062846684112264,0.05315929700035017,-0.011636293076110723,0.004402233965902877,-0.20176837616692853,-0.1860545363572733,0.3318601184688503,-0.2513810173447313
23.62204724409449,,,,,0.04421937148639599,,-0.017979959024209215,,,,,,,,,,,,,,,
23.890784982935156,,,,,,-0.42730175059383774,,0.07706632494368534,-0.0847107937130686,-0.15641455962949805,-0.2732269811343964,-0.25978434252050375,-0.29164844453744365,-0.14035428519408916,-0.5881508831404005,0.5208972394914385,0.6819617936247727,-0.06672564252975334,0.10571922186664248,-0.5664849948683152,0.4578310596382488,-0.04645498009601157
23.904382470119522,0.02160788060580649,-0.004142100700228393,0.1472996322315538,0.1761151607657124,,,,,,,,,,,,,,,,,,
24.11417322834646,,,,,-0.014455944506730595,,-0.02083557190221039,,,,,,,,,,,,,,,
24.317406143344712,,,,,,0.074024596218249,,-0.55051683627104,0.11930661216209006,0.24620658252081248,-0.23964905761132427,0.32240823454543344,0.468031301052334,0.40468720906206684,-0.09953759837507622,-0.7568767005068503,0.36122485614340577,0.29616403133903446,0.05769405380207525,-0.14454012683708672,0.6970232528992499,-0.33431279653986423
24.40239043824701,0.15478673361387232,-0.030044223607221626,0.11418585977720061,-0.16910317376731873,,,,,,,,,,,,,,,,,,
24.606299212598426,,,,,0.19237178402816532,,0.09330817623818433,,,,,,,,,,,,,,,
24.74402730375427,,,,,,-0.2579579740059369,,-0.0686437526124384,0.03467587303664297,0.4068801295710546,0.1325485813856405,0.09499335828537611,0.056233287736656416,0.5279026598651602,0.09841874192118963,0.12865321932220428,0.03944006237129315,-0.7677713902035836,-0.15882971773356747,-0.46299396592263725,0.2555025928332927,-0.3176743023552206
24.900398406374503,0.4762400197464625,-0.17441002073448625,0.07382097279577343,0.00817101539691475,,,,,,,,,,,,,,,,,,
25.098425196850393,,,,,0.4831874159080676,,0.18686712653764806,,,,,,,,,,,,,,,
25.170648464163822,,,,,,-0.11509917676377629,,-0.019548443970300106,0.2487837150812144,0.2532157178448166,0.1515876224126512,0.1673936716607224,0.46543590833120374,0.02823528222063055,-0.446753205780252,0.28973928484970707,0.24783292885770422,0.06390499883070623,-0.278996477068761,-0.19126037737934168,0.414135890390517,0.2744765435363917
25.39840637450199,0.3090365535884207,-0.07761944040092962,-0.13174318219737072,-0.2781956293990266,,,,,,,,,,,,,,,,,,
25.590551181102363,,,,,0.054733315014935,,0.15679001454464686,,,,,,,,,,,,,,,
25.59726962457338,,,,,,0.10533799501516673,,0.3134951523378184,0.10107923179458553,-0.07244914336089742,0.23936926094086655,0.42117173388034973,-0.06635255868618761,-0.1910768807687508,-0.32136086497442007,0.12446684583076544,0.27192079764524074,0.21223814754197448,0.0519602282206524,-0.3982707179401103,0.1737023228091104,-0.29615549225917603
25.896414342629484,0.2434072613803453,-0.28962738595927817,-0.023846546966810753,0.25801409162845385,,,,,,,,,,,,,,,,,,
26.023890784982935,,,,,,0.26852237439730026,,0.37447202779632754,0.09355494054993727,-0.0343101353485594,0.3958222075738358,-0.1919180570787205,0.20173217809222813,0.15960477736038178,0.33427717762633025,0.07397039319863678,-0.5637570910471658,-0.24863542870027233,0.5088282314234656,0.05759492568689755,-0.024256143004796886,-0.1444329363423308
26.082677165354333,,,,,-0.022649915563198002,,0.15454076537268233,,,,,,,,,,,,,,,
26.394422310756973,-0.06642242831021034,-0.17361005254851983,-0.04089780437027532,0.5610181576371911,,,,,,,,,,,,,,,,,,
26.450511945392492,,,,,,0.23147692936834854,,0.3191589892433253,-0.07590296626624889,0.007486248880685147,-0.3216675208577212,-0.2622492758403249,-0.03651686350787962,0.358930973924635,0.12402307985405166,0.017375517907352613,0.1883451766661758,0.15687826170241806,0.10768248575813395,0.18844804159553008,0.07230083153737074,-0.16329055139923643
26.5748031496063,,,,,0.18368347652470224,,0.08227071824346559,,,,,,,,,,,,,,,
26.87713310580205,,,,,,0.2970030716239291,,0.20121025858318914,0.10976520151328845,-0.3054503583468177,-0.5003476498766833,0.09183033487020935,0.12140214721408041,-0.48138877784529865,-0.2622630564530293,-0.0828585486496387,0.16314524965636995,-0.41351106136375576,-0.17755716475721925,-0.37137097747772324,0.1537329995120662,-0.14219657515638295
26.89243027888446,0.32995045803335,0.004167267419079964,0.2328397815030937,-0.06255281302288407,,,,,,,,,,,,,,,,,,
27.066929133858267,,,,,0.020878971220569288,,0.1363472489543888,,,,,,,,,,,,,,,
27.303754266211605,,,,,,0.4596505693656615,,0.06022416908227236,0.23420912874419017,-0.17101563071255704,0.17950055361516087,0.1634240880383551,-0.05024010680455118,0.12498042911577859,-0.2115721044303724,-0.3292982047388561,0.06185133989412837,0.3806819482459767,-0.08391549866726433,-0.003152546266921589,0.3847699079453646,-0.030975048859250023
27.390438247011954,0.5192609043085337,0.07672895314929844,-0.24852942457468571,-0.07326682295818607,,,,,,,,,,,,,,,,,,
27.559055118110237,,,,,-0.2192076250389303,,-0.04349411419368832,,,,,,,,,,,,,,,
27.730375426621162,,,,,,0.39506542005008644,,0.022604968961436715,0.05991148033384384,0.2912382215205918,-0.6521007813339089,-0.2899139315738463,-0.21040407381932597,-0.01941799303229282,-0.2878967127304215,0.1713851386466438,0.038499473754500566,-0.1624981206490377,0.5353045220407873,-0.2644301805978225,0.494970280496548,-0.3575024477300503
27.888446215139442,-0.1747568572012786,-0.0953980566253907,-0.04401964312321373,0.06500237622994762,,,,,,,,,,,,,,,,,,
28.051181102362207,,,,,0.27457186421515545,,0.06583554832083796,,,,,,,,,,,,,,,
28.15699658703072,,,,,,0.17717551649839322,,-0.24191608266126535,0.6114717305358625,0.6685227638506422,0.2958449097252121,-0.04795412285577899,-0.496971424257419,0.12758454726869456,-0.43697677497462717,0.09452069067600628,0.154436794965786,-0.4084286441113809,0.07780473904780007,0.2153863929937289,-0.21970553421342645,-0.27554546375279426
28.38645418326693,0.2919478624346513,-0.16213681113154196,-0.2315047090741526,0.3929070740102482,,,,,,,,,,,,,,,,,,
28.543307086614174,,,,,0.13654909510452504,,-0.1628633250230566,,,,,,,,,,,,,,,
28.583617747440275,,,,,,0.21775184764875366,,0.14810920513643228,0.24883437373198158,-0.094647238490534,-0.4819896457579541,0.3367396774087788,-0.058705563654493725,0.5496833962897798,-0.14434550544119185,-0.029390970967849938,0.3253892728435893,-0.039323148452301414,-0.14674637032067483,-0.23057764170291356,0.16585770260444446,-0.15969892189820084
28.884462151394423,0.24777605864977262,-0.4339162233296428,-0.17133347115642164,-0.6725384325621032,,,,,,,,,,,,,,,,,,
29.010238907849832,,,,,,-0.11594120155937436,,0.3604078352893985,0.09067695481270195,0.5438802135617644,-0.2101640449216091,-0.24432345409567766,-0.284224953497506,-0.31855486342027434,0.45586840874140533,0.7166881746191273,0.03777437315347524,-0.29750364521412465,0.09637720680844868,0.22118089381800343,-0.49369569224688054,0.06259366624973409
29.03543307086614,,,,,-0.06704053083083979,,-0.35415147991202,,,,,,,,,,,,,,,
29.382470119521912,0.11642221644325043,-0.15438351412077048,-0.2491153985721666,0.10307585259236479,,,,,,,,,,,,,,,,,,
29.43686006825939,,,,,,-0.20446219342583996,,0.4069807788424168,-0.41200286511252376,0.11988994496745639,-0.05712135735583066,-0.10737705461409483,-0.14793500678485308,-0.6290362005852638,0.07052756353335954,-0.012014976220121404,0.3274577543698664,-0.07714525407584134,0.1662609108596565,0.41945463129639005,-0.1984112632083636,-0.05975470437992685
29.52755905511811,,,,,0.2623369165294402,,0.20329628817403242,,,,,,,,,,,,,,,
29.86348122866894,,,,,,0.32790744444518505,,0.5614837689874673,0.3294001154073901,-0.06398373490225791,0.5621820241605892,-0.08685875859099404,0.0699895122637721,0.34166088689545443,-0.3313666065020363,0.4896868935176393,-0.46850448460889144,-0.5855254711245351,0.3215517147414136,-0.16771373847416066,-0.02034458165489624,0.23233502487791058
29.8804780876494,0.026284754344964842,0.09155243716461274,0.15378621384570887,-0.04098339697921773,,,,,,,,,,,,,,,,,,
30.01968503937008,,,,,0.13773399049970633,,-0.10510210384082419,,,,,,,,,,,,,,,
30.2901023890785,,,,,,0.2683659150528997,,0.6156484932565717,-0.1792670133394986,0.24464125887588462,-0.16904313555228306,0.4026248760968751,-0.2483344077046552,0.324941545347892,0.44304212638825496,0.25491593550927183,0.009733241746554676,0.17991955524668907,-0.28100447444176524,-0.19326463254857346,-0.12158215610057542,-0.054272725413012674
30.378486055776893,-0.051411961959666984,0.14639787285479208,0.08100466207125491,-0.29054599855498103,,,,,,,,,,,,,,,,,,
30.511811023622048,,,,,-0.030068276327255446,,0.03530044113293991,,,,,,,,,,,,,,,
30.716723549488055,,,,,,0.06589923264513513,,0.4140135943550716,-0.12322339086777162,0.11442914034628973,0.04423382062018561,-0.08117791192043004,0.3115581896723592,-0.5595589748998641,-0.09456916889151937,0.1462179546545148,-0.09849990465138606,-0.3882070420579611,-0.21396833374499438,0.3147140151843349,-0.13632958396103745,-0.3658408832851733
30.87649402390438,-0.023416722893146717,0.015937799490920043,0.10677377429558323,0.10623929976016348,,,,,,,,,,,,,,,,,,
31.003937007874015,,,,,0.03167080616790147,,0.21456154633242155,,,,,,,,,,,,,,,
31.14334470989761,,,,,,-0.07229596190531246,,0.0779012546094217,-0.17246452062290515,0.3110949420521767,0.11602883573493827,-0.2801780953814218,-0.11116579285738122,-0.21099569164785142,-0.19307727244977807,0.1875014639972375,-0.008805890712488629,-0.2882171947313033,-0.1549086979818408,-0.41415458263810556,0.34277225298132163,0.022347510598963144
31.374501992031874,0.043502251495679656,0.2400793271439428,0.2056858319831968,0.10859693944925781,,,,,,,,,,,,,,,,,,
31.496062992125985,,,,,0.34866760874033964,,0.0024871357457245894,,,,,,,,,,,,,,,
31.56996587030717,,,,,,-0.25092222767215105,,0.06012400881164432,0.056056543907192266,0.6591204074533302,-0.14292011048796513,0.5559413538214332,0.029134591793607043,0.3993553299618991,-0.3997724325288047,0.37638150938270826,-0.007942029725925526,0.05485122435490835,0.1253677318383906,0.3316656759879691,0.38356484955070197,0.3176515616552619
31.872509960159363,0.27969114217031504,0.21716968565511732,-0.12358025064292556,-0.06232110553810076,,,,,,,,,,,,,,,,,,
31.988188976377955,,,,,-0.09360450465701997,,-0.12702328452347803,,,,,,,,,,,,,,,
31.996587030716725,,,,,,0.43992028845298986,,-0.13446217815038147,0.1776431975983551,0.25582210673182454,0.4916408164529463,-0.30472266443476914,0.29352758976205395,0.5697599527199652,0.14450176543083731,0.10214733479890127,-0.20490861870461274,0.13327086388120973,0.5213487198569303,-0.2898723779074813,-0.20001847187063995,-0.21519617596775525
32.37051792828685,-0.18077084416427994,-0.22002756454005265,0.1749576665323874,0.3615848931807843,,,,,,,,,,,,,,,,,,
32.42320819112628,,,,,,0.17714878062406297,,0.3858730122565423,0.17715269625627594,0.2236399139679887,0.13650355607604361,0.2165842078359794,-0.3558041609603805,-0.3702870383249997,-0.07453673360473936,0.0171764302658042,0.5272482456894486,-0.08730950809023169,0.22785690336013856,0.464502652339185,0.38804050845733473,0.26420736872234085
32.480314960629926,,,,,-0.27311785871836397,,0.07401169832210264,,,,,,,,,,,,,,,
32.84982935153584,,,,,,0.2564707456699292,,-0.04629777245814083,0.1657157094124529,0.6148048367375734,0.04141955173993793,0.18403332834416164,-0.3189392464532933,-0.23453696484119968,-0.3132941287117131,0.08651869048627174,-0.13088056038369233,0.23291260067765812,0.009323282897933044,-0.35419039758407594,-0.027364079471095648,0.3884904897309107
32.86852589641434,0.16265584455868404,-0.28641854159132735,0.09756309355911266,-0.13406230597147548,,,,,,,,,,,,,,,,,,
32.97244094488189,,,,,-0.25442046568219523,,0.14992447636018627,,,,,,,,,,,,,,,
33.27645051194539,,,,,,-0.3511120713695045,,0.2517386417786002,-0.21286348682069792,0.13502687186468426,-0.13687488200453088,0.16722425821148923,-0.4466458105967055,0.43898735141696693,-0.1264374913402346,-0.08895508488845809,0.05883499298951219,-0.8384175742326889,-0.30765594986996164,-0.10918367521015748,0.04878730938460556,-0.41762254044227004
33.366533864541836,0.008222098049976851,0.16597563601392767,-0.16761766959823912,-0.07127544152262019,,,,,,,,,,,,,,,,,,
33.46456692913386,,,,,0.3013545539021913,,0.2371600806858797,,,,,,,,,,,,,,,
33.70307167235495,,,,,,0.22396939519273637,,0.05414306918834232,0.24655886007916217,0.509484948262786,0.15994045811832544,0.766531076073978,-0.043959280729062813,0.48463578687783626,0.16646895796338534,0.3866803059706149,0.0420056036466524,-0.3463299739872661,-0.11972936765852579,-0.1398444440357961,0.2504787677893244,-0.4857854471201517
33.864541832669325,0.40961375737715855,-0.264948622284309,0.17158231156708242,-0.13120936936513125,,,,,,,,,,,,,,,,,,
33.95669291338583,,,,,0.0685484678949917,,0.22461401970701034,,,,,,,,,,,,,,,
34.129692832764505,,,,,,-0.20500286823844435,,-0.2268038838389666,-0.015396914539524546,0.4284143111292571,-0.03196920328251373,0.08885661411458536,-0.05523757350747622,-0.6503025955717705,-0.04853403335710081,0.11374486470816951,0.16027908072802652,-0.23184078739743874,-0.1692023061317646,-0.008373406138848946,0.03734406139749616,-0.023887373004795254
34.36254980079681,0.3108447071228829,0.17739894758397826,0.16574950722157442,0.3461388574963876,,,,,,,,,,,,,,,,,,
34.44881889763779,,,,,-0.18515414795672414,,-0.32244004559938216,,,,,,,,,,,,,,,
34.556313993174065,,,,,,0.021978190879598694,,0.455770853588492,-0.10667994749372159,-0.011066118610089245,0.2978006080353686,0.05832614804888111,0.3589717188988765,0.4237468494276174,-0.1509635415301847,0.11105969474622104,-0.13654147822930937,0.04137808925385452,-0.17583576624208638,0.0392575797741592,-0.37961695648688787,0.07658195069977565
34.8605577689243,-0.18550843642167505,-0.009777233790225803,-0.12066077904098932,-0.23290239116748424,,,,,,,,,,,,,,,,,,
34.94094488188976,,,,,0.33262706504626094,,-0.009067256638485476,,,,,,,,,,,,,,,
34.98293515358362,,,,,,0.39463118468536695,,0.07212838293414242,0.0388193920539069,-0.3343206705014959,0.13386156774441274,-0.6089993242568662,0.07041425270594091,-0.08224947273952374,0.09434493892190499,0.11359700575168019,-0.05858143371040685,-0.3331709472713734,-0.16706701257850545,-0.1809682974463395,0.13165055007649573,0.07450184317587742
35.35856573705179,0.03524325218057002,0.12843576682212784,0.10518741577586166,0.22106027709213913,,,,,,,,,,,,,,,,,,
35.40955631399318,,,,,,0.27466758664048807,,0.05033770100255189,0.11906624556279403,0.12854476300028667,-0.1844771369717126,0.12188030614304732,-0.051180389838817564,0.11292721498713335,-0.2336798211318411,0.2379982504673761,-0.08244142656838373,0.17986609037230047,0.6833712483729918,0.32585798440938035,-0.12825870415203858,-0.08687804636163111
35.43307086614173,,,,,0.1495316065567867,,0.42591336029344357,,,,,,,,,,,,,,,
35.83617747440273,,,,,,0.2642082239033056,,0.43180312572420765,-0.321577958222928,-0.20836684767118646,0.15826539372515527,-0.059763642563999325,-0.15015044719414025,-0.059822155411359684,-0.5263967790118409,0.13839570833976125,0.30442839045430925,-0.153570417748278,0.029565586131325254,0.011115875526775194,-0.048166605923002204,0.38341264104359957
35.85657370517929,0.27369554196079227,0.0803640739083452,0.11703791476140316,-0.05712441189935617,,,,,,,,,,,,,,,,,,
35.925196850393704,,,,,0.046560024790540444,,0.1326567465616999,,,,,,,,,,,,,,,
36.26279863481229,,,,,,0.4093447451456548,,0.024218108551014122,-0.5918453785447118,-0.12862355369894593,-0.30957177234643835,0.31492000448489893,-0.14325632783686995,0.0561729998055681,0.1840928682035386,0.16522515871985108,0.711325357744126,-0.15019784756492116,0.11606090370699547,0.025441497867547052,0.8828990619605619,-0.1967487287997409
36.354581673306775,0.18210086503321657,0.0025639259834073537,-0.11324997988028725,0.07028165283925336,,,,,,,,,,,,,,,,,,
36.417322834645674,,,,,0.35525152907514645,,0.10663797879901879,,,,,,,,,,,,,,,
36.689419795221845,,,,,,0.06064624800277924,,-0.491451994744147,0.006219311753949385,0.1774297684968522,-0.1924978383988356,-0.0627541136925042,-0.4784816460320673,-0.14320967935229506,0.2716463958007861,-0.4735863146352318,0.525505767223336,0.7475765723034049,0.47055088925165933,0.47106970071788096,0.11047591441680997,0.3764353807291949
36.852589641434264,0.007189821081843538,-0.06945891376579738,0.16006196658831906,0.3087596521838543,,,,,,,,,,,,,,,,,,
36.90944881889764,,,,,0.3577262331947524,,0.15050737203318515,,,,,,,,,,,,,,,
37.1160409556314,,,,,,-0.014640550960692304,,0.030258944529165797,0.48079387475860097,0.06426888315123418,-0.4491110597909593,0.0911879408037401,0.21963421308560618,0.427976268684266,-0.4605010926322405,-0.17838589722712284,-0.30082090831711994,-0.6414601084167041,0.33141010121862324,-0.3638584567058214,-0.2847109837151507,-0.23854840174091585
37.35059760956175,0.5191843742361167,0.04729574105268277,0.06773241118353157,-0.0715920372304106,,,,,,,,,,,,,,,,,,
37.40157480314961,,,,,0.16099772867116055,,0.15666183123410168,,,,,,,,,,,,,,,
37.54266211604096,,,,,,-0.12213914481820833,,0.11778545977081004,0.18962578913191688,0.2768606806397956,-0.21682839689400146,0.40935373467323144,-0.3383250443458201,0.026444354134549063,0.4642667254766934,-0.18062448512837875,0.3170609591303072,0.24601148748091317,0.31797634524037754,-0.09804614692471572,0.11706693822395099,0.02534937454377599
37.84860557768924,0.12372149879241776,0.02215459994725855,-0.01831493488272246,0.5047042671430861,,,,,,,,,,,,,,,,,,
37.89370078740158,,,,,0.2572222795067359,,0.059879822791937126,,,,,,,,,,,,,,,
37.96928327645051,,,,,,0.15168330967050914,,-0.1936164757309282,0.24955732609038891,-0.14274105529309272,-0.12126974784812636,0.044760793214787556,-0.46004675609659584,0.3051768473518647,-0.3930081828744382,0.276996777874929,-0.02535609120930231,-0.210414287605702,-0.03821172585919893,-0.12675339000234806,0.3739584107238159,0.15897018777037655
38.34661354581673,0.02302327818331219,0.09069672996528022,0.037074402952432674,-0.02234038595052835,,,,,,,,,,,,,,,,,,
38.38582677165354,,,,,0.1405735743697842,,-0.2873831140082732,,,,,,,,,,,,,,,
38.39590443686007,,,,,,-0.13288287465864485,,-0.4421875806509106,-0.4768495699629442,-0.12952030814721435,0.5258918037442062,-0.0660164027311832,0.25093948707171143,-0.20006361419846672,0.39278025265766625,-0.07688545339459246,0.06239226770454467,0.3081542834184435,0.19194887486803733,0.19278850838823444,0.33551585173795584,-0.271287998371062
38.822525597269625,,,,,,-0.14622678109978782,,-0.2763762188487629,0.11150209275975845,0.026797893942146517,-0.2826837663459145,-0.1301744498348422,-0.6532841197095667,0.08744462116806566,-0.2841099484972364,-0.191910535236131,0.15251955836935735,0.18728702441313158,0.34262454849785684,0.4304806041077138,0.6340562686322385,0.2504793861669431
38.844621513944226,0.12495357021472314,-0.04166024457272114,-0.18372019148499472,0.16409133602064985,,,,,,,,,,,,,,,,,,
38.87795275590551,,,,,0.0022928998867456415,,0.04790818967944076,,,,,,,,,,,,,,,
39.249146757679185,,,,,,0.405656822209161,,0.05701334059573673,0.2859007533439963,0.0244948659601667,-0.0432174421940281,-0.14871892701909897,0.349564604742718,-0.2619008326106606,-0.14276143329461222,0.0796674103233719,0.33716805932872446,0.056212235806440754,0.23091225211529492,0.037871258073359844,-0.3674364035950282,-0.3200109147200689
39.342629482071715,-0.0023699568913032507,-0.12534534342099887,-0.10410873488508622,-0.2786330778323715,,,,,,,,,,,,,,,,,,
39.37007874015748,,,,,0.166212415272668,,0.36259512941274713,,,,,,,,,,,,,,,
39.67576791808874,,,,,,0.15129894577189076,,0.2180263639114714,-0.16267035637582578,-0.20310109521474715,-0.4812728889678715,-0.3717523926093698,-0.08043778394772189,0.005730869893216282,-0.2711540072087032,-0.1051275678751303,0.07843079226981442,-0.347258785135643,0.31447970802745445,0.21924974501942168,0.015437033133345653,0.31501820413729675
39.8406374501992,0.06747566052864998,-0.2766040122550903,0.1297205009658051,0.29147812134647816,,,,,,,,,,,,,,,,,,
39.86220472440945,,,,,0.2546933119791593,,-0.11243574443834321,,,,,,,,,,,,,,,
40.1023890784983,,,,,,0.0034753335393908134,,0.20294025579625435,-0.5657505136591872,0.432293190759715,-0.27420009786406113,-0.3311258752732344,-0.27421838033067947,-0.16063940451781014,-0.12789108275912492,0.5194621142038431,0.34758974768745976,0.00894465367868969,-0.33033682224203104,0.05012865905069221,-0.09552262333919916,0.12924525057464822
40.33864541832669,0.16771314746107016,-0.07974157934850498,-0.1829459781993312,0.25794752110475383,,,,,,,,,,,,,,,,,,
40.35433070866142,,,,,-0.016960888692952564,,-0.19481753636697538,,,,,,,,,,,,,,,
40.52901023890785,,,,,,0.7101001373149075,,0.14598303218891479,0.37754159817040567,0.6829507930628673,-0.5330586597399157,0.4725058872016958,-0.7563977365567576,0.3644889249986565,0.26722287833461145,0.1544224514306039,0.12821284158982127,-0.24286146972391506,0.020854650223877877,0.15835053367859642,-0.1605442149183355,-0.11492052005087867
40.83665338645418,0.08256341852577162,0.063015367955348,0.04252195801948107,0.18550809157750323,,,,,,,,,,,,,,,,,,
40.846456692913385,,,,,-0.30005685317836306,,0.1791549749866044,,,,,,,,,,,,,,,
40.95563139931741,,,,,,-0.6245499330794086,,0.42657992621052226,-0.3178472880177132,0.21254189379771135,-0.043509873587492066,0.3142120606745961,-0.03271894302738525,-0.09991394608910638,-0.2616857137626979,0.07958752933436888,-0.2613601593463355,-0.043888412613078846,-0.10441819161305786,-0.07472581824833097,0.09522283183983939,0.12946741594216032
41.33466135458168,-0.11728065248508222,-0.07298085993333832,0.12712156645024758,-0.07815220908095936,,,,,,,,,,,,,,,,,,
41.338582677165356,,,,,-0.006066196281704218,,-0.1913922076356285,,,,,,,,,,,,,,,
41.382252559726965,,,,,,-0.004658092932745755,,0.0634548053336928,0.03933290287279929,-0.3066009004471198,-0.3372768165943385,0.2488254929884524,-0.11992132614222596,0.049884154991853474,0.0615772329125174,-0.027626845346727366,0.35733874736660615,-0.3266329912668268,-0.12212165506310924,-0.22012910966929808,0.7614886897614124,-0.08379095487375061
41.80887372013652,,,,,,0.13218605626235747,,-0.020388120809600743,0.11882343953392069,-0.09862042753195104,-0.1280093057962439,-0.08215850189694106,0.42278393064999686,0.19689081084774865,0.47603865492359043,-0.17109902832542506,0.23814463579196793,-0.4084406569491506,0.3800090993519686,-0.7130528247174672,0.032105233824783336,-0.09861097251134782
41.830708661417326,,,,,-0.05480648915072037,,-0.28643146219583243,,,,,,,,,,,,,,,
41.832669322709165,-0.12225680364078098,0.07302352327557327,0.20221274778836718,0.11362003942542814,,,,,,,,,,,,,,,,,,
42.23549488054608,,,,,,-0.07844363485768455,,0.3029598000877884,-0.1607142646195139,0.027926172233876338,-0.24721024397176397,0.24491934661919984,-0.13479909278870827,-0.055037759538314704,-0.33921804344803064,0.16140240590047653,0.12666519907063373,0.04018382226243663,-0.10091231741636342,-0.262411142574971,-0.3157560831993734,-0.23480910000802602
42.32283464566929,,,,,0.05198302104389126,,-0.06443275393383426,,,,,,,,,,,,,,,
42.330677290836654,0.13525518284285498,-0.21452174859809342,0.03923376698127101,0.1502026350058994,,,,,,,,,,,,,,,,,,
42.66211604095563,,,,,,0.2385202601725667,,0.1736255061912585,0.08069704130705885,-0.2744450524925514,-0.2735512158242276,-0.05290427805698247,-0.460044793615917,0.1671158942449871,-0.27036380882288175,0.20935021492029626,0.06295229469996919,0.31834652324655666,0.10206046605150869,-0.06884220363873955,-0.5912870816592908,-0.3402964103167628
42.81496062992126,,,,,-0.15953332481161936,,-0.3057488469485518,,,,,,,,,,,,,,,
42.82868525896414,0.03569207277999673,0.11789706083300207,-0.05957104367898596,0.11185743341555511,,,,,,,,,,,,,,,,,,
43.08873720136519,,,,,,0.2508112718800378,,0.13575544928190075,0.20534766404435373,0.5969633613876222,-0.018125224084466884,0.1062017945692102,-0.2993012277903325,-0.023260677260479107,-0.09507940126651379,0.09033544514764835,0.3109147920448557,-0.17770978113182842,-0.07091010940983057,-0.01280916640140578,0.3421834019204136,0.234359490858146
43.30708661417323,,,,,-0.08038113800491785,,-0.07993895745033959,,,,,,,,,,,,,,,
43.32669322709163,-0.13667206744394694,-0.10162619241695582,0.20342166580947185,-0.2561338493402772,,,,,,,,,,,,,,,,,,
43.515358361774744,,,,,,0.23634123988132952,,-0.07538041342936458,0.2838851740572677,0.28214765035482897,0.0818909662046035,0.22451905221506407,0.16207450103780702,-0.035672340314850844,-0.4594262671552555,0.36238644998470587,-0.016369852351569115,-0.3041095008025228,0.49692903630159835,-0.2572381115969158,0.41269303732144746,0.07345491674131381
43.7992125984252,,,,,0.1384851535326456,,-0.05610957311040681,,,,,,,,,,,,,,,
43.82470119521912,-0.21704712513781307,-0.46509424902504504,-0.30375865880305547,-0.005298680668750651,,,,,,,,,,,,,,,,,,
43.941979522184305,,,,,,-0.5166770191085885,,0.5550807643531116,0.18636772607121568,-0.48504324323057474,-0.115709565540721,-0.2768885144732039,0.05435694379042591,0.015983990827875105,0.11020109381559666,0.2968211826013191,-0.08348298334890032,-0.4470940053628121,-0.40274787035815074,-0.5134504132137183,-0.2422081449467408,-0.4074285174369241
44.29133858267717,,,,,0.013558658756336614,,0.002017958717636625,,,,,,,,,,,,,,,
44.322709163346616,0.15725908235514238,-0.15346928365934098,0.13812871214778824,0.23876826220146785,,,,,,,,,,,,,,,,,,
44.36860068259386,,,,,,0.06054152743240931,,0.027072603066665177,-0.07113001085656506,-0.013838275641349578,-0.05217273379394611,0.46453434817249634,0.7230543493535325,0.18447715439382412,0.18860980470398392,-0.36031991025594035,-0.16639996490969625,-0.7643143803639905,0.1383478603962404,-0.47938451171586943,0.06963256837998985,-0.20291515544515937
44.78346456692913,,,,,-0.017391647507460604,,-0.20819945164539916,,,,,,,,,,,,,,,
44.79522184300342,,,,,,0.12799838795973434,,0.040421851416660805,0.06675699398160129,-0.17110533943317802,-0.44204698598628056,0.23249130211386096,-0.4866708648992166,-0.33301546098054924,-0.20621684790187275,0.035435048516366745,0.4520134845818582,-0.23513296810425927,0.4759365165298506,-0.4215192796784427,0.2209789976483664,0.11220919084265685
44.820717131474105,-0.10731158300149174,-0.3062439066750619,-0.2242514249568179,-0.2082925211006396,,,,,,,,,,,,,,,,,,
45.22184300341297,,,,,,0.3283996925447376,,0.4638184042144117,-0.0898950591496268,-0.23966177486229862,-0.020257906820752816,0.38653088377209366,0.07622045405427674,-0.011449767910084162,-0.39346999151636813,0.2397393863855031,-0.40391997209095937,-0.05135641939616617,-0.4362944954584687,-0.6967009448926846,0.00544813473581713,-0.35193560453150563
45.275590551181104,,,,,0.15386174564788932,,0.1904203153828371,,,,,,,,,,,,,,,
45.31872509960159,-0.014366096668298974,-0.18642087996652124,-0.10234139737036423,0.07189156923929618,,,,,,,,,,,,,,,,,,
45.648464163822524,,,,,,0.3823351501446186,,0.12077057594421363,-0.20308567428868224,-0.1584669522949352,-0.1378878124964773,-0.19220062080889905,-0.6073451309970725,-0.08549104498091975,-0.273388752766536,-0.07887733354675991,0.5527523298533122,0.08637230829209977,-0.06669668637210667,0.19570973743513456,-0.048273953345093296,-0.0156669714259191
45.767716535433074,,,,,0.0019731785176286426,,0.021506543620818497,,,,,,,,,,,,,,,
45.81673306772908,0.2192323879194164,0.38942866871291265,-0.031559286025771974,0.21518588255711288,,,,,,,,,,,,,,,,,,
46.075085324232084,,,,,,0.38142403976149236,,0.4019968555683959,-0.04667562160073626,0.27380550058969444,0.07849397594150799,-0.7338450026082772,-0.06162724678357706,0.18419939569006294,-0.4669229390399211,0.17608415527575835,0.17730495181372358,-0.08940442116216685,0.2629854363653216,-0.10817852113253497,0.12940287424222682,0.4994490368821468
46.25984251968504,,,,,0.18585229080865084,,0.21681477671085442,,,,,,,,,,,,,,,
46.31474103585657,0.12890677030865763,0.2053602168592189,0.19764419017831017,0.5618996413528409,,,,,,,,,,,,,,,,,,
46.50170648464164,,,,,,0.17912833075534154,,0.4630661366681892,0.06339193232864852,0.13671837116765992,0.320508829212306,0.052423162833698064,-0.03580408225278146,-0.19195925501717545,0.004255168558920669,0.4052177227767582,-0.06324606177104804,0.20957215349123373,0.14771682129585306,0.15153654884264312,0.11972042482771518,-0.23251434803431792
46.75196850393701,,,,,0.4558775405599227,,0.11120004338389326,,,,,,,,,,,,,,,
46.81274900398407,0.030145155214966732,0.3740620105602105,0.07061267213059791,-0.25776922820567305,,,,,,,,,,,,,,,,,,
46.9283276450512,,,,,,0.026566537581390708,,-0.03579805384426538,0.6174805003977873,0.10077138259371157,0.11405594519232647,0.13163808131924784,-0.437015069572036,0.6890621452433603,0.35719206115804225,-0.19735881687124912,0.06597880363388858,0.266305561030077,-0.011660216694367046,-0.04743153090550353,-0.04893590205389076,-0.7143285928962524
47.24409448818898,,,,,-0.04737116260886098,,0.1633146222379305,,,,,,,,,,,,,,,
47.310756972111555,0.2870153932242785,-0.28095013371318134,-0.1291007620797653,-0.04433946313370245,,,,,,,,,,,,,,,,,,
47.35494880546075,,,,,,0.03561798532819141,,-0.23213595919809335,-0.3427490433343492,0.6162677586657727,-0.1671126865421824,0.2898898863946588,-0.44933401643633186,0.14096009380520846,-0.11723240227286573,-0.15960796119748435,0.5109050993211008,0.15693693445087742,-0.2722165734093873,0.4037455069540103,-0.012693591887206276,-0.1507834034621081
47.73622047244095,,,,,-0.0754289717479145,,0.12902174117364976,,,,,,,,,,,,,,,
47.78156996587031,,,,,,0.14991350956608482,,0.20332347742027942,0.12542094405463963,0.25987551668228204,-0.2827103115120709,0.364790143950622,-0.3177141628710826,0.6680519272156985,-0.43046434378087806,0.19565834870642268,-0.11862834375106539,0.2142852464008054,-0.12770951072862952,0.3442941501383539,0.4900397894089764,-0.15069248145296163
47.808764940239044,0.16553055604614328,-0.13487616399571328,0.21800951277112474,0.07120320800312091,,,,,,,,,,,,,,,,,,
48.208191126279864,,,,,,0.2864525300253061,,-0.06393121689477411,-0.19172876860124732,0.3983924479917016,0.011665161007921289,0.46780572450120245,-0.1848999731131486,0.04410274557760321,0.06123233061325051,-0.04538341781694291,-0.07624512851087646,0.5102538584939875,0.06598898797821258,0.3922850916192075,-0.15020634415260264,-0.07130512418637847
48.22834645669292,,,,,-0.11889232642890446,,0.10075903277235033,,,,,,,,,,,,,,,
48.30677290836653,0.32377821922023325,0.06344821242391661,0.0182733587013228,0.27957674703330915,,,,,,,,,,,,,,,,,,
48.634812286689424,,,,,,0.4107278216161309,,0.29814030696045035,0.27347914021097514,-0.003421951352636577,0.04733766599502208,0.39267626499151204,-0.48625544882600524,0.17460676906804837,-0.1744101466068655,-0.3083690167403289,-0.12007874171161645,-0.09585594822752193,0.3330253220795299,0.22292552182347714,0.08526426990010265,0.0014972640990836299
48.72047244094488,,,,,0.06640881250076675,,-0.2856951361426607,,,,,,,,,,,,,,,
48.80478087649402,0.21635106344651242,0.15342466109970754,0.03593025455964789,0.0386923985174507,,,,,,,,,,,,,,,,,,
49.06143344709898,,,,,,0.02142048837827082,,-0.12832314033969153,-0.3488897596927068,0.3134054869583102,0.08018071352474739,0.21102913695230832,0.3701761361095624,0.22974467496474743,0.03551479981447983,-0.6254249594183975,0.28773799980330095,0.42704351659942874,0.20673658602244563,0.05964748344784298,0.07346340498604548,0.3019210184107283
49.21259842519685,,,,,0.19216443963693916,,-0.026353995350405786,,,,,,,,,,,,,,,
49.30278884462152,0.14659413856780923,0.01860412200580293,0.01345826383479805,-0.11116958022843217,,,,,,,,,,,,,,,,,,
49.48805460750854,,,,,,0.25148562406435687,,-0.1247207745080645,-0.17970475880817352,1.0334031839583226,0.1625506453722012,0.005978052128868321,0.20416914802312353,0.041558566483866084,0.5177076396416955,0.3349193479661417,0.08489122887895165,-0.17062593018798308,-0.011835044805160955,-0.033341558903596524,-0.10030535886086396,-0.16058238046463363
49.70472440944882,,,,,0.09782465399074461,,-0.133881255458968,,,,,,,,,,,,,,,
49.800796812749006,-0.04977677977199464,0.5364303349644192,0.2169146185929359,0.08894597407852582,,,,,,,,,,,,,,,,,,
49.91467576791809,,,,,,0.07353211974277458,,0.1663795736483627,0.6820384759675836,0.14737207980540054,0.5522449037125273,0.1358978610026293,0.2575521126285652,0.43325308555642106,-0.4163974603651585,-0.21436900517425087,-0.5435868520769318,-0.15465460909298806,-0.3355257656140914,0.07517695801754375,-0.18579650513490867,-0.2979081770174303
50.196850393700785,,,,,0.3862159819391709,,0.1223927779063269,,,,,,,,,,,,,,,
50.298804780876495,0.258537339133653,-0.04999542159878555,0.17571014553671518,-0.25643436647543205,,,,,,,,,,,,,,,,,,
50.341296928327644,,,,,,-0.08632996558115656,,-0.05503586507781441,0.10280643396993477,0.33161769202181024,0.09504652591748157,0.2196651663364478,0.14543508909299124,0.06222251958369069,-0.6883161274874461,-0.05396373161009283,0.011867099023647909,-0.14210080148514972,-0.08852804761502606,-0.2512855759194541,0.4359071808705596,-0.28593601112143807
50.688976377952756,,,,,0.1566824741716532,,-0.03410191244433327,,,,,,,,,,,,,,,
50.767918088737204,,,,,,0.015139291680225235,,-0.2538746318187056,0.019524558804198875,0.12095144701807235,-0.2581026532341662,0.08829526546998716,-0.21001729353289922,0.12085626856285704,0.07402652977688742,-0.17228098381321605,0.22178913028470687,-0.3855649349693247,-0.10498119349102265,0.010468967945550245,0.05641720832090734,0.06875581356410346
50.79681274900398,0.3030922740764599,0.21148942567570783,0.35381637545906175,0.3834075066322547,,,,,,,,,,,,,,,,,,
51.181102362204726,,,,,0.2143193067126359,,0.08781468193561978,,,,,,,,,,,,,,,
51.19453924914676,,,,,,0.2993319165308084,,-0.24973914605807374,0.19420241191929236,-0.08728165622997022,-0.26047570671046655,-0.5445493874057366,0.1334552342671915,-0.05254459230450765,0.04191810134318422,0.13948543257798995,-0.006175986231333355,0.15099843789361708,0.0982200389887172,0.05676757329737832,0.06973648110568786,0.5103774847490171
51.29482071713147,0.2866266314296824,-0.1092473860482117,-0.24589698643618044,-0.07479497032836911,,,,,,,,,,,,,,,,,,
51.62116040955632,,,,,,0.16461057848597307,,0.2421649270410417,0.2894790197478371,0.34108440674831736,-0.004219011358249337,-0.0036607071924988598,-0.20825547013674245,0.5296889848620212,-0.010798066778975098,0.6367272545931063,0.11436785281589518,0.4509105923021532,-0.2843752961534636,0.22650774852661396,-0.46182832875148605,-0.35413305044104776
51.673228346456696,,,,,0.14150627922765247,,0.15632376725078456,,,,,,,,,,,,,,,
51.79282868525897,0.35427567481506966,-0.07866100558767998,-0.07666784771608193,0.12987010758035675,,,,,,,,,,,,,,,,,,
52.04778156996587,,,,,,-0.2912797311990555,,0.023031743164073026,0.2387120081384869,0.0623225213891325,0.08604244782885927,0.07367556343348608,-0.37229341584158715,0.7378765092778037,0.30304929977314987,0.1266657406517266,0.18242801174863665,0.17039590058633858,-0.0945623601007781,0.03326470246272197,0.537434313369637,-0.154677876883288
52.16535433070867,,,,,0.5420049326180753,,0.09772602552477276,,,,,,,,,,,,,,,
52.29083665338646,0.311296502491884,0.13286989299082347,0.0656564030649128,0.41992505239872346,,,,,,,,,,,,,,,,,,
52.47440273037543,,,,,,0.15145560789862658,,-0.14481630769497564,0.15176679790534564,-0.29267200965395107,0.08583005746931448,0.17944882238979937,0.15661197902321833,-0.27811323810341954,-0.006887969932729124,0.46899180029589094,0.2750833232552397,0.03554908986286195,0.14086006291622916,0.30390286112473747,0.08044482863920997,-0.1252681903246671
52.65748031496063,,,,,0.018177023440919444,,-0.29103159124892164,,,,,,,,,,,,,,,
52.788844621513945,0.14360731554418793,0.08443713863690817,-0.002168968342750106,-0.07056527577571921,,,,,,,,,,,,,,,,,,
52.901023890784984,,,,,,0.288082943139752,,0.3913326069607716,-0.47295657731816904,-0.040426790459441954,0.3096445513078616,0.5238164746272094,-0.28513723534678337,-0.4824172514577124,-0.03464261006595936,0.529145833513779,-0.415403862408061,0.1858685162765313,0.42407334391500623,0.16774893039340824,-0.08524988449161533,-0.01785566067163774
53.1496062992126,,,,,-0.332995443954244,,0.023258165839621474,,,,,,,,,,,,,,,
53.286852589641434,0.2810297579854854,-0.0777908040980898,0.042964659961440575,0.008149174923658065,,,,,,,,,,,,,,,,,,
53.327645051194544,,,,,,-0.06283726602820366,,-0.09782319488512717,0.006186437710718234,0.03617441638335524,0.6827087813884521,-0.03401507931146113,-0.5129882961175123,0.09436540910571971,0.1718588092900753,0.04738459220116061,-0.32884241623426413,0.04886236769139789,-0.060108970450884036,0.12078985936670708,0.16228315984234376,-0.1710438826149482
53.64173228346457,,,,,-0.17988197917734258,,0.19996519151683226,,,,,,,,,,,,,,,
53.7542662116041,,,,,,0.157610485752883,,-0.03159620464999474,0.09666596727533479,0.26346617023497493,0.008375259130928741,-0.15354208335897604,-0.19502569191408936,0.43865090611944596,0.26770238124409296,-0.11489194961848244,0.11841892083679918,-0.5704792085331737,-0.06714431011556583,0.24845229734725657,0.55427697563695,0.05453571630428167
53.78486055776892,-0.18545807455022265,0.1875600122532315,0.2790735189061823,-0.30060503972967434,,,,,,,,,,,,,,,,,,
54.13385826771653,,,,,0.3127478608809322,,0.030619034755772295,,,,,,,,,,,,,,,
54.18088737201366,,,,,,0.5295749565594968,,0.35100612407151155,0.36712962222377926,0.3172677141310751,-0.11443028762457245,0.008351200520946095,-0.9253690835706928,0.3755023159997191,0.36601309076326455,0.11530105905918434,0.10097654745333574,0.0645661573868617,-0.06739610721112473,0.10275276086677002,0.07509777356712173,-0.5100833085558776
54.28286852589641,-0.03711115403960797,-0.13126717462440585,0.09909737635544692,0.12427538273351889,,,,,,,,,,,,,,,,,,
54.60750853242321,,,,,,-0.06652261765001674,,-0.0046476525647738375,0.02860846741973062,-0.3205587270376059,0.12767266545848358,0.03990278191746237,-0.3063644036211263,0.46944898202445373,-0.11028944751622534,0.15412437239093407,-0.14329935831852525,0.07772542369109668,0.16688115775151352,-0.19523163872280644,-0.5002623663195338,-0.07702235473706719
54.625984251968504,,,,,0.090288040774853,,0.043845967698125224,,,,,,,,,,,,,,,
54.78087649402391,0.08203525853707315,-0.0342413707361081,0.19348095256387396,-0.25686692097176256,,,,,,,,,,,,,,,,,,
55.034129692832764,,,,,,-0.5409121921559891,,0.21552951369911988,-0.9466997260633828,0.7452323908650514,-0.2566605881988052,0.4874305327553871,0.3055749856840375,-0.6673178148720024,0.15339465751896672,0.20033234962900956,-0.25654493410419166,0.1381988548006843,0.2471371301729844,0.15558743585107981,-0.10227020448799361,0.30860268717047146
55.118110236220474,,,,,-0.009300828220385336,,-0.06476598447555854,,,,,,,,,,,,,,,
55.278884462151396,0.1689991698460913,-0.24134800975764814,-0.18125834800584265,0.04889166253170556,,,,,,,,,,,,,,,,,,
55.460750853242324,,,,,,0.1578142393514999,,-0.16252538056761937,0.46371110456841547,-0.11969038482385298,0.01895221945515186,-0.08514929925332619,0.5638853528861694,0.26219734866289246,0.2476402233629138,0.0032201152843906555,0.09437675620623266,-0.19048702556648797,0.305290290714798,0.34667274585421765,0.15374897996602913,-0.1364219119346283
55.610236220472444,,,,,0.08512663899068722,,-0.07906957830554509,,,,,,,,,,,,,,,
55.776892430278885,0.16560715662449477,0.16128274156954472,0.05956497384179527,0.02568721141869473,,,,,,,,,,,,,,,,,,
55.88737201365188,,,,,,-0.1318285166403268,,0.3671439772910618,0.01120885512041157,0.184229267671842,-0.4776020004748169,0.13859503935844975,-0.14394709937758926,0.7424008913710606,0.09516839314194339,0.25370886838154416,-0.09585588062837365,-0.08026674151332884,-0.05071584595531484,-0.5264609027729541,-0.49304933826853475,-0.11804136744025416
56.102362204724415,,,,,0.11282670676035378,,-0.27124426150512254,,,,,,,,,,,,,,,
56.27490039840637,0.00033561798686307,-0.3279142129740744,-0.08611751279810205,-0.2692025978895628,,,,,,,,,,,,,,,,,,
56.31399317406144,,,,,,-0.030935912173047492,,0.18620694545970712,0.44557170180030575,0.4357745157961551,-0.0847742754153449,-0.5054540193646546,-0.042768365091292754,0.24571774082370026,0.0006893440656899598,0.12135672508824068,0.13561212566303657,0.007182187087310725,-0.14180241125620563,0.1662776785683775,0.09312825240300072,-0.17923830451575895
56.59448818897638,,,,,-0.008267485695343692,,0.03727262351284264,,,,,,,,,,,,,,,
56.74061433447099,,,,,,0.838769828584318,,0.3802437156361788,0.6282619701678178,-0.09719907893941715,0.06644809609806446,0.2503767388070364,-0.05849393272718787,-0.30106322701621757,-0.19748187457922878,0.117139101363808,-0.2718154220966134,0.21860500968647587,0.39419553935948504,-0.14922281660497272,0.07852837897767104,-0.08170790495035603
56.77290836653386,0.10132544844536774,0.2647050215595833,-0.18350714772816074,0.0204928488728769,,,,,,,,,,,,,,,,,,
57.08661417322835,,,,,0.06573688581366176,,0.30748622724609037,,,,,,,,,,,,,,,
57.16723549488055,,,,,,-0.046548581985147205,,0.4387606921136898,-0.374918227959085,0.2630064284895028,0.0971255834763782,0.14521913104289577,-0.08316491028319353,0.28584998093324226,-0.2870241074648372,-0.08406961142770933,-0.03435205946456708,0.26345388544751985,-0.20751632148003643,0.03127902806473763,0.1819988759770925,-0.2069416998029166
57.27091633466136,0.4587530531358324,0.09792171534937688,0.00938418285273676,0.16947104563017576,,,,,,,,,,,,,,,,,,
57.57874015748032,,,,,0.09235104259503414,,-0.11281131705808393,,,,,,,,,,,,,,,
57.593856655290104,,,,,,0.01840342905420391,,-0.24396018934841754,0.6175861250308808,0.13103186926827606,0.04336435428102714,0.2935097723601365,-0.4302007277517609,0.22813497366977728,-0.326482340213306,0.017939095273393296,0.4736526414820805,-0.17832535792470966,0.04335967564026362,0.16002680128496488,0.25353578678342614,0.32101275162371823
57.76892430278885,0.04979797632452332,-0.19039328873585687,-0.19692204552386777,0.03045821722542139,,,,,,,,,,,,,,,,,,
58.020477815699664,,,,,,0.06239486054801465,,0.14465171768294297,-0.5333725882751257,-0.2738431182506787,0.15373694308624755,-0.013876326688566927,0.07470142854342786,0.07915017196417456,-0.6154214744388894,0.32948606403666236,-0.6456738357593678,0.5315825895815794,-0.37394076741263393,-0.9142118104235787,-0.16468584091218355,-0.42023916917134996
58.07086614173228,,,,,0.1740448263594734,,-0.2739891714138423,,,,,,,,,,,,,,,
58.266932270916335,-0.3186292636808109,0.42878449733437307,-0.044068109409481165,0.07880369906720416,,,,,,,,,,,,,,,,,,
58.44709897610922,,,,,,0.09719609125289133,,0.20605189555196118,0.4062460813130003,0.23488325692096965,0.20444346843394157,-0.08661000393329499,0.05460297525853617,0.004148160648086367,0.2955654216732855,0.8414365685963386,-0.1038733358849534,0.03013993282221586,0.05951940998154088,-0.0912310210153657,-0.35662935210082053,-0.41927823532164876
58.56299212598425,,,,,0.19844920179535047,,0.036944722009341,,,,,,,,,,,,,,,
58.764940239043824,0.4139839709897636,-0.045003714122144066,-0.09235475458262743,-0.2218482906127003,,,,,,,,,,,,,,,,,,
58.87372013651878,,,,,,0.5452372867778335,,-0.5144525962177012,0.3968532253690548,-0.06344706457863332,-0.015837154665730376,-0.0021362927366465057,0.3121153179280091,-0.20981507387085502,0.050049712682534886,-0.27763156758770907,0.3316714521616742,0.18208775381785552,0.9212410319383085,-0.42546856163092334,0.44339730891008333,-0.27729458677811925
59.05511811023622,,,,,-0.18654009802105553,,0.47497171866193244,,,,,,,,,,,,,,,
59.26294820717131,0.3544725082625489,0.19829704455631653,-0.05862785087142539,0.027192589920071553,,,,,,,,,,,,,,,,,,
59.30034129692833,,,,,,0.2510982575102857,,0.6985177460118217,-0.21486023876179478,0.4433744417716471,0.037640169023980645,0.091368905824611,0.14524518487630855,0.10476149241215861,-0.0517247242274292,-0.21546486380500646,0.20552263355646763,0.15497690138301046,-0.41709018326915587,0.2674122856898679,0.01537334945392906,-0.022297507867636214
59.54724409448819,,,,,-0.06566398726922155,,0.33283353664359666,,,,,,,,,,,,,,,
59.72696245733788,,,,,,-0.22540111141888264,,0.4280892892188214,0.015880844385677963,-0.27497882073863683,-0.09077127121487574,0.37320108587356077,-0.2682571675206845,0.11288142571889183,-0.227249199096783,0.17036359647389235,-0.060985963764132956,0.12261573050854978,-0.016416668728596633,-0.2610565660332788,-0.09145788017561621,-0.2942402098218134
59.7609561752988,0.1542931139657334,-0.32478810434720556,0.01211727702725732,-0.03282446537787094,,,,,,,,,,,,,,,,,,
60.03937007874016,,,,,0.16085019125040323,,0.08622036275076192,,,,,,,,,,,,,,,
60.153583617747444,,,,,,-0.16686347342087104,,-0.2093755669266575,0.26545397666968185,-0.1757505564095921,-0.3409370270086469,-0.17084063856841455,-0.08957962317619031,0.25111027057063967,-0.020763827314210337,-0.1709185314453228,0.2753620790042225,-0.054717393535507294,0.13210996582340256,0.020882163675508318,0.3645777854009826,0.34500929835075395
60.2589641434263,-0.006888476230881356,0.2352669111033526,0.24188100358119283,0.010873055909803473,,,,,,,,,,,,,,,,,,
60.531496062992126,,,,,-0.04203542863151673,,0.13743026076548528,,,,,,,,,,,,,,,
60.580204778157,,,,,,0.18970985326685358,,0.6169278391978522,0.2364900668663185,-0.1327118298252617,0.48162200794488336,0.19293554401426452,0.06454178497614049,0.08940189063303856,-0.11155248463022742,0.6219771062745231,-0.20644657770863453,-0.22316130978702256,0.12393662233119439,-0.14599757296816562,0.3704423299023711,0.19935583055289655
60.756972111553786,0.18672645899878912,0.4987763676554198,0.26045075003469903,0.11144827152155269,,,,,,,,,,,,,,,,,,
61.00682593856656,,,,,,0.17780568175103081,,0.06546572753751174,-0.1594126033188544,0.1821753489038577,0.2866233418088886,0.20056182697216424,0.33530849684043323,-0.2702772063970848,-0.026307666995488803,0.13090844574414523,-0.6652935605907297,-0.41952883631849713,0.2746808377555124,0.05605996461694174,-0.3422587172237991,-0.33914613309599373
61.023622047244096,,,,,-0.09795243772725314,,0.22569652076383195,,,,,,,,,,,,,,,
61.254980079681275,0.04752374712974269,0.6706802302641921,0.09850334268179131,0.16358999094524732,,,,,,,,,,,,,,,,,,
61.43344709897611,,,,,,0.18284818384886437,,0.12359069146881313,0.44170782464061686,-0.11363808138539068,-0.6624603788878328,-0.11337096293070803,-0.09949112694845601,-0.22242341368486485,-0.02028914033440298,-0.29072161839102817,0.3256714002526169,-0.05275546219377398,0.0983815453990876,-0.23752620311661102,0.15477562462398886,-0.5241222316040943
61.51574803149607,,,,,-0.04528161407389671,,-0.26767241109670076,,,,,,,,,,,,,,,
61.75298804780876,0.3344731902066035,0.0023934121306692564,0.10113690137697869,0.4497489093546863,,,,,,,,,,,,,,,,,,
61.86006825938567,,,,,,0.41960823747629167,,0.25950120686281714,0.5730780617623538,-0.17921153056930647,-0.2247328777965242,0.191842715079773,-0.9596400823194016,-0.1539152040995544,0.16737194324289484,-0.08819943572961085,0.42161445665147457,-0.4275433248241532,0.13461093881392344,0.17871020432135912,0.007303715384124367,0.009399928216313467
62.00787401574803,,,,,-0.00583973761135728,,0.2534961631362952,,,,,,,,,,,,,,,
62.25099601593625,0.06920799852049436,0.26308205805303686,0.06077361664355498,-0.41352948081912994,,,,,,,,,,,,,,,,,,
62.28668941979522,,,,,,0.36782523316867716,,0.23552567346874725,0.008089410486980133,-0.005858312652465614,-0.16069539985840084,0.6100099939032093,-0.3607605826747401,-0.13886815494550594,0.4090087716026233,-0.22807482898668177,-0.17685431492668,-0.11462822188838047,0.3731566476068847,-0.022951298038123243,0.08143723927636837,-0.13480878991763365
62.5,,,,,0.3497932350736646,,0.2098032514722632,,,,,,,,,,,,,,,
62.713310580204784,,,,,,0.0882451105149511,,0.006681073235680546,0.6590025794532797,0.1887158198309726,-0.22719290421193825,-0.00399545672824752,-0.501782037894321,0.46593599605890207,-0.38608311912342386,-0.08596653487407176,0.2992143949075698,-0.24289930645066016,-0.2932527471269496,0.07937243678058752,0.4259804120515898,-0.6122057128326812
62.74900398406375,0.042557758530093005,-0.13246150212380015,-0.1480904461328223,0.4766856087217862,,,,,,,,,,,,,,,,,,
62.99212598425197,,,,,-0.03328836984204393,,0.11309016126193495,,,,,,,,,,,,,,,
63.13993174061434,,,,,,-0.06375886207805873,,-0.23737226929118999,0.07072401206492235,0.07429092581715689,-0.14699256481749304,0.12708157542222204,-0.12192083911649611,-0.08259734692437962,-0.33736534115979133,0.5237067372509746,-0.03811035546145654,-0.09268700029641119,-0.07219568658436941,-0.28806998458336464,0.022572403054816642,-0.1749210592863251
63.24701195219124,0.1411575499624178,-0.14973373999224612,-0.10094588541608485,-0.17484837066618084,,,,,,,,,,,,,,,,,,
63.48425196850394,,,,,0.15058666442180105,,-0.06140206680455859,,,,,,,,,,,,,,,
63.5665529010239,,,,,,-0.04608462791010283,,0.30783004443805456,-0.40343540463930005,-0.2850228786570838,0.23612995191625846,0.31069272592959307,0.3520773308552353,-0.48573975036999545,0.2568127617299927,0.0687957250893735,0.04319441226459776,-0.2341048710678791,0.017248680373565077,-0.0735530071334589,0.7364069628635957,-0.07844459904161886
63.745019920318725,0.14634245106234864,-0.27453437593147545,-0.20501617614292436,0.21319140157739175,,,,,,,,,,,,,,,,,,
63.97637795275591,,,,,-0.3346555800423145,,-0.25356965598074527,,,,,,,,,,,,,,,
63.99317406143345,,,,,,0.2805315857221032,,-0.12125388428065167,-0.06125327392451361,0.11456145662693369,0.14167395274812147,-0.0687960249328793,-0.024135949767277173,-0.16633860525939825,-0.06362255743611403,-0.03580600561392648,-0.17741946340019385,-0.3857550210779955,-0.293489961899778,-0.6122116573275017,-0.13298044009234702,-0.06421920069102492
64.24302788844622,0.5809575329084464,-0.08022961459818578,0.27103593398900466,0.08140673021896383,,,,,,,,,,,,,,,,,,
64.419795221843,,,,,,-0.04120525482719243,,0.029745640246076115,0.11467021738429589,0.06820851650045087,-0.24460829775679122,-0.06311666421835427,-0.22465160648244764,0.1460851502946029,0.054775012096619835,-0.2213640839887705,-0.668321403458813,-0.2936958176409763,0.5220819202989663,-0.08595676054068847,0.3473819407860309,-0.07872419985316731
64.46850393700788,,,,,0.21525507681139797,,0.07817423808020633,,,,,,,,,,,,,,,
64.7410358565737,-0.15921623885660233,0.17364335795874158,-0.19839251010264355,0.1483647119946686,,,,,,,,,,,,,,,,,,
64.84641638225256,,,,,,0.43422070680335423,,0.2544360177290281,0.12768230817098294,0.17384503862971307,-0.40746592655055264,-0.11240129582768496,-0.2158495880478501,0.1415914900901086,0.4040574663522848,0.3177594503619224,0.49689298019631434,-0.3789841474149854,0.5559070277963369,0.22111966388852247,0.3340965263737366,-0.026452387329501174
64.96062992125985,,,,,0.12538249103482038,,0.03465260686563879,,,,,,,,,,,,,,,
65.2390438247012,0.0866594022628895,-0.03789794606005287,0.1009709439723912,0.03270396588711919,,,,,,,,,,,,,,,,,,
65.27303754266212,,,,,,-0.2391229537681627,,0.4627520837582987,0.4331186817256994,-0.2348038394531079,-0.032050245019909024,-0.08188764943257244,-0.6961520649147886,-0.6970084657119815,-0.27704875297073356,0.4447166458675123,0.13705797816163692,0.1307873901909952,0.292553333003518,-0.10935280243888111,-0.17800719076680624,0.0702100662360343
65.45275590551181,,,,,0.16643010506897082,,0.2874528445263525,,,,,,,,,,,,,,,
65.69965870307168,,,,,,0.2994791804246431,,-0.05049412501041471,0.21704284104828284,0.14081712211927633,0.02139003014009384,0.06315951653341823,-0.18597718512721312,0.10009918184405249,-0.041558441625903636,0.03418326051247678,0.20582396244478382,-0.13190856302680182,-0.25704704327448513,-0.14310552297271542,0.016872537388390122,-0.03166735808328008
65.73705179282868,0.2050219986251494,-0.03726246939351013,-0.12037969284036346,-0.27421570973698883,,,,,,,,,,,,,,,,,,
65.94488188976378,,,,,0.06005097614511686,,-0.3792509543566292,,,,,,,,,,,,,,,
66.12627986348123,,,,,,0.3964657921514116,,-0.07712790866337547,-0.196485925929118,0.42979136157426095,0.3431401880815799,0.1146440374227953,-0.06881383785393143,0.509203335100611,0.01349028667674726,-0.08213600452159499,-0.10268612929243409,-0.2456155986099855,0.20772526014155673,-0.13513892490385798,0.24253591280356282,0.3143330472591714
66.23505976095618,0.17516381794581573,-0.3550342560344251,0.37957074689067594,0.1078348048689539,,,,,,,,,,,,,,,,,,
66.43700787401575,,,,,-0.10982511862244117,,0.11720366966708057,,,,,,,,,,,,,,,
66.55290102389078,,,,,,-0.02789841539859159,,-0.29434238178279964,-0.05544275249593424,0.43022216616315256,0.17680051762996943,-0.03194634810290589,0.1621086631208303,0.29539355209233786,-0.08229496144006501,0.14218049851106274,0.19630051970348245,-0.36313527736917506,-0.002657838878561403,0.41158423473080297,0.5283259358259897,-0.1470109865490407
66.73306772908367,-0.010700822826028793,0.04155139197293408,0.03635906401578057,-0.039849998681343424,,,,,,,,,,,,,,,,,,
66.92913385826772,,,,,-0.032061666786490854,,0.1428956524909886,,,,,,,,,,,,,,,
66.97952218430035,,,,,,-0.04098202875112838,,0.19803527308564592,0.023182006193587984,-0.09979651834735569,0.20754009732521705,0.3030756596287914,-0.08390472442785941,-0.027727516098572654,-0.5312887008789693,-0.10704831630678008,0.25741744879591816,0.17096947522919226,-0.09900772082742768,-0.1796222177706918,-0.1878054437883226,-0.48844431902011154
67.23107569721115,-0.017255002045626567,0.051350223510637935,0.0955554555480278,0.2053134610110951,,,,,,,,,,,,,,,,,,
67.4061433447099,,,,,,0.03127883394236798,,-0.35056853540457744,0.027891117664807008,-0.44235204388718424,-0.0927264270912946,0.4770340230982749,-0.18119455807994536,-0.5920094142243738,-0.35504382782821176,-0.25770194779456745,-0.3042160966640976,-0.09869906071890933,0.43976874536380534,0.06896054751349286,-0.28685015397326835,0.23955751864589767
67.42125984251969,,,,,-0.15368081693474897,,0.027179755138012383,,,,,,,,,,,,,,,
67.72908366533865,0.09923956987599739,0.04265910072460919,0.4261306674924877,-0.04565510925219443,,,,,,,,,,,,,,,,,,
67.83276450511946,,,,,,0.4662799541729706,,-0.2011129074076665,-0.2191200265869073,0.13808040018458703,-0.1264868033562903,-0.08855908362672804,-0.021184097851841135,-0.21603525699943296,0.03481351272480319,0.05265925979934419,-0.2605377964609526,-0.007397409704945162,-0.3681776439279124,0.09412761208041096,-0.05538217821863894,-0.5115122634132655
67.91338582677166,,,,,0.009267229866334584,,0.09269202077781051,,,,,,,,,,,,,,,
68.22709163346613,0.07020784566120668,0.1271678766788709,0.2151051283769981,0.043238363628999875,,,,,,,,,,,,,,,,,,
68.25938566552901,,,,,,0.3298893786626935,,0.2529382487552681,-0.10812453529246151,0.3990551138918992,-0.1538490322948289,0.29596219987250294,-0.09182370743753275,0.43203878460960027,-0.20676232399829964,-0.11461707404481142,0.8588091572476314,-0.09959747849820062,-0.13224064041230538,-0.32985517380344664,0.6744338050886824,0.004472438125836349
68.40551181102363,,,,,-0.08514078179106183,,-0.164866959806775,,,,,,,,,,,,,,,
68.68600682593856,,,,,,-0.02203340637928379,,0.2498552833831211,0.007391805765171628,-0.05914084867333291,-0.16953696215014802,0.2739650976910922,-0.4346375291017343,-0.15207892392435973,-0.5324821034955638,-0.3177999381020132,0.05592421941308299,-0.30403143303216856,-0.7539091883604393,-0.49546796372258833,0.0477180720139435,0.03503737896483518
68.72509960159363,0.13507985705376754,0.05159529024713728,0.3389943881595467,-0.349288005240768,,,,,,,,,,,,,,,,,,
68.89763779527559,,,,,0.15396109168779337,,0.3888565483706929,,,,,,,,,,,,,,,
69.11262798634813,,,,,,0.21635696356101974,,-0.0792259679662489,0.05303588706515355,0.3397918434226993,-0.37413874560854793,0.39522958845568024,-0.2817525303475608,-0.10476794064786532,0.06988897145574949,0.097240220780335,-0.34344255914108973,0.3180151034186059,0.3459065605775376,0.3042960246391765,-0.07613695011568475,0.43531674656596653
69.22310756972112,0.28748140385698395,-0.23572038787700614,0.12879456597350156,-0.3096829735595596,,,,,,,,,,,,,,,,,,
69.38976377952756,,,,,0.3097180137255978,,0.030578640467545323,,,,,,,,,,,,,,,
69.53924914675768,,,,,,0.05702700214687274,,-0.4004834473626903,0.20106210867197225,-0.3758639559152662,-0.14123980120043048,-0.06841104961485908,-0.04279574790096812,-0.04973392090508364,-0.22144047476597878,-0.1341278299256213,0.2246481552003771,0.05079193647864864,-0.5649469408001232,-0.46766876918091044,-0.06975964621484647,-0.15911232547790702
69.7211155378486,0.19912716036574857,-0.39696600248716724,0.22352154347762915,-0.22543103633557407,,,,,,,,,,,,,,,,,,
69.88188976377953,,,,,0.0347266416031662,,0.2553913466497638,,,,,,,,,,,,,,,
69.96587030716724,,,,,,0.22467470387936353,,-0.10017563563183288,-0.05333968773910142,-0.08621486758294679,0.40742599729630624,-0.0712257401976921,-0.14301261564007828,0.08634570457497741,0.15598609203875158,0.3334345126231383,0.11091381683764248,-0.030309850982326372,-0.05838676936784527,0.4658329850657496,0.5430686990622764,-0.13772446929462825
