frequency_hz,FP1-F7,F7-T3,T3-T5,T5-O1,FP2-F8,F8-T4,T4-T6,T6-O2,A1-T3,T3-C3,T4-A2,FP1-F3,F3-C3,P3-O1,FP2-F4,F4-C4,P4-O2,C3-CZ,CZ-C4,C4-T4,C3-P3,C4-P4
0.0,1.4110032263723793,1.761471025423176,1.5380714033200034,1.716540315878959,1.3736518485331854,1.657527412323447,1.4881228359109553,1.554602550230001,1.5707963267948968,1.6204004213252619,1.308996938995748,1.4980181186036232,1.809830550437595,1.6042175252373414,1.3729007265687643,1.4844888363116586,1.553906043711081,1.486344911375817,1.553906043711081,1.8917117053874017,1.502500834325554,1.587686609878713
0.49800796812749004,,0.4085835696884228,0.07702529700967793,0.06951014625247906,,,-0.1813369151484923,-0.10906733541769431,-0.3529389179717817,-0.36278241178209564,-0.09578542565139792,0.1525411258960279,0.22001932478482336,0.17535552712830105,,,0.18647438246297737,0.31450376579102785,-0.07128836301255649,-0.02149457724152887,-0.12448582399687617,0.0398014750685042
0.5,0.1881480765976798,,,,0.19822771169086498,-0.23667330858924965,,,,,,,,,0.15608058961388963,-0.013408641545758179,,,,,,
0.9960159362549801,,0.24512910432091997,0.3252129087464926,0.03456328847027773,,,-0.12310495386322447,-0.09452690784345166,0.03812883220061622,0.20146717309021683,-0.24003491686209943,0.10739679374302517,0.03792884553547972,0.4724757137304621,,,0.12175901681292883,0.2485193609863261,-0.04762750138992248,0.0419621760319089,-0.0715859218664934,-0.3632771169344236
1.0,0.006766196822829796,,,,0.09980858197738449,-0.14673151623358702,,,,,,,,,0.18240934440347092,-0.013773502504698217,,,,,,
1.4940239043824701,,0.21955327040999228,-0.2236949352375733,0.1000566312224018,,,-0.16477479221805233,0.06224044168901546,-0.3222488757646196,-0.2376274318384594,-0.05436852878015789,-0.003124770491565408,0.0843859682473931,0.07640185764335838,,,-0.36507345167701455,0.051701368347049484,0.3677441098012185,-0.11147264967149637,-0.3296603788565027,-0.32900210571254024
1.5,-0.0526899995225475,,,,0.0469262929387843,-0.20035862981688185,,,,,,,,,-0.0009589529046370003,0.021384727091580256,,,,,,
1.9920318725099602,,0.1820240066362378,0.23455526420672057,-0.08208120665317828,,,-0.20710977646602338,-0.272316274744018,-0.34190978222117857,-0.14094021758893305,-0.24954041729065193,-0.09168912504189303,0.08970844353426752,-0.03662614053696258,,,0.09546898502311665,0.007509108718608717,0.0029116685754376486,0.18846249825236472,0.2460426204934971,-0.031846737858512296
2.0,0.009023536099225649,,,,-0.029616876367105666,-0.3394431739923528,,,,,,,,,-0.027725391545530578,0.081591465189028,,,,,,
2.49003984063745,,-0.033399645758220714,0.07694319274205855,-0.13740203826019942,,,-0.1558197594971582,-0.22694686452619317,-0.31640231406647507,0.04591880745580753,-0.08485473040823838,-0.03465717465597623,0.0835790900962026,0.11594389284612497,,,-0.11448633239217011,-0.13734714738936732,0.12572383796056927,0.11985142356702908,-0.17248976134531321,-0.3745483770821423
2.5,0.048117376112037216,,,,0.12341847357609458,-0.29922690991130513,,,,,,,,,0.11991336739378887,-0.10917494204815645,,,,,,
2.9880478087649402,,0.11699390822728005,0.11899834330477349,-0.06656537155767599,,,-0.20945338351738166,-0.11726516919569088,-0.2168581053492542,-0.16877765327244068,-0.07565110342436072,0.06227314680544745,0.171730938396272,0.03165783021618508,,,0.23854497433675337,0.24136845632288595,-0.19102927465813935,0.47338471493189693,0.3127456921920851,-0.17797370675199026
3.0,0.1345961008538023,,,,0.10098091325509721,-0.037833970405767525,,,,,,,,,0.10366785635716631,0.22218737886422257,,,,,,
3.4860557768924303,,0.05126613207985696,0.22250488053869577,-0.09875135743828825,,,-0.12329808359441552,0.4900120927018037,-0.1565824043040013,-0.08329525004082734,0.15593129369305755,0.07477440305664282,0.16654840301830817,-0.051317388046323686,,,0.40290853267046395,0.19037804845042766,-0.1648632560341243,-0.12291588426204951,-0.023063157833655912,-0.012260919974832906
3.5,0.07569777113941903,,,,0.06965682076483355,0.04173136485459422,,,,,,,,,0.029114349417344355,0.18415975010328062,,,,,,
3.9840637450199203,,0.24318349934895175,0.09341518676199125,0.005185643549245795,,,-0.1075976959169153,0.17808899995377533,-0.17124788119095666,-0.23871430547419636,-0.21736773071597626,0.04014233072487286,-0.013327818269171374,0.09866525155713698,,,0.0922184295412817,0.3242904560112626,0.026205827336617644,-0.054521756747265566,0.03878174835958324,-0.24746653399639323
4.0,-0.014884018041810663,,,,0.08284348967693952,-0.11557511699180387,,,,,,,,,0.07795121614491114,0.058951114075197944,,,,,,
4.482071713147411,,0.1772540633894852,0.24046319645280467,0.13892375561161538,,,-0.08435577693023918,0.07544855997135348,0.15956313392233823,0.03355526247490421,-0.19934621133532945,-0.009392436363080887,0.09913574055300697,0.15884738493235642,,,0.11300175774598849,0.274099211954212,0.30082267457634765,0.27876802648429994,0.16087222857319378,0.18339989699002027
4.5,0.11787414691920757,,,,0.0737155780680537,0.07146601237394525,,,,,,,,,0.006455768368973189,0.1733951685312893,,,,,,
4.9800796812749,,0.09777007895482896,0.4861417302451139,0.17057760667054528,,,0.04067790141122787,-0.17752283999562973,-0.42957266342818196,-0.05769033591023619,-0.14753655950439926,0.025540422072720028,0.3243368370272729,0.1452516965905158,,,0.05094000542778129,0.13313456485521272,0.40475021465649336,0.23183713219100174,0.10894818820274901,-0.17053181322152608
5.0,-0.08049712683713567,,,,0.09634888177934568,-0.010147035263684571,,,,,,,,,0.05928085561851076,0.15600737128915257,,,,,,
5.47808764940239,,0.02391549814195723,-0.2641380888905648,0.0698207761260083,,,-0.1127772333290459,0.194255712970969,0.1215140323325648,-0.16662231871842487,0.24268957577866898,0.03635054015649421,-0.2533077439654337,0.040885845816541894,,,0.028373325154868526,0.03565459729422694,-0.2387160868101838,0.2168243684646357,-0.05209083872156291,-0.018159445645081224
5.5,-0.06450892429063106,,,,0.0029639931860364465,0.05228619442493631,,,,,,,,,0.12201145045447619,-0.049637752640031785,,,,,,
5.9760956175298805,,-0.024223860641634037,0.2957250729961315,-0.032523805105597485,,,-0.04491977178878927,-0.09561001937377397,-0.26686159864252107,0.06481754641658728,-0.02870786015384424,0.13939210366112703,0.29187885192960505,0.05481736239236176,,,-0.12308231479241796,0.31415833694027795,0.1093832327805409,0.026370912533643286,0.27301257080690045,-0.09926583171763957
6.0,0.13403497811990345,,,,0.074370882551808,-0.0876273670815427,,,,,,,,,0.237196552280739,0.16170717177897642,,,,,,
6.474103585657371,,0.33153200864685195,0.18188272605194514,-0.4983430235966593,,,0.12178696467589685,0.03225586983343367,-0.08781110357662451,-0.238699215902864,0.01662230593876763,0.01409264085769645,0.08560710254601805,0.18379839758228356,,,0.22071763069943742,-0.10008418648502902,0.015392219001282462,0.4548577663643643,0.01263072646258202,0.3567122678329034
6.5,0.09070215771982995,,,,-0.035887873099905314,-0.02219680190301633,,,,,,,,,0.01193931334257821,0.03005204623727453,,,,,,
6.972111553784861,,0.1506864413823941,0.40382007191165253,0.04733652041488314,,,0.13427369549027177,-0.14089130108286493,-0.13866709251394846,-0.06391969128765325,-0.12747352543975662,0.0398324451793995,0.27778121751806334,0.10517254592193644,,,-0.013929506885848507,0.4126066629406525,0.3380995979532129,0.30398204977678434,0.13203482325024005,0.2613063172110547
7.0,0.038325369073333865,,,,0.09619272784585467,0.10050592243732895,,,,,,,,,0.0024397011264509424,0.11119457620749726,,,,,,
7.47011952191235,,0.27263120313851347,0.462375719158801,0.03505684706400344,,,-0.28682273816086723,0.16417720500570754,-0.3020174318263643,-0.08314947102752625,-0.25679277827385544,0.20148208620076502,0.15242871875518493,0.2608654604649096,,,-0.05715328837908965,0.16601842032205802,0.4208935998507059,-0.049575057297734273,0.3650167151572023,-0.16595743910996305
7.5,0.2804968229740537,,,,0.19400473100643392,-0.11847125127742622,,,,,,,,,0.2361648560804844,0.2239556088889171,,,,,,
7.968127490039841,,0.3308519313914524,0.09757557167397528,-0.16059012566666855,,,-0.019982706701136093,-0.2748112046500145,-0.02381404334513444,-0.3597710122088512,0.06160959550845551,0.07830544174160359,0.1041261777030488,0.15491619018164327,,,0.09132768092466759,0.28405014257055217,0.08487687265315282,0.21738342079767126,0.13639846228730862,-0.051589309225264786
8.0,0.029910699685087947,,,,0.013532393862056003,-0.12962612326086018,,,,,,,,,-0.021910609037885852,-0.12026914177941887,,,,,,
8.466135458167331,,-0.0377140595193395,0.39610868229809487,-0.08683465438732288,,,0.059350419947329626,0.02062859824325684,-0.3181357145100214,0.03815205172479429,-0.1731284569721875,0.03225064542288523,0.2636715296943801,0.15276477943164565,,,0.21313920364082384,0.1571505584667277,0.0022495790917546614,-0.06387448836263462,0.21007668082536424,0.024770083611974098
8.5,0.03040541717803342,,,,-0.0013966748732642258,0.25518207754235867,,,,,,,,,0.03556412916754693,0.0845670545635343,,,,,,
8.964143426294822,,-0.08879436539340602,0.11416081730591247,-0.2528198390652091,,,0.09824784183653627,-0.20817850060431223,-0.22803765559228195,-0.487209852194933,-0.1163935779131307,-0.029841397446108742,0.02836876586374807,0.13242114794191157,,,0.13871552046991067,0.17531636546129475,0.13383508009176268,0.37533801239772796,-0.17798573907365148,0.1623832826617449
9.0,-0.1105691953776769,,,,0.030194669233241475,-0.10097177613357125,,,,,,,,,-0.026832981997779476,0.03892723250936084,,,,,,
9.46215139442231,,-0.21392276907524022,-0.00963139920867593,-0.15107427640463775,,,-0.1956674973070933,0.2429073549652648,-0.17245759158840981,0.12555811372074152,0.045983798531113486,0.01635980113998095,-0.06671397206808878,0.36777744779355365,,,0.1768988655592689,0.19457987330431517,-0.2660659075917528,-0.19258789342388538,-0.09752719607792108,-0.13009921406819727
9.5,-0.02073209794896138,,,,0.17244697992129707,-0.05981198407937244,,,,,,,,,0.0920268114489253,0.10049134359533342,,,,,,
9.9601593625498,,-0.04545541807532076,0.27516951122988575,-0.21567960103818837,,,0.3589834915667661,0.16104083261456506,-0.23889667277122484,-0.04323966994156341,-0.06743828833511108,0.059598924752305354,0.288192728146385,-0.24813560726718048,,,0.40639296294746263,0.31112682200233405,0.12907050468516734,0.2890616743009959,0.14004062604764475,-0.07004558105672241
10.0,0.1601451523258029,,,,0.08018576144525343,0.10998768718041563,,,,,,,,,0.10777757209985751,0.0998500390002888,,,,,,
10.458167330677291,,0.06630310416232987,0.03632552109296715,-0.047906461465666884,,,0.16980166657839918,0.2304695197523952,-0.07410733777707335,-0.23123478918937254,0.13199077245805485,0.07912306308238488,0.08557631380773302,0.17059147260070048,,,0.286296865356726,-0.1624521278192668,-0.26174655067329555,-0.054064523838995016,0.1498784929025426,0.11368985108381799
10.5,0.04553434201102002,,,,0.034938526365327516,-0.13658178134865434,,,,,,,,,0.10166037964476796,-0.12192416007037173,,,,,,
10.95617529880478,,0.22033678611802246,0.018599727302892676,-0.0066628156674115886,,,-0.06202737684458044,0.37685678561569835,-0.1485396286150353,0.022908569924950117,-0.08208415461485724,0.049323002753204816,0.07299992797194672,-0.07014859932831403,,,-0.021332790477513235,0.11443398539399689,-0.10348885491132666,0.024347150416639162,-0.2758474346595022,-0.09939933436435215
11.0,0.007985847812393676,,,,0.1306699026931586,-0.16598013786472748,,,,,,,,,0.020200340213209055,0.029767985243974723,,,,,,
11.45418326693227,,0.13299147922714916,0.0483307256701506,-0.023538824303771997,,,0.21548889617286818,0.390475707764233,-0.08528289001714355,0.1442231639784139,0.024400023951598782,0.07619059068428427,0.2536581291932549,-0.06863272838886171,,,0.214294810999858,0.2620955192748077,-0.17485529735410146,0.03621684133185872,0.03424528312387136,-0.017086579240177736
11.5,0.13099711637622075,,,,0.19204741735367278,-0.050124394333763304,,,,,,,,,0.19798428609469917,0.03133719478776057,,,,,,
11.952191235059761,,0.2612006637728179,-0.11450352538062519,-0.09452250287075699,,,-0.19040053872235432,0.07191046644617827,-0.01766931217297355,0.31104896717913355,-0.08021078437184781,0.08576985264211259,0.13611279850520983,0.06073208104864977,,,0.21231192130073365,-0.006834345585849909,0.036739941732705075,0.11220950229269629,-0.24756324025711773,0.014030620488770434
12.0,0.0437430393767214,,,,0.1945038714158873,-0.12322381161294807,,,,,,,,,0.23560975806744724,0.18358656043233257,,,,,,
12.450199203187251,,-0.013989613629701176,0.12644164758616264,-0.2732481211137388,,,-0.2856740829756718,-0.18960582246014515,-0.41595759176554564,-0.29270463730556245,-0.07661162738201266,0.09236168168705373,0.09045514464439637,0.22709473120404766,,,-0.15366083964244084,0.027020087524559804,-0.027815197120905702,0.1722821947597396,-0.11620005166878943,-0.06887590443451141
12.5,0.14363210288955067,,,,0.09650959906975659,0.11098507152444179,,,,,,,,,0.1687484502382974,0.22181038719303275,,,,,,
12.948207171314742,,0.4024161727447181,0.10957268781572298,0.2775414335797456,,,-0.20281630626598118,0.016972565620811567,0.030951210080497855,0.1339794275655712,-0.10825690384450176,0.11437547133056142,0.0898905183077212,0.2195676221464259,,,0.18983638179957113,-0.02007557546497012,-0.07668302292790911,0.27455829578515256,-0.2479459629212653,-0.10927875587380241
13.0,0.0778002226440942,,,,0.20191186300045472,-0.051347775394761604,,,,,,,,,0.20144546321331996,-0.09923850860599279,,,,,,
13.44621513944223,,0.2866972812587864,0.20333837789085804,-0.11275951698930038,,,0.21082044537383113,0.062311204017049135,-0.4246866088958405,-0.4193033559700712,-0.0021550258731798644,-0.027589665879695725,0.07081986058130127,0.4102084790196453,,,0.724136152239588,-0.05603164774632273,0.20595260940629528,0.06580006873950894,0.10959001891656658,0.34371231974670124
13.5,-0.008019391284178699,,,,0.13019506872698197,-0.26071779254301425,,,,,,,,,0.040828497344287666,0.0772152902832982,,,,,,
13.944223107569721,,0.1213303664848481,-0.013984701355856013,0.07022271385926343,,,-0.32293959404317585,0.30705482062392675,0.016484143229734526,-0.20346197435521463,-0.38225209779222236,-0.03994461723447651,0.17868354404144624,0.09620312511929903,,,-0.07795579414582746,-0.08240429059757971,0.24198880408173448,0.06984862318308754,0.17367660630207551,-0.3422144475512016
14.0,-0.0030746196349647546,,,,0.02494917881362986,-0.2718509371042624,,,,,,,,,-0.05126525010666649,0.07018413814975911,,,,,,
14.442231075697212,,0.32861688203704637,0.17331183541963982,0.08213386225455105,,,-0.12515758322673734,0.23056408554607338,0.018756940615056002,-0.09659562910902224,-0.06858177588546506,0.08248468811446243,0.20337521415341445,0.25030246317780575,,,0.23605653990976905,0.25395160339845957,0.03726025136114769,0.19701211231912671,0.5842117195582995,0.36508558867071744
14.5,0.05163024560293868,,,,0.09484851996694339,-0.04669338792008405,,,,,,,,,0.1895292807166843,0.06356188854353263,,,,,,
14.9402390438247,,0.01025500719925458,-0.02937695252837247,-0.1771998670189859,,,-0.33443860428399647,-0.02934960771591194,-0.3417889313466789,-0.10761589994987246,0.10897058638439473,0.019480261433773915,0.3941570286856238,-0.03349790725419892,,,0.19676071615011545,-0.04415518010102113,0.4705908407207033,0.24657791889083633,0.10780011118621047,-0.06602429012160872
15.0,0.06670461027061812,,,,0.1427831179327946,0.09152428108937384,,,,,,,,,0.11535196951487725,0.19905425935006615,,,,,,
15.43824701195219,,-0.06887574583559156,-0.1797247031724284,0.21692195163051142,,,-0.19684608179321098,0.1089377379858846,-0.2240332143524765,0.3464429107232048,0.034017929751115096,0.08445982689338116,0.048341759253567124,0.08851803516628333,,,0.1663410692521934,0.23057889591651134,0.1645615543655479,0.2873638778043106,-0.03661207731651188,0.05446709117489844
15.5,0.12594903678621674,,,,0.008210787640151573,0.08003053642174976,,,,,,,,,0.06369079771434624,-0.04465739497322021,,,,,,
15.936254980079681,,0.11953245803743343,0.32481140365311406,0.16979562545487623,,,-0.28997063689630703,-0.21512421093086317,0.015665234682777432,-0.01878944663207585,0.08507337446477929,0.1601775087979779,0.21174414797281177,0.34735947064026923,,,0.1795425802102716,0.2362134304614385,0.32993571528764504,0.32742365917488764,0.02538400264448189,-0.003844059092772469
16.0,0.18154520169212732,,,,0.014381561574783165,0.0030845367230243393,,,,,,,,,0.07881188241772125,0.13096323255365216,,,,,,
16.43426294820717,,0.16155151133572332,0.14437470485488604,-0.11033508993452719,,,-0.08226179821465969,0.1924836533888954,-0.21893472411881368,-0.38414730798136276,0.10591320567703928,0.040647847529282244,0.3485188910064764,0.3700467077291594,,,0.23233294197518423,0.3494132992884941,0.03480188881825748,-0.22751647695438837,0.029645722684768484,0.17157545388493436
16.5,0.02653221744693871,,,,0.12174499995215111,0.02733285205296834,,,,,,,,,0.02656933211929641,0.2199387157698392,,,,,,
16.932270916334662,,0.1577755209026437,0.17031793385317573,-0.14489797108957328,,,0.021054239789174402,0.30335682945169495,-0.22283866331014476,-0.241574849084709,0.15667173836948917,0.004291366827770964,0.2003945483762779,-0.06211300657825483,,,0.32214745505177894,-0.038384917726166694,0.10321766721763909,0.18181030612258176,-0.0478732985334342,0.2047774792367132
17.0,0.07494899705727924,,,,0.10042284529206254,-0.07586943021436594,,,,,,,,,-0.007247424586236337,0.20948187231204712,,,,,,
17.43027888446215,,0.2113614605646137,-0.00997499419212399,-0.2826466264984023,,,-0.4144126240454397,-0.008233053458972446,-0.1597673758025418,-0.414690171344399,-0.2873210783271837,0.21925250348369993,0.12536672547840977,0.31608405349378793,,,0.09729355550046323,-0.1303552727661247,0.08320960247216097,0.42298722699968105,-0.2434582773410168,-0.19822408111785536
17.5,0.19971065189936898,,,,0.1256569635594858,-0.017024198406161685,,,,,,,,,0.14078214476908502,-0.016347749459765536,,,,,,
17.928286852589643,,0.24549131435227683,-0.05035368833082026,-0.11598943836831366,,,0.1566674416365052,-0.10733703044893769,0.028755400614563387,-0.35749989578266883,0.16687365154069767,0.13427321583384044,0.13495769637323718,0.32445981490436154,,,0.07111602106809146,-0.011176682095421919,0.3712051050696626,-0.00597209420712058,0.281030814229273,0.04355147174868321
18.0,0.10359303134119587,,,,0.18503004570539616,0.10925809338437223,,,,,,,,,0.12759022804372158,0.29945221848457165,,,,,,
18.426294820717132,,0.2534854766540971,0.36609790895420824,-0.12747888833070664,,,0.16863319633093815,0.08659985965508794,-0.2964013374170638,0.02189940898617034,0.22897192379416034,0.19096184194435695,0.1473345894291485,0.19970004665420543,,,0.30695656700172697,-0.13299973424752115,-0.2004231387395678,0.1069596305815788,-0.11044481523711369,0.30679169044259863
18.5,0.262312105458853,,,,0.16689528597118508,0.1778514140304999,,,,,,,,,0.25739439416208976,0.060494636818215965,,,,,,
18.92430278884462,,-0.0062916735498011024,-0.18396312641139015,0.07238980980591615,,,-0.44460244518962316,-0.06321248477521921,0.10522411738696803,0.3782573405052038,-0.24680852014675383,0.07350615949291606,0.1276802230621787,0.08566434663300838,,,-0.2491177708982234,0.007605368852958455,0.1500193900324052,0.09077968463623001,-0.25305402485672196,-0.038724766054114804
19.0,0.05590155618675078,,,,0.08979040026929327,-0.20446389769876952,,,,,,,,,-0.004701116351981231,0.029833181507560234,,,,,,
19.422310756972113,,0.16773997517147482,0.2227114391662061,-0.24705646915703483,,,-0.1222711548684644,0.0957553973953874,-0.22341945765191937,-0.12291633554521181,0.1298638993771775,0.08402985998939748,0.23119836131844626,-0.11343256292406366,,,-0.049121233505774034,-0.13540619188578615,0.1916056623371549,0.05051568449469709,-0.09387131408546132,-0.22471630549525717
19.5,0.08169087847140508,,,,-0.03967925970981667,-0.2622737102963499,,,,,,,,,0.06686974620946957,0.07973062265949192,,,,,,
19.9203187250996,,0.12247622689149835,0.0007523943454913427,-0.1545754697381722,,,-0.15048111107988638,-0.1994276486196291,-0.17941763474032923,-0.4213129824993354,0.0030723530755185128,0.024403424680204164,0.13085042211900696,0.04291620374840815,,,0.2661845529286111,0.0235758068544218,0.1531732394760628,0.31736642405686527,0.21963672101406653,-0.3316050548557584
20.0,0.1299030064403733,,,,0.06558553647611996,0.040425897534519126,,,,,,,,,0.15965117403784887,0.030681928668075443,,,,,,
20.41832669322709,,0.15768713833308268,0.2714167931267047,-0.058632342825289833,,,0.021583571425078347,0.10218148711990567,0.026097327177836183,-0.3615168885303098,-0.3738421576186514,0.0768346564728091,0.04468064476302944,0.3310693079422277,,,0.285866561734605,-0.09772097910763802,0.2941051328164395,0.3099967767614434,0.06137442777134836,0.1499352271768212
20.5,0.11350822290863392,,,,0.1266196638278059,0.27595151659691514,,,,,,,,,0.13285687591526427,0.16146372422852778,,,,,,
20.916334661354583,,0.17972660874456223,0.17380856440894396,0.2319567328257168,,,-0.12126342225712464,0.2088689151132031,0.14528234743833338,-0.06281847573521389,-0.03358788653358602,0.14105458480602504,0.18235945737077133,-0.0056445687208718405,,,0.18697967090613635,-0.007716417701239622,0.0030170075287044196,-0.008342828095858897,0.2303894600563222,-0.2717096209664182
21.0,0.15368101154145045,,,,0.14434095502544073,-0.07524451092922269,,,,,,,,,0.08662235912945139,0.09639591004950017,,,,,,
21.41434262948207,,0.20472930045268795,0.20416042186557729,0.004332467392183969,,,0.12236450390653424,-0.10186823738367182,-0.336089139766568,-0.14821680959221498,0.22348178748155878,0.060177755321228744,0.3193530859477228,0.08213492393290095,,,0.26957243241887563,-0.08360039449534792,0.08855779326672686,0.2793067389726399,-0.04745392628746711,0.20147305727822207
21.5,0.01302612285479125,,,,0.06519871718284649,-0.17081160830505385,,,,,,,,,0.16726430200012152,0.14640020357153813,,,,,,
21.91235059760956,,-0.03334808117968545,0.23087384592937418,-0.008783770198305594,,,-0.21641101734973112,0.10012745887019946,-0.07473067089917797,0.15876760738261667,0.17744095521386427,0.1268751172571581,0.3653902586131089,0.061046727757416715,,,0.0025865014646242637,0.039451823035868736,0.005789609123762132,0.06961003254583602,-0.17399286933755717,-0.14838712521064773
22.0,0.12375946106594596,,,,0.23390152027836242,0.13359374297307655,,,,,,,,,0.15354006270592804,0.25712543758349754,,,,,,
22.410358565737052,,0.17084114004972292,-0.21068492357959726,0.031132094043783354,,,0.154282480790008,-0.16754687809480695,0.12821082548934812,-0.16235797553124154,0.2484547120033548,0.17453761728484976,0.0011463443571093851,0.10263864068847955,,,0.1748655565894089,-0.04783565138975996,-0.4972736806006834,-0.1764832228967069,0.07917917982252369,0.08586830438915774
22.5,0.02631522909433291,,,,0.13385674850211346,-0.3250654818568711,,,,,,,,,0.08028698918991557,0.13009525464458194,,,,,,
22.90836653386454,,0.06945475503016355,-0.03157817073625683,-0.2210836360972132,,,0.18656315571808615,0.34993185412396444,-0.34576888800622374,0.10811347206107896,0.24620053391909144,0.09662650616012602,0.08862317724324997,0.5341315918727167,,,0.22815631531831518,0.45306360157553816,-0.04727591572099821,0.1649395322728395,0.08491501808499648,0.12501460056993136
23.0,0.15191471375246507,,,,0.08766970841321771,0.07093981106196612,,,,,,,,,-0.05037711760923684,0.07664857924569739,,,,,,
23.406374501992033,,0.11634549991680014,0.26394626698457824,-0.10621342234843796,,,0.14913577567405328,0.0291739540650346,-0.1344004273087164,-0.05595827819515401,0.32498012682478233,0.16704116358117363,0.13749750408198388,0.1106581772285025,,,0.40342534059009755,-0.07196488730713643,-0.16716884131254411,0.3562681743233609,0.152213533133251,0.31038724392215356
23.5,0.22248277210311226,,,,0.16703204756638546,-0.07061305928206124,,,,,,,,,0.20174336211132457,0.13171391949052796,,,,,,
23.904382470119522,,0.09655443494192162,0.2803705277881912,0.15470153192115113,,,-0.3320390696446033,0.12798863921384887,-0.23368656307442515,0.08906107277710716,-0.2124183895839885,0.12162883477682682,0.09180364022482665,-0.15303146242691273,,,0.04475681657921994,-0.08606636351175273,-0.11433813791655897,0.1212343504561436,0.1121143017191116,0.11872397967352682
24.0,-0.026235375450074292,,,,0.14508635417143573,0.11104575801191584,,,,,,,,,0.1577626638510041,0.05875699313104717,,,,,,
24.40239043824701,,0.15740772136865758,0.03423929398753111,-0.2489034727799424,,,-0.290405781676901,-0.2635202359574187,-0.37017640262584517,-0.24276924280891501,-0.2008676513180996,0.08244185312493818,0.2354346628353849,0.12861122804029515,,,-0.24346398105939732,0.07178646260564339,0.1566978376956572,0.07080492746960168,0.06596469882904216,-0.020119765743506497
24.5,0.07484253291172131,,,,-0.0031075575544909414,0.2046850104868804,,,,,,,,,0.17140409026306963,0.19089277000873253,,,,,,
24.900398406374503,,0.29345787614107244,0.014009279270529057,-0.11761275767426474,,,0.16985911072771523,-0.22717903591552857,-0.10278477347168669,0.2661403947165555,-0.13850048619580016,-0.06144406790387048,0.38544673661264267,-0.26362098518938304,,,-0.040361519324812974,-0.15869951606595556,-0.07485161834485382,0.12918571847294785,0.09585875486334128,-0.04334045333335772
25.0,-0.1004921809792335,,,,0.19218802895548784,0.0793650312549984,,,,,,,,,0.15165493257698964,0.0518841407189851,,,,,,
25.39840637450199,,0.11629472759246458,0.10737768441791408,0.0885580684234781,,,0.0500723113086109,-0.014282790007440404,0.05324602979074807,0.02784123009003956,0.19647611383211194,-0.03761842631543025,0.3628364879932206,-0.01941693797274581,,,0.27416206594415915,0.0021090391765286784,-0.07275088771261606,-0.11685375458932458,-0.3606750506964286,-0.0429790807526525
25.5,-0.015701243199506398,,,,0.07663477395765858,0.12952616771387757,,,,,,,,,0.06917836965343291,0.2700627032324128,,,,,,
25.896414342629484,,-0.05885008364426851,0.1510047796245876,-0.014750402830200448,,,0.3242038088843826,0.1684098201771145,0.150577806788848,0.22754797978437577,0.08271460235358001,0.15686338060515864,0.15447922885029772,0.24919687641323524,,,0.15302527144207728,-0.25254772442997797,-0.22425659294938324,0.003835186005625026,0.08988234283112467,0.4468756002567184
26.0,0.10478965495925668,,,,0.10499082727565233,0.25716791907830877,,,,,,,,,0.13289004413104813,0.1842077407563398,,,,,,
26.394422310756973,,0.22767640419756377,0.038539737575119054,0.040476992469836735,,,-0.11094136036499237,-0.15949718481392453,0.10946067618937105,0.027036665750224717,0.13767333902402426,0.06853919628954598,0.17544470731026268,-0.010536064538180326,,,0.02461042641093592,0.1375291938985304,-0.15168354114055418,0.5446031727627638,0.058605724390365765,0.1599345571332048
26.5,0.10500981854625578,,,,0.2126901360869082,-0.1374091043244365,,,,,,,,,0.12508546879806362,-0.03564577701399846,,,,,,
26.89243027888446,,0.31427852080058394,0.019722836859899315,0.12761897316542353,,,-0.11318771325443676,-0.26889681611182675,-0.09887263924518763,0.00955798981856293,-0.12033957232660679,0.14989038442372335,0.37920156356352924,0.2529263183286496,,,-0.018552490687140544,0.2958990030387773,0.1050368854370023,0.24828476316976053,0.2354021480959566,-0.14498847180137928
27.0,0.12283978646733364,,,,0.1073478828923623,-0.09975393202575684,,,,,,,,,0.2044730403093134,0.12365982662856491,,,,,,
27.390438247011954,,0.06936714846984264,-0.15960711265422706,-0.21200981461245974,,,0.037320343182572185,-0.022087889774467573,-0.04596671742501244,-0.09126184455996589,0.12187964202838812,0.20970839183220735,0.12598181796148544,-0.07073487893363141,,,0.24368952059401863,-0.051382673418095694,-0.07629067145428166,0.39650660055266496,-0.015387367995106484,0.6864692037840346
27.5,0.07160926857977903,,,,0.1386825389471195,0.058293323841778696,,,,,,,,,0.15776965084741365,-0.1878977211334204,,,,,,
27.888446215139442,,0.06752219874826985,-0.11043968014385212,-0.04737228317710023,,,0.10142432200863276,-0.14068615380160504,-0.26319041568780305,-0.1039073721432594,0.21205624929349765,0.25595850207641785,0.2746329301911887,0.06796078134870498,,,-0.05234086202975797,-0.06151149756125365,-0.08024893245874455,-0.06465922594261643,-0.4917148158744639,-0.013578079618663232
28.0,0.14553340151298094,,,,0.01259442387590113,0.1645340519233089,,,,,,,,,0.11842479843086728,0.2009322333139993,,,,,,
28.38645418326693,,0.20099386283989776,0.03644452650610597,-0.22346277399577394,,,-0.21442207287127182,-0.0819881881492747,0.09634082510152486,0.20335139104637923,0.06324618814580006,0.08157336595749748,0.012703920654913967,0.1516162561417139,,,0.08635530999536764,0.015484260341470778,-0.378990629965811,0.023134284993187457,0.03922396032329068,0.2339029519159361
28.5,0.09600740353117626,,,,0.008379053002179457,0.056544043187750005,,,,,,,,,-0.02389672067887138,-0.0904261711631033,,,,,,
28.884462151394423,,-0.10607768467175074,0.11011084683589088,-0.194219903442423,,,0.1950356658069253,-0.009541160098353117,-0.18975061123550255,-0.05808533789350421,-0.13591316943480497,0.09915393197635482,0.3298744645851668,0.1226978532773701,,,-0.12802895952681417,0.2946454488638029,-0.25004328379605173,0.11679026049251649,0.0031494023481081408,0.2777527243055647
29.0,0.05529208522449662,,,,0.02382009744815421,-0.032176807920174494,,,,,,,,,0.09850351418546176,-0.0397268032881105,,,,,,
29.382470119521912,,-0.12972201935396216,0.14943458365410403,-0.15981232990467217,,,-0.21688714570918885,0.14787581923349852,-0.2879477724992674,0.14816299168079158,0.033018155879915106,-0.0023997067208025302,0.28586906724809974,0.23165171403578969,,,0.14709355233572202,0.23280000291173752,-0.06673502223917344,0.08360476860598492,0.1599675395500459,0.04306375318874362
29.5,0.09500367472517898,,,,0.2170905655815507,0.08568417273668351,,,,,,,,,0.23009154259490014,0.17719216931373238,,,,,,
29.8804780876494,,0.14857740738183386,0.040959183161798474,-0.05827868671279161,,,0.11419962014701905,0.44271519395876696,-0.09937422262370739,0.0366349151089958,0.22226538679776756,0.1633073842674337,0.06399925766102647,0.19407566078952215,,,0.30780147086180915,-0.20028874481924874,0.10558750670686633,-0.114927759202496,-0.0017214408863799589,-0.16388002050578648
30.0,0.19174923543523031,,,,0.09587041276788576,-0.016156093930173372,,,,,,,,,0.18007696095500095,0.11712056527914064,,,,,,
30.378486055776893,,0.1307087026340996,0.2182804203743736,-0.2297211743729197,,,-0.12440634636136953,-0.1380816401876514,0.17325341349655063,-0.0197048584384599,0.014554431320765582,0.2475723322166898,0.13681547186592266,0.03670634610600059,,,0.10435528329487082,-0.25579655054029987,0.015146133761825883,-0.12160735372710293,-0.07047801533602537,0.023637422480621013
30.5,0.2243793751374439,,,,0.1332636772650738,0.09548568384238483,,,,,,,,,0.18171049443257686,0.25342577551657786,,,,,,
30.87649402390438,,0.14140282004921323,0.13562108954409205,-0.211101347479061,,,-0.06880567346263822,0.11364443565381463,0.08272865174965467,-0.20960530536022492,-0.29411496522663044,0.0815643746404634,-0.12012577564289577,0.28386544402938696,,,0.07752199714499097,-0.07925839629130987,0.14897145132987752,-0.12515484381830647,-0.1733392389547718,0.1555678590556938
31.0,0.09888223826432806,,,,0.021807327081867795,0.20718389499069306,,,,,,,,,0.024617863740353286,0.09695417654219794,,,,,,
31.374501992031874,,0.1155009634718835,-0.041122500394319424,0.05758646239118531,,,0.263284095862561,0.09177335609764732,0.04921763013558569,-0.3382747489266272,0.05295467081089255,0.18633742377935897,0.009466043921613444,0.6236282924444467,,,0.3454465086707817,-0.16983696711238225,0.20376604817484767,0.15614649437843142,0.09600894360893485,0.06063222674167173
31.5,0.03948073896270931,,,,0.06385106932410846,0.1447159461172052,,,,,,,,,0.09315152772978538,0.07509370303553238,,,,,,
31.872509960159363,,0.11696619604416827,0.06652992397114806,0.27254068385600194,,,0.14994235484442955,0.14472534240078905,-0.21373509377274447,0.05093810382731633,-0.07940109834369728,0.020563895913818103,0.10229210791065056,0.11335676567569247,,,0.24111934007141247,0.10409790308662667,-0.21314771807714014,0.12680065292894815,0.05345975654650972,-0.12741649318239565
32.0,0.0162263968936227,,,,0.22403066754816514,-0.07066587982331086,,,,,,,,,0.11926121891368963,-0.027536734423513926,,,,,,
32.37051792828685,,0.12409558369007545,0.18918869205657507,-0.24654173697007323,,,-0.23143015577920242,-0.11734809549225587,0.1445475116750669,-0.13862405874921854,-0.04451470974905659,0.05852646722011691,0.1790525519500436,0.03803238617470302,,,0.5376896967287113,0.050680236434018186,0.2141364847778209,0.31616968073793034,-0.03415711708517771,0.1765999896490673
32.5,0.07423646482649413,,,,0.08497999956690946,0.10173812478252946,,,,,,,,,0.0511964036469207,0.22434765192563408,,,,,,
32.86852589641434,,0.17606379175691786,0.14944502144622607,0.11938575935624647,,,0.20439821159339083,0.22666748122550137,-0.12048308337945501,0.02039384814398256,0.23316515334897192,0.07797620849985125,0.30776109848905103,0.11330904994532708,,,-0.028612994391077763,-0.00984761937699213,0.20496716184664654,0.24013298852863035,0.049346778857899024,0.13396921679638
33.0,0.056924922543001015,,,,0.043063798225193864,0.2296788263435252,,,,,,,,,0.16350672735719704,0.14602764871440982,,,,,,
33.366533864541836,,-0.01106193549021463,-0.11125773032279775,-0.40263720809256964,,,-0.2027276962091268,-0.14694927206067368,-0.10839724830207971,0.13050671261062435,0.046174956609905914,0.0736739406056246,0.46185257865524604,0.228276054009493,,,0.09265452431942203,-0.18937309458723692,0.2355891639769221,0.4249953348428351,-0.19770928964381995,0.21420383476037447
33.5,0.0023592689690223848,,,,-0.09744183142378747,0.12575293950185262,,,,,,,,,0.08894876864174127,-0.08979592058100443,,,,,,
33.864541832669325,,-0.26235802045520595,-0.07096361988721855,-0.08247701154803079,,,-0.09820352271652287,-0.15336114198736764,0.14252455335317407,0.3456477411066888,-0.022690316663778815,0.058668193458146695,0.24824709061991487,-0.25262942897145735,,,0.037677297681958176,-0.06796337962665383,-0.07325274497650769,0.09331928890716043,0.20111323132357714,0.0344075621521817
34.0,0.0991897761361382,,,,0.13340025992371488,-0.06441805758238643,,,,,,,,,0.11543218502572111,0.014387393581990822,,,,,,
34.36254980079681,,0.38242934628574726,-0.013708986786648406,-0.09590412578462748,,,-0.16050052862636727,0.2470834066997829,-0.005254092745835853,-0.18728610740710253,0.04915571644782002,0.1371428008327653,0.23322543782509025,-0.11798713403441628,,,-0.03223460249037255,-0.29764022232528997,-0.4324734689980003,0.08199838586491254,0.02704047570348388,-0.08235221691440216
34.5,0.1834577459657413,,,,0.09147696267625623,0.09021983923308786,,,,,,,,,0.01576895352491785,0.07637957199207822,,,,,,
34.8605577689243,,0.09369941147537342,0.14442099173038117,0.015019276702142778,,,-0.3036077066752336,-0.1077711692029612,-0.1969478819017112,0.18516934632375223,-0.26173090064097826,0.18809610727140644,0.1191559214776361,0.19430860730049995,,,-0.1838086279781606,-0.00916639805581208,-0.3303381439734273,0.4316907987468962,0.14861159875494473,0.06050752336508171
35.0,0.14684592139788757,,,,0.2785954619906642,-0.09587368020272867,,,,,,,,,0.23070401608595853,-0.03807622313602408,,,,,,
35.35856573705179,,0.2381251084906246,-0.11379968079283737,0.0716981512357951,,,-0.24308657539252526,-0.12706133929745225,0.13755039232232016,-0.014001152032280861,-0.02796962050790981,0.12090088486364846,0.19355629467349258,0.13377692949367265,,,-0.01103022633747215,-0.14675260282118333,-0.1272235530555497,-0.08503148572223429,0.3054628275436265,0.19147120075979274
35.5,0.0900661947123888,,,,0.050797382504598455,-0.08733194125823024,,,,,,,,,0.16806608956219382,0.07847336112841848,,,,,,
35.85657370517929,,0.04654951176523436,-0.14343107231641408,-0.10435380049809091,,,0.17057583660656836,-0.08397088754706904,-0.13915386727990633,0.03533790716300692,0.07512349295514224,0.15160801602439714,0.10101237039725833,0.1905501469598606,,,-0.06040865018984241,0.10092340534168366,-0.09661874445244249,-0.06585132766703788,-0.10136723691224646,0.17772769239313257
36.0,0.2996531564664015,,,,0.18765170157861283,-0.09140541340147051,,,,,,,,,0.11062008396767828,0.31280439060066056,,,,,,
36.354581673306775,,0.3244237894287011,0.25617837506024893,-0.03516339881924583,,,-0.28878156415863726,-0.055601415560066196,-0.31393979819028345,-0.17081171043799956,-0.006852893351121207,0.15507272485499374,0.30009319365997406,0.06112899063967943,,,-0.06177252305685436,0.17576049345246217,-0.33634324207546884,0.1999619124555324,0.3827463834437354,-0.027072471817029136
36.5,0.1937582828177178,,,,0.17218701511246082,0.13510931828558506,,,,,,,,,0.07601524059860158,0.20840791318544888,,,,,,
36.852589641434264,,0.1926529802082822,0.020293432529479266,-0.26098069586473444,,,0.005494571167388513,-0.13385952697358822,0.30351908865757415,-0.1584815018043045,0.11800539255517044,0.09816152401127547,0.13998167178911539,-0.20025810780807066,,,0.06412468724545445,-0.1458871449702087,-0.05663865295841519,0.17800934246270395,-0.1444872301784804,0.08900020062148864
37.0,0.10356169115881386,,,,0.03340162675236437,-0.08577927157239727,,,,,,,,,0.09624901973272655,0.16529961051303993,,,,,,
37.35059760956175,,-0.1702770021676022,-0.11298688049483774,0.12281006005452151,,,-0.045252859923852,0.11841269247537767,0.2587606630373889,0.16684327068112006,-0.08765598618737046,0.16612103396990152,0.3191991321511056,-0.0013116746873193092,,,0.3775857109349594,-0.021275874775700886,-0.3009722108303747,0.18722485410427825,-0.2223535717510273,-0.08924079731323178
37.5,0.033907994903506225,,,,0.1641266026346267,-0.1523576017027476,,,,,,,,,0.015981832812298494,-0.03664398167624541,,,,,,
37.84860557768924,,0.14238428547344192,0.26731056152526694,-0.13517828487244382,,,-0.10269056122054665,0.024289462049413374,-0.08254249571697567,-0.16042209423329812,-0.16071988011794894,0.16837094649919296,0.07323575220846078,0.37825898396360313,,,0.17038768409386684,-0.01616102613496748,0.10849918554574059,0.33310984586658865,-0.03256168193882329,-0.13281361952558354
38.0,0.14256424455091798,,,,0.09709727915351427,0.4470244777949981,,,,,,,,,0.07353942843789164,0.050222172088482835,,,,,,
38.34661354581673,,0.023332209165296963,0.1536271983436093,0.04870065043969387,,,-0.09523972737205408,0.08173590438690416,-0.13885627101070833,-0.03333010167265828,0.48633994675117126,0.08631475903589532,0.10346172529060284,0.32667954192871057,,,-0.13139840484012696,-0.07399750968327026,0.1118195213464457,0.0667184770123434,-0.04049622623812961,0.16029574403066996
38.5,0.10769845188293792,,,,-0.0756001106430923,0.03692098973902321,,,,,,,,,0.06571207143929955,0.31180580781180023,,,,,,
38.844621513944226,,0.11040326009780345,0.08306570991080592,0.5120532921586546,,,-0.029253946167187607,-0.1723275205020545,-0.033615559573112005,-0.19519647252130945,-0.1278203192205655,0.09442105834135738,0.26995282873438514,0.192314313717052,,,0.18884127899649358,0.2041248310361292,-0.04265927294193726,-0.014580673137070527,0.16127346349762609,0.11939015094411226
39.0,-0.004114493253027221,,,,0.10610634151540152,-0.0778887695924458,,,,,,,,,0.0750321230875048,0.13263705549009222,,,,,,
39.342629482071715,,0.022671921783478672,0.21119417286650788,-0.3644623683058595,,,-0.2721328436000681,0.06358803560208877,-0.04121388324533206,-0.10441926607165122,-0.0636563357760945,0.05771993689625674,0.1090407453772924,0.023471253679954483,,,0.03814693766750757,-0.06912915479673618,-0.07422221617665223,0.11895700455334637,0.08794380309422033,-0.3752457585332082
39.5,-0.014564398875855847,,,,0.015655048160701627,-0.07795499684340747,,,,,,,,,0.020934287078675538,-0.0888183229756246,,,,,,
39.8406374501992,,0.04215414502565838,-0.006815262995940874,-0.15297200322006907,,,-0.24407024426514115,0.11923518968967235,0.07782285991158956,0.04745364305065732,-0.049974960565395465,0.049265164023172076,-0.10866269788830943,0.08520375608133898,,,0.05851573153935034,-0.027832476921010495,-0.15784760310687235,0.33938457862851473,0.136264415980298,-0.016421344344215456
40.0,0.04720829379639404,,,,0.19242130602546506,0.11645273136284924,,,,,,,,,0.07103547573702017,-0.07882528465529068,,,,,,
40.33864541832669,,-0.07110984670124706,-0.08022956751559593,-0.412699999233823,,,-0.11612669023145422,-0.16160639952278427,-0.05034611485834059,0.056131081051591404,-0.09351337647913234,-0.01035967797214406,0.32366156556670533,-0.3563302526795463,,,0.04378740319237351,-0.3199512150745579,-0.36796166265976277,0.14904408054864396,-0.24942951157342266,0.2995624416162441
40.5,0.11906751810203192,,,,0.0993221309506511,-0.103015806829718,,,,,,,,,0.10804297840051591,-0.021524770447863203,,,,,,
40.83665338645418,,-0.014105619839313032,0.057993368979576104,-0.004385813445595219,,,0.07277985690289111,-0.03864054027381297,0.21252618836027806,-0.2120745130216424,0.4100603943750906,0.029383074664271563,0.05825552147840836,0.10333453036838638,,,0.38715364525682416,0.02325591551966532,-0.12902478514973864,0.3318404418800449,0.16362723677465682,0.11161431040348606
41.0,0.05560563897922321,,,,0.06112994414455733,0.18751421378375918,,,,,,,,,0.052772953717209255,0.027096881702241265,,,,,,
41.33466135458168,,0.12108142591434524,-0.20193323039146135,-0.15047673716681703,,,-0.032712105986087016,-0.12119694982335731,-0.13537028472791982,-0.17833047485263384,0.19932639813069694,0.15452728813162214,0.09972229925276797,-0.01391267540799214,,,0.23270972794131897,0.27981407960737387,0.12969511539048506,0.18283828286043413,0.12353561493646613,0.008185940967535471
41.5,0.03250534009134365,,,,0.033232596521243996,0.04331752518722873,,,,,,,,,0.07905947911692304,-0.10771120762499319,,,,,,
41.832669322709165,,0.031221182020103645,0.2848372615495058,0.2231003761012,,,0.2706142481975838,0.026072645862658686,-0.18969461321221162,0.2903954467434488,0.24111157512623152,0.11866644168638807,0.32935390693104705,0.0024716429335815237,,,0.21953007103402583,0.10400979247278483,-0.3439211351644721,0.08596711819868036,-0.07312311661444365,-0.14664465898021503
42.0,0.19220938425282205,,,,-0.04753729493588321,0.214214889939781,,,,,,,,,-0.04788244043486435,0.26688819879904396,,,,,,
42.330677290836654,,0.08401179902104204,-0.10685791138116485,0.1311438280908596,,,-0.2170374420451711,-0.044596179815504,0.1159850800921199,0.005295321031833735,-0.10569617195002812,0.04567831553400135,0.001656689107107537,0.13885571158326798,,,0.14308071864856994,0.09576930051861804,0.17145174730158932,0.15687892539941456,-0.2954784394826348,-0.13672928823371333
42.5,0.06365242534161154,,,,0.08894481172637847,0.13250681921743399,,,,,,,,,0.15303787463244262,0.05006282967561128,,,,,,
42.82868525896414,,0.05928115694831339,0.266323327970239,0.12762812445215305,,,-0.13547340434513064,0.14258735263632655,-0.12176152267727493,-0.3416115579226938,-0.0034430037456099163,0.03622346387846423,0.12412826625872174,0.20889316978394634,,,0.1040847453512925,0.3159682756219873,0.01335781399319937,-0.03578556024217998,0.2215523987256184,-0.10647514415004464
43.0,-0.027814265736728152,,,,-0.015434045062864447,-0.07813322077647372,,,,,,,,,0.029909557571554165,0.028904726909928215,,,,,,
43.32669322709163,,-0.21192207629843482,-0.03924502523700743,0.09285639483632567,,,-0.012971471238352522,0.306248831396243,0.09088559369483158,0.05718554291120652,0.10995875187506794,0.15144440514956028,0.07137601380754413,-0.1536646526458156,,,0.124270203918072,0.23735814173045658,0.0994608149054249,0.19571355900544918,0.04514517923871742,-0.15291193445128393
43.5,0.13541232942100695,,,,0.01627318340329854,0.05826649962841092,,,,,,,,,0.0625415352633784,-0.026076299725318226,,,,,,
43.82470119521912,,0.42897992202691476,0.38907958041594126,0.07054199312791934,,,0.2928962338189817,0.003567323328361921,0.21745607728265207,0.06828948274460898,-0.15651895602641883,-0.04061719321170583,0.048955277424034216,0.22995393721537202,,,0.14392379738353786,-0.06536443374804433,-0.3059672302797472,0.17378437963069077,0.10804292876555556,0.3458521786635324
44.0,0.15280036808376452,,,,-0.04142290414102676,0.03678545293903761,,,,,,,,,0.03359553954587589,0.0028096523712180686,,,,,,
44.322709163346616,,0.11954989065251961,0.012081041754857386,-0.2751627069663077,,,-0.0026550285794642763,0.2295985441248191,0.11976855392088469,-0.20103221525214995,0.2850644428568733,0.22705325385190253,-0.06656518617338525,-0.15152963375544065,,,0.39109279200237884,-0.009013985746451647,0.10744473059478342,-0.19172920183382153,0.3224715507729522,-0.22780497096179528
44.5,0.21094321569474891,,,,0.12338286891930449,-0.10073102176007097,,,,,,,,,0.17291529128708283,0.29623387220211683,,,,,,
44.820717131474105,,0.021001639987385835,0.4277687854857004,-0.3307723966284317,,,-0.10220255491898624,0.05435352454781117,-0.3150974473591429,0.16857691528043564,0.03631400581344363,0.1913483758753592,0.2034830298210959,-0.0058280236367018075,,,0.33055986894140926,-0.18502688968444553,-0.061237423728885604,-0.30427546902521135,0.2630919451269517,0.12546601334681146
45.0,-0.1304237041859873,,,,0.030834257456754867,0.014839614798112407,,,,,,,,,-0.007852340753180273,0.07207006206449662,,,,,,
45.31872509960159,,-0.08053370703003408,-0.000542428153947659,0.03228733014177461,,,0.005350490549065147,-0.06243028579467566,-0.2822075051231225,-0.07161900558299253,-0.12164144122899338,0.11943072245722687,-0.17537963167253318,-0.03052016432500978,,,-0.041795568196925405,0.1376266622735597,-0.01822009287479413,0.09461566993945317,-0.040985089060358346,0.07680049952123305
45.5,0.06962802612737672,,,,0.09872874809771227,-0.07315187757705888,,,,,,,,,-0.011561374022079102,-0.04664528647936392,,,,,,
45.81673306772908,,0.050738552055874,-0.011711848828496409,0.04210364768880819,,,-0.20833713276980442,-0.031029760722871974,0.3480770121960696,0.21767376724871634,-0.21912017131001002,0.1676787623773197,0.016368556825213855,-0.3945790759081242,,,-0.0638354500611503,-0.2080004564246377,0.13988527357837785,0.29201286673080734,-0.07575256716689276,0.1520868735982126
46.0,0.05647689615279737,,,,0.17017810053365945,-0.029983779159595617,,,,,,,,,0.12702823582591316,-0.04624355543039272,,,,,,
46.31474103585657,,0.34397147772734565,-0.15777193525637642,-0.03108300487368927,,,0.2516778693534415,0.18533334270064583,-0.3282715058999293,-0.08776985267638916,0.1164102090787807,0.10872777881864566,0.2408506430164106,0.07547265033101988,,,0.31014875470886116,-0.28466202239343713,0.13408915880485753,0.1355725036132128,0.20877919109482984,-0.09862397460891915
46.5,0.1136612819574692,,,,-0.11152621545581937,0.19403108779768788,,,,,,,,,-0.08370107298801656,0.08901566115473317,,,,,,
46.81274900398407,,0.07196591931035423,0.021423069231032224,-0.13284904046998927,,,0.4755818768241175,0.06065298460172175,-0.22559728486438532,0.2353401045075342,-0.1953661641406561,0.10427525966572522,0.0737111283412718,-0.05151825721694165,,,-0.1496458520620447,0.03947742379496124,0.09697255150689717,-0.27146724530159594,-0.37290964785464686,-0.02947402069663146
47.0,0.06660695337152976,,,,0.14320254145696146,-0.0063846927104100944,,,,,,,,,0.13419064493175475,0.051281456917651166,,,,,,
47.310756972111555,,-0.11863472569404585,0.1579002639501471,-0.06121731270560116,,,0.08935257159991442,0.12140453580061454,-0.11815054371522737,-0.10447689896938794,0.3326712400673803,0.012437267990953002,0.14858909532821657,0.025629377926889806,,,0.05400970722827882,0.1029772053095363,0.1387078286799401,-0.00584201204217451,0.1537372662255274,0.1728808437041527
47.5,0.04640505671668279,,,,0.008683948549318643,-0.00306422883214055,,,,,,,,,0.1257276984351648,0.11312385131327138,,,,,,
47.808764940239044,,0.05834863234909759,-0.162927441956517,-0.36529500790914454,,,0.09993653886334035,0.02831455742983165,-0.20338445304789135,-0.07080642893183174,0.3121064141806066,0.04802384719990744,0.22013637199075847,-0.2937329119104184,,,0.03137115616663697,-0.3789848976167956,-0.35688823769706524,0.28885849237253863,0.020555716072938365,0.14968156737114854
48.0,0.10748851541208203,,,,0.06339819733781461,0.14550273496436805,,,,,,,,,0.05581281228842828,-0.006120187084218302,,,,,,
48.30677290836653,,-0.1109086150102268,0.055757805286303,0.1535104453265033,,,-0.18091640796365685,0.10971659963442243,-0.14193790594600486,0.036877711805415374,0.09396623884484462,0.14514243056617707,-0.015774321208082726,0.36560293889084083,,,0.17591231796412227,0.21830099118803484,0.13603187346844003,-0.05859933182262775,0.027237527805038297,0.0477630863475996
48.5,0.09655528325563184,,,,0.35947356509441375,-0.02651481727664937,,,,,,,,,0.21494460724131323,0.03913031506952862,,,,,,
48.80478087649402,,-0.07105530190829334,0.022154596700418083,0.1471175580065122,,,-0.02744626803572891,-0.15935475014687447,-0.14833054149006647,-0.056735914406150896,0.16089799576430894,0.003830555026530283,0.14350978321213062,-0.29818986627944516,,,-0.2612489372691579,-0.03171719929995985,-0.061718887643841654,0.010749783055629878,0.0687528416991047,-0.1270284311582241
49.0,0.08683837396805642,,,,0.024600953870714905,0.16126982486486904,,,,,,,,,0.24547750516319614,0.0027036011366050557,,,,,,
49.30278884462152,,0.032832330059681586,-0.13526261190290625,-0.23793261356380987,,,-0.020755475934099626,-0.037472322148171866,-0.14745649398734487,-0.13781553935710997,0.1331721241189775,0.06623406906051847,0.19175976913803988,0.3776015859127453,,,-0.08662736997660113,0.08768749572487512,-0.01741819954926716,0.018136952993238996,0.09348480657400249,0.03668386078747783
49.5,0.008546620125921452,,,,0.08766252966698941,-0.031699479646713935,,,,,,,,,0.15723686635779568,0.00765386949628426,,,,,,
49.800796812749006,,-0.08885776395673065,0.1503653656339954,-0.21346553473103286,,,0.2482757691879968,0.04840338827752035,-0.08160154463652315,-0.03300373440242025,0.3349109516321261,-0.000623378943258184,0.13624557795109596,0.07984487458523468,,,0.3163738203399817,0.03624394993696804,0.4763483250387273,0.18725741353918038,0.3701745626310323,0.13567420138139405
50.0,0.04574707224728555,,,,0.022994890846231252,-0.0011137924705123053,,,,,,,,,-0.11948241448758089,0.14553179648003864,,,,,,
50.298804780876495,,-0.10652030504018106,-0.26333230178003325,0.27334402523222984,,,-0.22514329609232792,0.17517131787074963,-0.162401627276354,0.13739782572683676,-0.25558023280314407,0.0414463531612763,0.09932842597859104,-0.04966435926707772,,,-0.15901010033529836,-0.5548913547652803,-0.14998291465316188,-0.04519562999053091,-0.4311186915629583,0.06722150791958863
50.5,0.1349156957216817,,,,0.05271310421334081,0.016222625243608128,,,,,,,,,0.06115981165420885,-0.010294674312322165,,,,,,
50.79681274900398,,-0.07357031002723513,0.1858520438915078,0.12083151596455154,,,0.08965893152235703,0.10242467724538958,0.1911757829161197,0.20933964594120913,-0.08759692590131392,0.02646741792940584,-0.006925738427288413,-0.3117599764775055,,,0.06998658177747144,-0.09965198495532962,0.060788521154981186,-0.2038271061879093,0.09744673712629742,0.00922476251043542
51.0,0.03130817977586082,,,,0.00435351962068435,-0.0032438552034560033,,,,,,,,,0.15840784416057235,-0.03161194250865362,,,,,,
51.29482071713147,,0.040981014691913044,-0.0018775956890163998,-0.12188919464420754,,,0.34989836868476903,0.23387484982247214,-0.008809501722352541,-0.17235921623417427,0.1237793992723874,0.17394134912323644,-0.08228714227844548,0.024489365094499855,,,0.3498169582780979,0.15861145360158488,-0.06842562771582664,0.19690980319898704,0.11091214177875082,-0.0659827449386764
51.5,0.10776228118371921,,,,0.10648846691190068,0.07927451714233164,,,,,,,,,-0.05890391322329632,0.3359769154188214,,,,,,
51.79282868525897,,0.06824504755314692,0.11044270319105681,0.037871786214519726,,,0.04548837224951393,0.17967677744408386,-0.0727413304909942,-0.019896925709519838,0.006076214263386485,0.07289001505954974,-0.0667309264242371,0.2115841967819448,,,0.4291739963002543,0.35572281987808374,-0.14326536490593558,-0.04416344636687161,0.23750352649341305,0.16372813867301386
52.0,0.05959864445242167,,,,0.19481518413215068,-0.004877421750879521,,,,,,,,,0.134492500549901,0.1386016730755237,,,,,,
52.29083665338646,,0.0002082051880822006,-0.1336669391368483,-0.05962501731819175,,,-0.40663492035286086,0.14515004876902637,-0.23232622215861312,0.06430666965566996,0.044085221742672015,0.07163855709690832,-0.020021991602122913,0.06283998422874155,,,0.30348085698672955,-0.32716772942958755,-0.22579969941004105,0.15471171444984502,0.1251424556261816,0.0006638775467997468
52.5,-0.02177229633546472,,,,-0.0383237357157282,0.12184277644900675,,,,,,,,,0.06248593705768376,0.09511217406297005,,,,,,
52.788844621513945,,0.16421008566571413,-0.08223221480015415,-0.12440332738880991,,,-0.0005319260312445755,-0.3157805592194762,0.3192061737663598,-0.29252319814501065,0.10283557193697838,0.23939706862870708,0.13931421491756912,-0.08218400678742237,,,0.3442313736886476,0.3538075023299098,-0.028374934720392177,-0.09414153423140362,0.390645557407176,0.14082774837176704
53.0,-0.049898513152598994,,,,0.038546295303322556,0.17720884768185802,,,,,,,,,0.14508249868922218,-0.07066725030924018,,,,,,
53.286852589641434,,-0.22790139711817378,0.1549196940252111,0.16501312828784634,,,0.18524520034935982,-0.09546225493915712,-0.15180928649039835,0.2777515567343919,0.30933181574242236,0.1727046424909439,0.09130604577665165,-0.1637984769753517,,,0.1515978657103061,0.15685060783014415,0.19995724880365123,0.13931797659628992,-0.05971744297641893,0.18381946515960623
53.5,0.11355800114454695,,,,0.15629469658507128,-0.04332497952837095,,,,,,,,,0.07093122440478856,-0.07684176447086934,,,,,,
53.78486055776892,,0.12031560699441714,0.2918595406011308,0.041783589330558576,,,-0.11580656982225634,0.1737617397996123,-0.21588126700284893,-0.1164013646825968,0.2177715357153072,0.1568110397518669,0.015265538376481886,0.23059786712640962,,,0.19246064159088108,-0.372295439875115,0.30693662929811344,0.16801673463909136,-0.15915228733300818,-0.008016282450429455
54.0,0.15700601747691745,,,,0.1953921533311437,-0.07964985928080387,,,,,,,,,0.10065920601861696,-0.012402215090980984,,,,,,
54.28286852589641,,0.2344848195384881,0.07381095414808707,0.03962613086045414,,,0.013227753715035541,-0.010407156601703625,-0.3120790998142426,0.33215995800849396,0.058098900570316074,0.21211339213936534,0.25142007577175535,-0.2555986803473162,,,-0.11439219778213196,0.02105198796862264,0.1373601726335352,0.023564080244130522,-0.010964107578517807,-0.34305389411933246
54.5,0.039219003213733616,,,,0.04360973706530777,0.09183511738690725,,,,,,,,,0.1371153389614634,-0.2578830510483514,,,,,,
54.78087649402391,,-0.03233369545101117,0.3662170599396632,-0.17124591408569143,,,-0.12039159539988724,0.15611429926577217,-0.23635381016320908,0.1705062356232403,0.04845013211943555,0.18391536333678668,0.03814878826620815,-0.3187945388179265,,,0.37348473372480634,-0.4282454876027042,0.190546077336144,0.23363101798294747,-0.0769682534203186,0.08573035023657702
55.0,0.07923668538612517,,,,0.11740616507623018,0.12916191597710447,,,,,,,,,0.11129842522577092,-0.01783041618318224,,,,,,
55.278884462151396,,0.11703224082605015,0.3357710677218477,0.24514548760736793,,,0.2605667473944602,0.08142086428878294,-0.0449697801877248,0.09627279897030393,0.3345269860305457,0.12911818742685086,0.014681683615974366,0.1256278301376937,,,0.17341468296860113,-0.022540408453087888,0.02660174725327512,-0.029594711123872915,0.0192628173270599,-0.05925388173928255
55.5,0.12447021768491759,,,,0.13119959072884077,-0.05857830407530151,,,,,,,,,0.1426417918856208,-0.037042504228896295,,,,,,
55.776892430278885,,0.15743313893247676,0.14544853284698625,0.005258960769768194,,,0.23636729827718317,-0.12186451827692449,-0.17654135283197284,-0.017401110436781938,-0.24443268826525555,-0.12963724930716297,0.05039130615846774,0.21662941437559896,,,0.06178172244186774,0.15739613447849551,0.22587847320745735,-0.019885017347463455,-0.18433240708198215,-0.10437581411359348
56.0,-0.031118438324952133,,,,-0.09192935378287466,-0.0773004322747012,,,,,,,,,-0.05442683240026109,-0.025949765911393544,,,,,,
56.27490039840637,,0.10087781174861185,-0.035918226332070965,-0.0971266617829264,,,0.2842173703532648,0.32956314592598474,-0.09092753462637487,-0.07366338290473314,0.310044328550744,0.09504120976806187,0.18763133166357643,0.11651626279735187,,,0.15697926659632327,-0.09342071231252562,-0.20014956235045975,-0.21639247214227583,0.0011850454105102881,-0.06235219768535514
56.5,-0.0013928047366685815,,,,0.0061265395484932815,-0.09961967202189352,,,,,,,,,0.08330880730785405,0.09260801994067235,,,,,,
56.77290836653386,,0.015717140393970663,0.11128821482124995,-0.01690984039112896,,,-0.32650709778240794,0.21975809286724388,-0.13125095598853995,0.03704273514696996,-0.32661435015448753,0.0519551041812978,0.10686750556414948,0.16790828459265686,,,0.20415707735654554,0.21901151521956075,-0.02646316562820191,0.15076239797033641,0.13824272023172235,-0.04595931950102682
57.0,0.1078615388791673,,,,0.014159110916413375,0.00048372803152739,,,,,,,,,0.18179680621975725,0.12475431549214396,,,,,,
57.27091633466136,,0.1244137829573302,0.1981155249950056,-0.1939241319051762,,,-0.1669890251503473,-0.15230448711453456,-0.017624820264563672,-0.3582415626106835,0.13109677536441322,0.012320541909437006,0.23073652941320813,0.03663006276921613,,,-0.11908445930859601,0.16217007636115516,0.2599269640639452,-0.0053279320845493975,0.3979951211040801,-0.2509754201620134
57.5,0.08988754581566365,,,,0.041418384075398745,-0.11373325287385026,,,,,,,,,0.11608593727342816,0.0885470115533563,,,,,,
57.76892430278885,,-0.15093321564513032,-0.213233040737404,0.09733907530748234,,,0.17234217031197924,0.008212918095906633,-0.3061736102209638,-0.02477277837343422,0.16647383598897744,0.08406513712811793,0.14595949943813025,0.031088130089895357,,,-0.01427707012082862,-0.03512310664105926,0.08954407293766257,0.10259475734295934,0.10033750678281397,-0.0812944453404554
58.0,0.060967696651798284,,,,-0.01320263591475025,0.04315945765428759,,,,,,,,,0.08697004010959734,0.2776256191139211,,,,,,
58.266932270916335,,-0.11613503945859341,0.0018180112545669303,0.055838135440039585,,,-0.06464309318883707,0.18171906634611945,-0.22463193673384216,-0.019905550030329705,0.08048398647537645,0.04112791052824098,0.12699030314035087,0.07369379297952953,,,0.2947958074818634,-0.311739792818056,-0.3574861988220749,0.2996304984278369,0.0571860625275737,0.44913830550078687
58.5,0.05459625994119114,,,,0.1191978606022249,-0.07357115231045973,,,,,,,,,-0.08570379119479882,0.3010466366749652,,,,,,
58.764940239043824,,-0.18923681506322174,0.022794502120778538,-0.15781609822979967,,,0.1587485418102351,-0.0034247888340878693,-0.08889746653445647,-0.27891121092226523,0.06644117951162858,0.10428758028057063,0.28155899370700466,-0.08723983422218423,,,0.02992071118082585,-0.1979441357856671,0.03971080163629563,-0.05538842929588587,0.0105606654201641,-0.21697214365944634
59.0,0.20604991975133868,,,,0.07982495944392476,0.08255440278007345,,,,,,,,,0.0779690076256044,0.07831095842497933,,,,,,
59.26294820717131,,0.07105488012533336,-0.14468438502491512,0.009012358936652287,,,0.047788029036933174,0.024665103502528516,0.21769943017332335,0.1351176275518785,0.2732738802035488,0.09684717234260087,-0.31906465447629184,0.08320073638927196,,,0.18920766548441292,0.298749662733151,0.00037186755273233604,0.005070306441536279,-0.2412680605749414,-0.0017888190258184263
59.5,0.04167245147628941,,,,0.11032711279297135,0.07261847697457346,,,,,,,,,0.16862466560800873,-0.1417672697195627,,,,,,
59.7609561752988,,0.0854289355655187,0.18394612295469223,0.07588847628103333,,,-0.051485448151651896,0.18006941157291648,-0.3672332132704004,0.006547969596368568,0.26367014397106,0.06100824757212793,0.2958065188963891,-0.18109640223095172,,,0.10816173820269927,-0.22574516813268058,-6.293782726677845e-05,0.258090263606178,0.03607386259629132,0.10740101523613857
60.0,0.12018488479164956,,,,0.08731648851503437,-0.16982431267857154,,,,,,,,,0.11174063728460784,0.22190037600657878,,,,,,
60.2589641434263,,0.08528202153665886,0.08972076248467496,-0.06673044973231756,,,0.2980694493750234,-0.2598536720872092,-0.1315624660014472,-0.07319297839985744,-0.06519719636692513,0.15291018835422976,0.06403500758591617,0.1338173764211998,,,-0.24854298869977481,0.22498311464028448,-0.19126798564843792,0.3457469673578601,0.2883833771233865,-0.0583550841314087
60.5,0.10863452744779291,,,,0.13034385477145363,-0.0478870736548126,,,,,,,,,0.07066454972190798,0.10963724274260928,,,,,,
60.756972111553786,,0.0051980129219965174,0.16488051336961174,-0.07972222419345242,,,0.12291500019830238,0.10382330964419066,-0.08981057719642509,0.13196542701618066,-0.2579896694283646,0.058970952665427304,0.2913612039389157,0.03449995776933178,,,0.21662457939906457,-0.09309598954430881,-0.22744914002350394,0.029001316001419437,-0.17239733048694023,0.08251295058969647
61.0,0.0450104772860856,,,,0.06547963931288744,-0.08616216692343975,,,,,,,,,0.11444153487640074,-0.01535387885706174,,,,,,
61.254980079681275,,0.13906669794244542,0.18615351716689918,-0.19594739702110767,,,-0.00550214721423916,-0.11221338980100243,-0.18555029233363138,-0.016506334549372934,-0.1414843668209163,0.03776220755330999,0.046382126309262896,-0.0349228482665897,,,0.0727012551342196,0.08692061774649527,0.18663927646963555,0.015456245629586763,-0.21814862500815033,0.16196972908704482
61.5,0.04984815498486427,,,,-0.0022232495727110063,-0.01093587736675015,,,,,,,,,-0.0025778662766641337,-0.05425378486196052,,,,,,
61.75298804780876,,-0.30283453072924804,-0.05696076626453731,-0.14958658257866067,,,0.031845256068640436,-0.23121432311715392,-0.026590454287969873,-0.2274404616658893,0.39336930074823867,0.014166062506788825,-0.28817699137332237,0.10971646969099029,,,-0.1458154580441406,0.04407994748048323,0.2638586828187529,-0.0012305152411920652,-0.11420076291614933,0.00488291424047014
62.0,0.016542869213660053,,,,-0.0577043671041739,0.010732197478788048,,,,,,,,,0.08399955064896213,-0.08153982895239154,,,,,,
62.25099601593625,,0.1367348487322126,0.05757528876559443,0.32268175457463233,,,-0.107448515073203,0.10307283185371346,0.044794950538081364,-0.3350478687495338,-0.13169376448373202,0.10027216226292437,0.014026355994289426,0.11386255273499452,,,0.26626986729633045,0.0980671241925458,0.377238055174929,0.0671500497664595,0.03922684983762016,-0.11022180474161387
62.5,0.18582378401503785,,,,0.07632340134672969,-0.11393098838937912,,,,,,,,,0.15880053955012208,0.06884358724187987,,,,,,
62.74900398406375,,0.19619573019511366,0.1284231374494709,-0.27691026694520593,,,-0.18533328276350924,-0.029497763464204293,-0.15052946287149932,0.287337841968735,-0.07435000738093499,0.17558748713415903,0.12658724761194548,-0.2308219932189244,,,0.033496716802261614,-0.08027505307000844,-0.11122228470719331,-0.14882306491754366,-0.29303850309509427,0.19042327766003198
63.0,-0.0025183934077275603,,,,0.11837947760390832,0.4748657744974551,,,,,,,,,0.026757460072862477,0.06311214890508036,,,,,,
63.24701195219124,,-0.055337420751704905,-0.1897831562025606,-0.1307316920789565,,,0.03082897621569772,-0.21273986578740237,0.19810582580025474,0.09281082201053033,0.0841717062291593,0.06388923107135054,0.008225993529240926,0.16277084793021118,,,0.038073628504706435,0.10684335477193675,-0.08171453905580878,0.023181204004457254,-0.0041546437674185475,0.3171166458847837
63.5,0.05957765357685931,,,,0.22009198353846005,0.010932763655585811,,,,,,,,,0.10709612312585472,-0.13882790138252238,,,,,,
63.745019920318725,,0.14152831171841443,0.3830967239840855,0.21702952019456434,,,-0.025219140871670466,0.11440405164229758,0.02068645961060891,-0.09826025471921343,0.24111595779973313,0.09801017364161699,0.023811395975732407,0.1839406160664906,,,0.4503089614543551,-0.06959713084000921,-0.29512150434093903,-0.11594275299939867,-0.10886613471133902,0.1343285460155572
64.0,-0.04555050367481873,,,,0.003956277219341704,0.1330089408626046,,,,,,,,,0.1741959949312871,-0.18977640649073382,,,,,,
64.24302788844622,,-0.2495141523618244,-0.14050713418347924,-0.05005874353112554,,,0.20823694495803052,-0.118389265169097,0.238498759173239,-0.11742237280335174,0.0910670834325303,0.10455555128920667,0.11808697444790751,0.3299409652296887,,,0.3639128207674341,0.026309587595873804,0.24019203327636227,0.18509984864699536,0.22802508874436067,0.21219206687986125
64.5,0.06791955054730286,,,,0.015613427629115823,0.11833729769418623,,,,,,,,,0.06169671777668063,-0.13172882316278703,,,,,,
64.7410358565737,,0.06494314907620764,-0.1077005111111637,0.004977014138241379,,,0.10039114992326008,-0.0802374285197272,-0.33748979579736815,-0.10333796580133,-0.1306434846403263,0.07251576196343915,0.1552866652194746,0.2860134413136587,,,0.055320481600483896,-0.1259367411246804,0.0754654967431987,-0.22205961605055433,0.14604738645286516,-0.10322280239155124
65.0,0.0814012029805363,,,,0.0806566660312073,0.002136812638216153,,,,,,,,,0.05504050109195856,-0.016857090390068157,,,,,,
65.2390438247012,,-0.19219694039967045,0.4345231129788056,-0.15435290171884244,,,0.08808823972175811,-0.11399953128015393,-0.308412266211052,0.07013405537475986,0.05336562389330687,0.08416015688443922,0.1669027830894748,-0.09487762086153098,,,-0.3048188412186009,0.0772264340902865,-0.014269402230736921,-0.3847668714355373,-0.16624949619616228,-0.25816230090945846
65.5,0.017961328586444458,,,,0.1689759740531176,-0.0970690566922868,,,,,,,,,0.1837350681082149,0.04266135624791428,,,,,,
65.73705179282868,,0.11016064377196037,0.18138849359447282,0.07626572989467895,,,-0.15408119621164382,-0.14592562102864468,-0.19494208721167197,0.12500900621366362,-0.26823325942024784,0.06964364405941433,0.3498342053480526,-0.10715029527714637,,,-0.13508222203901035,0.050388603524101634,0.055258262124768524,-0.04595150233448696,0.03884124032774247,0.035926489949382155
66.0,0.006599480313495747,,,,0.056093996206624634,0.17264705529802557,,,,,,,,,0.06645298752104219,0.01846502514574501,,,,,,
66.23505976095618,,-0.047371006402559326,-0.10926790578498458,0.03396469094212612,,,-0.16327778871083534,0.14814188424947874,-0.27742130483780353,-0.13406699786427656,-0.05471507035760929,-0.007738090021046137,0.32384327599305157,0.10617351527694725,,,0.552259215392607,-0.19690492061258089,0.02120369759206878,0.09230790705404891,0.1247811338585851,0.08446233063846827
66.5,0.07188462973425926,,,,-0.09413889714600389,-0.21982908786659705,,,,,,,,,-0.03915910697472003,-0.1729866563429043,,,,,,
66.73306772908367,,0.03508351715582224,-0.1010916793646718,0.3124945675987645,,,-0.035592310783355605,0.0048323361817729765,0.2391696750317699,0.2526741856414785,0.03741167299870695,0.14769833142007913,0.04221398767399869,-0.0509414475145356,,,0.1300454967547806,-0.2338280601193677,0.25954913837635923,0.11157828768318599,-0.27810176125929503,0.01451265095495217
67.0,0.0068905914625128455,,,,0.15688102973008483,0.19997775003486615,,,,,,,,,0.04924279356519242,0.010694922266896535,,,,,,
67.23107569721115,,-0.13950073360889342,-0.27087579227731884,0.11278073203078062,,,0.25723999287052196,0.24852510839779093,-0.1885385748446167,-0.027630598840721207,0.23334004563683874,0.08073652765396708,-0.1987457860351925,0.29940820165905346,,,0.27430194916958084,0.11006579174621742,0.0930230419020639,-0.0037642672464379386,0.2778612699164009,-0.2456510424227125
67.5,0.09498675536693917,,,,0.011987153849660934,-0.1408416150653577,,,,,,,,,0.032743967763317484,-0.11721453806717824,,,,,,
67.72908366533865,,-0.18720700433766232,0.16490220275818465,-0.21223253005294102,,,-0.059309553227938745,0.23841134014536364,-0.09054775736486897,-0.07503083911648435,0.11200935945601659,0.06169600066769796,0.28471043927836154,-0.09576069408218818,,,-0.008797976528331149,-0.061345021414018416,0.15677959145969275,0.00966850934951717,0.32235005919749926,0.11018475652800573
68.0,0.13314513975455722,,,,0.034399172365661534,0.10752140455060524,,,,,,,,,0.14069810108729872,0.009996579443952677,,,,,,
68.22709163346613,,0.08410632389360093,0.4043326898883579,0.0029561820419371555,,,-0.058625106890114284,0.5515866564851543,-0.26086119150302534,0.057899478261287704,-0.1695396412581512,0.040767811201177014,0.33605830215297816,0.22105136667420416,,,0.01562811658103657,-0.08910538047026349,0.18380157812963846,0.09458823321143496,0.2004748970436861,0.10164063229448858
68.5,0.012108383442190116,,,,0.0989943297615015,0.30484977560558735,,,,,,,,,0.06368178698900803,-0.0965623612276118,,,,,,
68.72509960159363,,-0.2013540169672818,0.20252468641265986,-0.11045694963593057,,,-0.5807903627437716,-0.22563056579682134,-0.32617291718479585,0.025429214172411455,-0.1653284137764278,0.10871217706354107,-0.016223748985229415,-0.05483521377208997,,,0.08524127107603911,0.15558222621690637,0.17037094385636353,0.235399871608507,-0.01837460148519502,0.2117431699525572
69.0,0.14016431976325203,,,,0.10225383700666309,0.2790825765601076,,,,,,,,,-0.02330040543182349,-0.10732693469332988,,,,,,
69.22310756972112,,0.318527896640176,0.23148901362097532,-0.11590878359277715,,,0.10597880691788748,0.2827682777207077,0.2901136846612278,-0.220100186112168,0.13201010782466951,0.0942346202539129,0.2187337811976767,0.03285443402827497,,,-0.007403121675105853,0.1170940027514919,-0.2225050313125236,0.13528342200824361,0.13681535731834926,0.4353873153617841
69.5,0.10918223059702942,,,,0.04160909060994244,-0.09688936302730962,,,,,,,,,0.014581313476884164,0.06716775313539765,,,,,,
69.7211155378486,,0.12479406334610398,-0.16238666430178889,-0.03652927701644427,,,0.2974950461209057,0.3179858743146849,-0.22455814227071436,-0.1119194002428734,-0.06289030580453601,0.028842787382092526,0.0007559650169609324,0.1422133681658086,,,0.4047413103123504,0.11964229090574026,0.21131373186165325,-0.09432359700406719,0.18476785299420218,0.11078407854001335
70.0,0.09926379331226334,,,,0.07035477995387637,-0.0031322819900473616,,,,,,,,,0.19171426861025748,0.13573458384795084,,,,,,
