frequency_hz,FP1-F7,F7-T3,T3-T5,T5-O1,FP2-F8,F8-T4,T4-T6,T6-O2,A1-T3,T3-C3,C3-CZ,CZ-C4,C4-T4,T4-A2,FP1-F3,F3-C3,C3-P3,P3-O1,FP2-F4,F4-C4,C4-P4,P4-O2
0.0,5162.948410181158,5648.546524159424,6216.387549282077,6525.779354971742,5581.678232390511,5519.892752500754,5700.349219701396,6110.304310904488,6119.963351643155,6120.315989759044,6403.039086144119,5763.826009182597,5674.138624134089,5957.600470515734,5143.478829543387,6245.719647934652,6584.608362637837,6426.225902326974,5589.640733060518,5606.291582405657,6491.278084337807,6731.079561068961
0.5,6901.694465501119,6700.775312374571,6631.641579216684,6670.592757671703,6718.975473813692,6417.685623481047,6591.758958354409,6995.136255828941,6166.206689248142,6232.880751982078,6337.064028594377,6094.372955427919,6144.638009960364,6672.358662250332,6888.719582015103,6237.092139398769,5796.317681871399,6519.504548935117,6463.675925391771,6232.414851828425,6198.112212659016,6433.820094685942
1.0,5238.839617099334,5503.38318579594,4938.145088848256,4564.6877430911045,4741.7512695696705,5498.775932418851,5310.30728931627,4510.678796624399,4514.877760949049,4990.9274139418485,4535.141884866238,4747.308361067417,5198.0595472784,5038.276032032098,5025.352432239149,4760.656066267844,4840.248446092882,4386.971724426241,4776.555402876669,4626.329392032289,4984.781828890695,4252.702367272739
1.5,4144.048273960868,3923.971925553893,3829.7286060923375,3336.000134887788,4054.5826934410907,4476.581839463144,3696.8543231952744,3416.736875584285,3781.5266678853754,4103.019727321955,3554.036606504524,4076.4915249991814,4393.889522569063,4199.554751796294,4252.500877674705,3608.6234986521536,3575.395483714548,3501.419053009144,3875.109460128921,3833.6113761637494,4139.526691103359,3458.429321453157
2.0,3631.451925646188,3612.1060720834575,3028.559125347455,2810.4886266679823,3220.7268734153854,3885.916343550338,3539.5925512411986,2955.9832593819096,2740.729784725423,3211.5099118945022,3176.3418678907033,3389.705623260113,3934.6503901932147,3446.312598310555,3679.238529955707,3108.8832827546007,2994.0828610888693,3134.40044834631,3218.5683357134476,3288.0535531950095,3611.552011074429,2955.491657242335
2.5,3114.894121394155,3100.059503744805,2706.602803561582,2640.6057453785843,3051.3824905213855,3586.2441435554842,2894.2915556833964,2611.286782697218,2551.9516188835737,3077.4715695374693,2518.329661879977,3208.616753194347,3630.724886420422,2833.216825078801,3103.6636601492673,2813.82228760164,2842.2645041250357,2899.0649013692473,2950.184386003096,3150.670665517085,3382.020410734686,2572.722648618834
3.0,2707.991508713506,2939.7527782558227,2397.560159695287,2242.8968546962374,2751.006737148496,3197.8573688159545,2550.977194349511,2134.0192623770636,2294.857856273276,2799.2406035438034,2672.267053885078,2944.9096847607166,3056.195256170065,2767.795575398322,2758.40587170848,2675.636038796303,2487.0569318103676,2472.433424733225,2827.5430934684864,2662.736078185342,3027.7083773004415,2334.137189265773
3.5,2481.05365397519,2412.7294210011682,2244.000646046679,2106.233860498643,2654.9695180446947,2686.5214394037575,2236.8839922391408,1928.1845675513812,2226.581290888241,2497.642401506801,2212.2128015756443,2757.9653290038655,2657.5881578012927,2569.3377876827494,2425.794894352026,2291.7037655270387,1981.9806413831102,2345.267291888027,2524.7037043424493,2617.8280674912785,2746.8908906534157,2040.4166100250209
4.0,2298.0971197486547,2226.009190507925,2269.2571894743187,1730.5413769795214,2050.6103636941384,2260.7392797423017,2065.6760191136286,1605.766914777543,2132.68058165541,2379.676824949392,1971.8567244517803,2286.080893495615,2261.5119199694554,2380.460926764047,2230.7163790083105,2027.022963077148,1896.3857960225291,1911.138193584275,1967.877432619382,2234.1099250997963,2171.2686917929586,1742.875575865576
4.5,2044.2656178594148,1923.0719585737622,2144.609792798827,1636.509242496189,2116.403768817153,2061.0846926115773,1944.865222953956,1536.9001505237354,1712.395735574923,2170.400427692484,1867.5396996387278,2052.982070304789,2203.3615888749027,2458.165029462294,2002.247300230673,1938.8078957559305,1823.4704721035814,1721.8063764147726,2191.0347730824847,2288.593242225657,2175.13170362065,1677.4405448768746
5.0,1982.7634284220428,1950.535944294759,2156.16511967229,1552.0078933478433,2065.527965676835,1929.4222271299247,2126.3172952336486,1441.6905305512814,1646.0503992439042,2008.557329203355,1734.456648965995,2218.890829405056,2284.1404888711427,2158.022449850852,1834.856148868848,1544.4120234331513,1638.5419411902883,1656.8079782916147,2150.754223124527,2048.886786898807,2152.3480658655653,1700.1423872767657
5.5,1876.3830923871346,2035.2254849527335,2028.2237018127798,1561.2794192821152,1759.6958106077145,1938.705499785451,1856.9585661867907,1424.4937793129043,1617.0262005520945,1873.6209746403538,1876.8226332453908,2030.7992982913909,1981.7923407644091,2027.7626154808522,1870.4126440649964,1798.7199140162493,1638.6590192408444,1708.1494178539065,1886.5317981282417,2023.8092719073998,1908.139096991795,1674.0265942438232
6.0,1819.4609185938834,1980.888591063492,1705.1344766997804,1508.136810945787,1735.6076039145908,1662.0289685871894,1751.5058601866565,1271.710558646315,1368.861539109054,1852.584856607515,1699.7481778438187,2105.6330345853485,2044.0701088245798,1915.549078495303,1732.8553824378855,1507.9790193605982,1544.5622487819458,1709.2451846307974,1625.1818605197961,1659.9314987513321,1901.042584362855,1431.3189238982588
6.5,1710.0977989834112,1733.2478474347452,1693.7689916625334,1476.2959498003775,1552.5107695597571,1547.1937176676581,1781.7480580565314,1284.8626810511084,1226.0183884541414,1877.4970944022116,1643.7992955047916,1857.5035073897654,1886.9820558476306,1887.2088536314518,1685.8559949286475,1685.7037567947161,1626.882227892147,1484.4524376441698,1551.5366703531242,1868.9485406205677,1829.148920838761,1484.128075192247
7.0,1603.0134334093973,1642.0886251496458,1803.8959032128835,1314.8020653162962,1437.1090442605769,1492.0111871777344,1567.8588560140531,1111.905435870614,1231.0863427661984,1643.9108178163922,1482.0382597846842,1792.9773982500772,1819.2472475111626,1665.247447687628,1457.8589063359311,1511.3371828693735,1371.3137433866555,1441.7873378977047,1335.9883134427048,1553.1369907609042,1658.7364896619483,1315.9480585180154
7.5,1381.3036813470126,1440.9615686034608,1568.318770222658,1323.3321819123535,1348.7392546860865,1463.1096392548204,1458.0537423828116,997.1714907154764,1165.1774799790394,1530.3168390413648,1281.038618551072,2004.6285795061322,1888.2499908323366,1662.2679776462592,1321.6569877630616,1336.3179547375576,1318.0772208347103,1359.757822623425,1237.9545909906028,1565.1234947359746,1781.586497334414,1352.761810788963
8.0,1429.9784739937493,1429.0479019693412,1570.5136906477173,1236.5779967483627,1290.3355373619368,1437.2396271564785,1401.5732961462274,1086.2011492094014,1104.6432248745682,1567.2185460236492,1361.2081674276724,1594.2307749199597,1695.2109984778865,1546.1413352321072,1329.1016280958693,1446.511766645993,1230.725670822836,1254.1514516058032,1315.140015617968,1453.5205885674786,1653.3618106013407,1280.147635768322
8.5,1319.1284820233443,1334.9307505773697,1478.9241232171582,1136.6872860811188,1357.6584148268191,1309.837447430469,1421.639032335159,960.4478512519194,1114.2337451849362,1521.6618701900773,1338.2567305062275,1626.7750055447946,1621.4741523789705,1480.4369432198966,1173.5832582074734,1310.7063028622576,1206.8180201006005,1231.5200144282578,1267.4769976905923,1374.0840449776933,1407.115956177805,1177.0575025331877
9.0,1581.3561881789817,1335.5429479678337,1441.154953469101,1156.0817262882276,1243.6223974104648,1341.1293409596897,1166.9520178625387,973.5477799770359,1011.9650456223904,1433.3995775491962,1288.603624904922,1403.741409056207,1492.2649405959787,1419.2622883126714,1343.1552156497362,1148.436682896653,1141.555079565923,1262.3934346773074,1175.071843215213,1354.2745582498465,1452.5516232263894,1217.9209175035805
9.5,1415.654957988336,1369.5842293569528,1422.1583091240705,1139.3181006837249,1270.4148218781427,1260.3140391011825,1267.9540807161634,919.0365234783292,1117.767491056219,1514.2882550862068,1355.3934328322873,1621.6257720496822,1610.947980308191,1466.0777095546193,1325.1189031097952,1296.2005839973795,1164.530859844984,1151.1818597355582,1210.0994825723953,1295.3811544896141,1570.913508385305,1140.3731390006321
10.0,1310.1448958699868,1348.8418217940555,1311.304195971296,1148.9602651131238,1086.3454489698274,1142.013599247163,1237.4804683091663,944.306425352112,1067.6045934898664,1290.9761492539242,1247.7623101266433,1477.9793842467934,1478.9467711978614,1405.6535821856612,1194.209664873003,1313.6084579940114,1143.867556457151,1129.9915086332658,1237.1761793059595,1335.497073688691,1658.9822701347878,1143.0563343773142
10.5,1303.3107284913547,1257.13788298899,1293.9003428778387,1073.5237361111585,1198.1630747422553,995.3836073847375,1238.6370115030163,1002.0636188887541,1023.2920814156441,1208.036257371916,1268.8016229301677,1410.831284827845,1347.6387351891997,1180.9391758207278,1111.5380412136,1173.2003973426501,1187.7109152992168,1325.8992829073197,1171.0643405489343,1363.1066928609853,1349.810714879051,1133.4495128364563
11.0,1260.6982125802735,1262.8952348933954,1364.0591298432435,1151.1263340242278,1073.3248007598775,1223.179299978272,1306.0710026936517,848.3628329420249,991.467224673958,1428.7816855718527,1121.196594792832,1288.6601467097885,1396.9606241966153,1305.5928734365127,1094.5950517491494,1050.508144429203,1064.7163427250748,1079.276053632286,1071.696064789983,1314.8766941701135,1276.2349326847925,992.0145704729043
11.5,1163.443348154561,1176.697017723588,1277.192792197201,992.0030080240804,1019.7941588573054,1125.1328092126728,1349.8578729776702,821.5712612941692,901.1568137463091,1400.001457147389,1109.3387923946439,1235.3556404086917,1405.8952831371998,1158.4942524037747,1024.406393682713,1081.8360019317065,1011.1316660633637,1068.544606797184,989.4257663694926,1354.2091320149495,1441.0337931463935,967.2415048846863
12.0,1127.5908540137725,1142.4962950379556,1248.7845698152344,965.5508152560088,958.203183975418,1098.8938058037788,1098.6738488533429,727.3937961127909,952.2780482310886,1368.589584493168,1053.2474067797145,1101.329806398332,1464.1082973604948,1116.3228932151974,1018.2211594651285,925.2053384762787,990.3119027523395,1000.2076336651518,905.1990121293109,1112.2919693216763,1162.4809562744006,917.4794637062337
12.5,1122.0906974729041,1067.499190013889,1237.5660912812846,994.2731597444605,955.4375978008919,976.0322671158536,1193.2910842372062,822.7022146315459,948.8894945253033,1228.689229922741,1074.733915184658,1161.0031424303975,1331.666851171319,1204.0861526635883,1035.8131106716673,971.0738777093583,939.5923570742041,1008.8186865652708,901.7204299389896,1211.9510489267827,1257.0931200610528,947.6216901614416
13.0,997.9659105025554,1001.8490946471125,1100.2978648914507,1014.5690154656112,870.7466236118672,959.4924816847131,991.2647323062015,819.973435384452,962.6096497113923,1258.292311292998,1063.5143452480281,1265.1843924018108,1286.0017456979722,1188.2894339236732,978.2212930020115,992.5128521827899,1119.6028153300456,1033.8822504008012,931.8393263967993,1146.63475900372,1392.0923017798445,978.0738152827739
13.5,1064.1809713858167,1035.634976594193,1105.9429731829775,979.4108872360612,984.2899386394183,1122.5714752109498,1093.7952183582133,762.1008312556904,977.2539294853808,1161.9798379460512,919.6401323164249,1123.4804986114852,1311.1924046055656,1134.819981182803,1005.7506585588764,1036.5684189054703,1004.2449617105518,948.6976629422701,927.7210843822982,1352.7680221546532,1296.8831662367752,949.58461364486
14.0,1032.0968507423077,947.3250403046956,1128.8629054291662,884.8533998423134,947.2155150979715,1112.400878832157,1138.8388133360095,700.5027520546416,891.6777775791758,1147.7589116045397,866.0179894130981,1020.1315445651137,1331.8384645301503,1122.148302124449,923.3518696704942,828.4635460645608,922.1907856765389,922.854870260741,879.4741978818494,1056.3492812406328,1288.9390529587456,994.904258779297
14.5,996.1338527969957,976.0575995152017,1088.7578852939623,884.5763112522558,771.2935098877375,956.4524674616355,1058.5937871077888,803.3394487967373,780.3468893789138,1087.7483549077763,894.51188483207,1078.1836195915248,1138.1793137155655,1010.9381206236022,923.2553558529049,856.3171463158903,927.8107864310307,877.5696721337596,796.1914304814072,1037.8255336271661,1185.9531845119418,917.4757569191115
15.0,940.8924517918286,928.9384948395449,1082.3148580972331,814.606915615028,857.3444355009028,951.0455720743362,1083.8227933814953,735.709970233677,855.9638115423573,1092.6702546509985,944.7508913061731,1013.5672237454506,1108.4383632927722,1114.984133098108,843.0336900336678,789.3415760074375,907.692215560846,856.316672068852,766.394242166626,943.2196309260752,1155.5343680544854,903.8448497753271
15.5,970.3154491576803,978.8485376725021,990.7990197228653,863.3624512589895,788.3695779103142,917.534255556943,993.8134633047695,718.1193744078549,754.0982224755999,1104.6628954840141,949.4920076253107,1108.128687185204,1119.0499883774683,977.3890941660035,894.9083826227744,797.5167042740431,888.3030113119042,899.6117274510076,763.2272472965805,1158.1168500840724,1211.5790615402461,871.7972722593796
16.0,839.9794122059438,883.1959291807345,1021.5553595665344,767.9056899571448,886.5709511180288,933.172329505816,958.409364270536,697.393315157692,725.8686326682483,970.780694580092,809.31210370804,1124.5265665776117,1184.0561320851048,985.2175345579551,756.1068729997913,895.0362689979538,828.0417355887339,792.1591228630308,784.1396757324765,1110.29717244947,1042.2481575228649,842.7454208422645
16.5,854.9735583295281,827.8292132101847,973.4463551091686,782.1173270168888,714.9382184184765,925.4866121340517,917.9361609576921,705.5224068960764,710.3557622471697,858.0975736548737,816.3470858001981,1072.3436360519738,1216.5447960425179,960.2614868444183,733.4852292030364,729.7922512051936,847.9737869296704,853.9245044610966,682.0823231958992,1030.2055780255796,1076.3931591104924,757.6526428759148
17.0,772.0988935928832,808.3411915556865,1015.3521851567318,710.7330292838406,711.7062810164489,877.4770857656226,896.1554116033201,637.1767286686049,790.8167552829452,933.9603142649994,817.0389302883519,1082.4904198881618,1205.0648546528996,1051.760299288073,717.4894844745752,697.3854949069058,870.093626637348,780.277909477519,695.0847992117154,1000.0383742379667,1140.970327018537,741.5930174690136
17.5,836.4737229176199,823.1307062883797,1039.9961642085023,766.1443183734508,711.306944064624,952.5469289740582,976.0554098852955,608.377466926611,798.2545696932796,968.1989938084232,818.3529027357966,990.0343380125554,1131.1575437643999,941.3838490048003,810.1036446473224,868.7714794629046,831.8696983154998,805.7516112943421,696.3024096612783,1082.4714573659376,960.1714481393268,699.4705655809008
18.0,802.4092472473849,826.710393225237,1030.3245222197816,794.5091895426617,681.2262083762206,850.6956749523996,909.1117228770562,651.4266597922356,810.0608791264317,985.9115483408406,800.8136127345249,959.5603207338839,1176.5914584788893,878.6685202429514,747.4756159736133,708.281645767907,834.687536747176,740.2100377006489,715.1988165599854,878.7086608055541,1042.6780669791176,709.6678095597006
18.5,797.5905883807202,867.2185659685024,1025.3168070475133,796.0220830976345,738.9513466055938,795.6948991903928,834.7835196688247,554.0753697515515,784.6064751549553,969.2313222460552,866.9160452784804,983.5200823565085,907.8252673048131,946.4361797630273,725.5679645583702,875.0607102776842,922.1381147543008,863.0741117151385,736.0081659268865,893.0273480981213,936.2832554944235,753.1540547477776
19.0,899.9250528303521,824.9049370842907,960.4810473348442,736.3515085839417,659.595972776795,818.8353904630234,776.9188472054213,550.4268329234282,761.829384507317,931.0911589571579,755.9762440066256,1021.4301042272349,960.3841535928849,963.0415323799186,815.6258150046771,810.929239585868,849.1212623729854,746.1242325839412,695.8492361156152,980.3062418187674,938.7600320610394,729.5224368852934
19.5,866.5601073219505,856.7100128735996,922.2279771378286,739.9426422540946,685.5303302966029,803.4376639595808,831.733268186403,575.1934422289239,775.4134301531753,993.0188257664288,732.2765304958299,1034.328775805944,1076.327848625248,872.8010883400564,744.8599943098176,734.7697303413588,713.7485914997768,779.983014150556,689.597629034507,895.559175919922,966.8157540418606,726.7120369971008
20.0,797.9351135101524,798.1085795378026,1059.7292223855582,718.3231857404579,672.3791440393736,852.0274092997514,813.9993836304021,575.3796490188959,759.2048458122424,1024.3037245099608,679.0547821556048,1006.6796553308598,1034.105611279504,903.3495052616395,693.2506144544681,718.9582124055796,750.7573787716572,694.2594854435117,685.2231827354825,923.2784732407605,908.0688049085545,785.0819955906583
20.5,733.4844705515787,735.79498781469,931.4216352424859,632.6456232327472,702.7891615463251,834.6844021754406,856.6951389134362,513.084984659144,693.2720877023083,867.2939283780537,752.0647436650428,923.8784037966753,1063.345094237233,809.1346521857793,569.9635696131195,759.8752399626081,819.0376457103051,703.0343308489246,626.1673904275897,887.4534021472342,895.6679692940967,710.9914630085394
21.0,735.2788379379302,776.2789030481615,876.1883936350459,683.6147006205089,689.415883549057,773.5277908596174,878.6208456183992,541.8571559365332,813.2085077775652,856.9554494040234,721.363084933349,826.3411918582531,912.3850204988929,802.1882892420717,707.3119512331103,726.2050688039755,785.4172386850934,765.6761468450322,684.628161224613,801.7899353887113,898.7870827192367,657.4230205164215
21.5,759.4596779110188,766.2328510398895,984.6763730179968,733.052036887893,576.3535578746607,839.625531843307,915.817668653785,494.71376188114186,718.1431784560233,791.8515948395836,686.3001149706696,943.9442956490375,987.4895339008484,878.8101149811923,650.5125779098844,670.4795648894241,786.4129405463405,723.8274681651686,612.2970716886196,881.4387667528799,925.9514531566991,697.5238403115081
22.0,793.7075621464387,745.3520427244683,952.766219510193,748.1962632884614,622.934692569187,742.1652926744545,747.843176029805,506.7761703210944,686.0190212882668,831.9909614839703,704.0851784660186,798.7094571600697,820.1919481628529,840.7063119912832,678.1136561373393,723.840572593805,768.8615112036197,707.9900564467748,570.7723039114773,829.6700478124068,833.2297073560347,626.85177051516
22.5,762.327067033102,792.0457971873859,814.4708016958707,668.4857694026306,628.846080322431,756.8729381544922,686.5264778050971,554.1851960531458,647.9657089130036,831.6828719983522,708.8614222276167,781.5047979066669,906.847873483494,868.3671358465332,652.4593557856208,652.1914561960372,727.3247916562476,757.2678749014884,623.1032671801291,789.2325584123339,757.3698629098087,599.3769397230509
23.0,806.8637566270834,697.232065309637,825.1268812329225,638.974861801272,561.8626488637941,707.3742957465363,730.3847810882381,480.13525484888777,595.3328713158223,849.171430716261,669.2698319778241,767.61961605096,862.662774237907,796.6535003535707,713.0882949621758,695.9662402390027,726.5906179056614,596.4465548478568,546.5450105627444,742.9543812088847,809.877104281689,680.4327816861805
23.5,737.1499733891422,718.7925058464381,784.8468391580674,625.8535095709071,574.282014314765,752.0632135682605,700.0456446365209,466.7329256534386,601.3072333694487,723.0051148841892,713.3311477511913,882.8834039529747,828.0860081870849,831.0461584402043,615.8744127011805,657.4475793199614,779.362627956244,668.5221234831919,615.816907973809,802.971504187221,732.0074582454912,643.7405709259524
24.0,702.9693033292934,721.4286408365452,826.1493077032832,588.1395676343102,536.7438700301943,702.9110499683752,734.1402453082958,453.6478177301327,707.0376191585171,809.1190984359914,609.2733018301526,838.8424458380497,856.2094166856059,787.8994963420196,649.180296380196,629.6058770292195,691.6305620595613,618.4432967907857,515.1507275298877,789.8978434651918,757.6653020315216,609.7068043022011
24.5,740.4165606291104,813.7950937711889,828.3999932182328,629.4571126100112,596.7716651048719,800.4597736907774,720.5678520743761,464.1903977456581,678.6501835617478,845.6718338740744,738.6228206361806,790.2438780663499,895.016077834975,833.0147581162745,612.834717936471,649.5709394776707,695.2053554756161,748.9934857364723,561.5246418970246,749.302413116246,811.4445052220614,643.5680598192981
25.0,780.173821542171,723.7127385478693,707.4205691104951,620.8798377107014,591.770871458609,783.736941741327,714.6466687354454,457.6854433071606,625.6703549725652,716.0690366805586,679.0599453881977,871.960752257108,871.9042787523417,753.1685626220334,654.1324984485251,677.0836986421828,671.0676456842322,768.1383033321983,549.4879595356831,709.6790590326215,825.2963498917971,655.1730439852065
25.5,724.130024631239,685.9321681345331,852.2600531657998,635.67326937954,445.1238590556405,691.5628075188731,624.9820668643022,488.3467776460893,648.805404022943,767.9300876326915,678.9123543443199,971.7164433759004,877.8678701115185,690.4478917611237,629.0269634212814,648.3738036912455,685.0272936974003,737.2327566664137,486.9836724881675,875.1945915565459,834.5875955763038,576.2589925605454
26.0,683.9905796696785,784.9213259637676,827.9410241368886,617.7568777725445,539.4225991105699,656.9236767694362,652.7951484729252,445.57161975179554,544.5971567184689,723.5931488442849,624.7421296055948,747.7113748127148,795.9462161924927,699.0080872412336,563.0097562413623,587.95497281312,562.0480089118771,608.8966243788025,478.3331278194352,734.8110309392529,787.4546474767673,556.2468589128162
26.5,681.8607641141685,757.5084858243143,790.8218675561611,615.442167732493,551.5915994656675,630.8430657136993,668.8297129831325,449.0853031099098,582.9997821403033,738.1511572273547,623.4929967132165,804.79094072182,763.9286128444851,655.8584926554165,597.2395802703352,636.458577788511,639.3598004157824,590.3215590132451,450.8831283950754,703.1101559798602,749.1242231153866,536.1359327037826
27.0,754.3424128899678,730.0743995917941,833.8195177196525,635.0253611960155,549.7399954786553,734.5584341962239,654.5617606647098,434.99633332920797,570.4002326890112,812.44573375537,670.1836460336723,782.5142720031536,866.6787878528564,714.1642400757632,667.0187683832473,680.1240886554843,706.2261740051403,711.0141630139775,486.3107973251557,656.0543389077116,813.1898543444302,537.5610447566352
27.5,633.208922491727,707.8510016112732,755.8958561283724,616.2833403200206,488.6767395756954,721.4261712045051,666.6735104000643,414.7750286741941,575.0506483907706,779.0069234973686,655.7722387044024,746.8057991588648,860.2316497491574,685.8703622510205,594.5511730268585,600.7047181843147,601.0117747288142,619.0726738150187,424.32312471123663,735.548912367524,736.8459561683678,471.93158327950886
28.0,678.2227738942153,706.8196849133242,761.207512608714,550.1157428966328,582.0520360467643,739.8374062783203,679.5895152395655,416.3357620415439,675.2940735549764,790.5232194912143,609.629120469529,744.3039942203784,823.9307475983519,770.4371472129014,572.247692495315,653.4581231535047,619.5552335646289,672.5304955504405,522.2842589441117,740.2719816701174,876.5614476736115,574.0225843395926
28.5,593.250656892909,668.215338917571,758.2359255353105,559.44974065996,525.1395566740682,724.5137669263572,682.2198932284082,401.8676823050357,589.2335138711454,805.252346629598,620.7045396814501,773.3705975677299,846.8131602936005,684.8213697286776,506.76694849036176,628.8340752109347,618.539457095915,582.5000695416411,470.9885281505737,747.0943889749989,724.9345461960293,487.07795948494885
29.0,557.2269533230233,676.8900686783105,771.7347262527774,632.7705514775403,510.4969371073789,725.1634108410268,642.2456992089172,395.6802808436692,556.006997258769,772.1097845883643,671.3774814459397,765.1166330311266,740.3490008423148,726.9666981513985,538.8295043646555,699.1120278165536,622.6706918551006,739.3266483817581,505.42193095362904,711.2673005494781,754.5198182185313,498.2035540858651
29.5,708.8606437475779,654.2373426472982,792.1789774423253,566.0225014843872,555.6698849015697,671.3349398005579,646.5946103010349,418.70323408250607,570.0549251967761,784.4323314274859,610.5707029804056,786.201893463927,790.8870013485183,736.1523641478597,523.215189855483,645.3184993047716,564.6043935087732,556.59952833194,493.5803131088897,727.5543440077726,781.1063084825784,501.4977742468449
30.0,672.5285349775085,675.5070765900166,709.2263329026073,588.831645917833,523.3678527306685,669.6156377636498,584.4045911462895,412.7583587291922,580.174940961932,754.4235901932161,565.5038012844938,802.6047173850852,761.958251105935,619.3730434470376,584.1572513222943,581.266820419026,607.9829746955041,542.3924316517172,437.0521469894898,737.358027016581,682.0025939648806,454.71266216968195
30.5,595.7722426167364,657.1904065461416,812.7821279622437,591.4270610395885,565.645407289435,704.1411346654922,613.7869231467756,384.0514097595533,578.01833684356,831.9238675184138,633.9642163651283,780.7508275580798,862.6920045500284,738.69077236503,535.5328742936985,655.1445736097901,674.4783506203246,559.7115891417549,456.46182150416337,716.209544705284,746.4589366909565,467.8995255521298
31.0,606.385158629063,658.3506707229135,685.7981089252299,572.5100915179663,483.70583220313625,705.2956407341081,563.4404957032743,362.1676058717161,609.305069529401,763.3119380622146,717.0307513934081,787.9188232787122,835.6486582506201,694.004454672999,533.3515993603118,613.7126305191354,618.1489059933709,617.1696241025234,430.3685341435573,767.8382583513735,768.2561018636482,435.08959144545224
31.5,627.0038691846787,676.4439328225362,686.1205645431885,550.3032529154775,489.2322536939105,651.3443308581192,584.815398561908,366.74680290772153,543.3852303546134,708.802182843813,648.1523774054787,670.8052596004629,769.4896846173132,699.7428400386259,468.39005373242685,605.6183714182911,626.0275442091648,566.1063603884065,444.4938826948876,678.1961331759726,718.0198937503139,465.67911482219523
32.0,597.7403623210528,595.1054490453586,729.8814413970543,545.7202054991527,524.5660740781518,610.3891641173303,622.5928472530059,361.3378713354226,531.6910730846222,735.1668577066531,623.8580528975181,742.1574910566609,625.9889659152049,704.4527101406429,457.711516841953,566.6477931528085,556.6457302478491,487.6051491420388,458.3117049146065,714.929764764618,729.0159547684993,421.57470782895797
32.5,589.6330683887875,613.9018897526067,709.5650126296385,589.538276212768,521.8026882595668,610.0110276002214,587.2140962710507,360.61632711205107,606.0387611649023,650.7495719708728,626.7245144696833,669.9386290800569,743.1449952953986,677.6347098029497,489.28385464309355,623.2096208098246,664.8097831138313,537.1637308190358,471.17941480690916,654.8902034194203,722.9269036941033,459.5855020995287
33.0,611.3740672629269,646.2250721606352,685.9794729253617,517.2702063434363,439.8513722658027,619.2899593632025,661.5425929398407,394.71992769875465,592.0789875633785,725.9640703854172,525.1074607680124,768.3032931353623,737.1461945273858,720.7025306050708,513.5971611511573,590.4026223350805,651.7748888460994,587.6550902958458,409.8329897912639,809.2531572906283,742.330506979727,546.3092835210673
33.5,652.6780096994281,668.4520756605392,689.7607911920509,525.5479802288899,464.5009450957738,650.1930387722463,593.2124768230525,368.2729151339205,587.0337385337791,758.5441768938115,619.4452058752273,754.8501267888258,715.6094760983187,592.3714321223962,487.3481362057495,556.7198243576654,565.2073164722303,586.7856764626843,504.09243935720735,856.9322798534961,745.5648997699259,520.5273472679983
34.0,514.5520659831499,586.2008154109096,690.5015631812826,587.2994516697893,485.580405791984,673.4873306187809,631.4127929598815,348.4023028532822,581.6786897126157,731.1539446895575,687.6377224316416,599.7934184122657,762.2304738685266,725.0520473190498,427.47463863584056,658.3321819969123,667.9956167926777,559.8063364883582,425.86036778456065,665.5491556341277,661.6063928950202,484.89186177734115
34.5,543.0159008210633,621.269261610097,672.5205681735524,550.6913613208773,463.61112304155114,679.8930179446361,648.4180069515854,401.7215234465769,675.0402519861906,743.9514614166285,534.8538669962257,717.5334539907132,757.13186845039,670.7759516111025,429.92452168550085,539.0318059816732,583.9790702045138,624.2876748900151,466.5145375141551,673.5576871373402,648.1515394058732,459.32113498631753
35.0,609.081115671918,617.049485277023,635.4149210314581,497.01835199521446,416.47657945813916,676.3266598414327,601.9971969430675,374.7248852489907,589.1121332623601,733.3405085476497,660.9825687595445,663.6287772225241,786.0942141347631,729.7519815583623,494.12130594133333,474.47858097676715,520.4028470985556,510.0724152207862,427.40419730893217,661.1093605264282,690.9375737645636,507.0447813201156
35.5,607.4692471211791,628.4119100915638,668.4139031377981,548.6862786545549,451.9140998945718,581.6490453942339,543.376160268906,353.3210368925644,562.9648626897808,732.5216602480646,658.3530799385998,759.6165872674076,695.4470573677813,638.1688097363646,517.3628989634423,567.0277397212183,576.4599671126939,535.423295169568,431.0940393681118,649.0471552903846,737.0618317094908,402.7976964025156
36.0,570.0427057401674,712.7851436761133,767.6668660008227,548.335555487951,468.1436563089646,632.9387213875082,628.2164465476166,359.2942947589915,639.6984662355048,735.0298024016787,628.663654453169,775.5974434583916,723.8009076384993,630.9129685299312,460.1759995217064,578.8316764604729,622.1379880249042,618.3954604235599,452.2385678833651,667.9004912064952,719.091324469506,470.1088894956713
36.5,608.2891014799901,644.3829927587924,712.2317521328271,558.1072989435056,431.52463311822606,625.4282543049638,594.3065368267003,348.98568557264537,564.0569223196621,776.6612443969101,633.8183057288705,715.2543044165839,656.6205776827666,622.2235778502801,512.3436274489699,598.1677007911173,593.8739830237215,527.0915744524747,375.8591941658439,688.5789264128374,629.8635938778222,390.0247147929664
37.0,622.0120554244688,678.6624736140355,737.6072830873809,520.4598197778572,494.24277592967275,647.757900982866,593.2008003613668,318.7609407404383,628.4402716194568,769.3198200262146,541.6972465246283,787.9889207590135,673.613005269873,610.3222613069613,501.4159621253869,607.2047046130272,636.5037542504662,564.2576971397963,400.52485157363293,618.0009184108874,685.2335500546905,471.74620583032714
37.5,565.2840044855823,648.2995745584478,584.0793971778818,507.7203466964034,498.61720318255175,660.060180253366,650.5242221292758,360.83627014600836,551.9003563007046,721.8143075594503,627.0159706061344,767.5631501672906,723.7498825640813,690.4733340558765,459.8494700324971,498.4099719082185,553.2200363911664,542.7476830383403,391.06643166963795,726.0747121126905,725.7745637149866,525.4711942973562
38.0,570.1890908879934,567.205866004013,611.914737016305,526.7375972373189,432.1112513379444,573.7062668277151,585.3677511120272,374.90586707823894,537.9205373700707,667.5745692603358,646.076681625841,652.1627344938405,658.1849866031539,652.9424286870418,469.28761408363687,528.6137959419599,597.2871954236474,520.1865328324421,394.97902882734405,621.8307368816921,701.9589858770466,416.5517694719047
38.5,575.072442659837,609.4701653582156,602.2188837819186,510.5495835535676,446.50294237310555,633.5086956406152,641.0574562426146,361.49693147903207,609.0516894118259,712.3658857107933,602.6178646673085,756.0377281055826,687.9900049218818,564.2308512259257,463.7787947456013,484.5711126621872,484.2424349468556,577.5963500911101,399.7727970024024,609.8241036741987,679.0299896050208,429.4804898762103
39.0,577.4322567310459,686.7844101835024,658.8536941897806,524.9715339371613,466.2863274424553,590.7131742921628,553.9129443587651,351.81120773363403,619.0536432426082,815.0398252040704,573.6581253839613,634.1926728960631,670.4611384689242,610.7534202017445,434.7712848560167,461.4700894220151,525.4307943212601,530.1740280984769,415.4972455510607,611.5304602303039,632.0354383601288,421.6202579896898
39.5,554.8403677198693,654.4633230961791,699.6523460929618,502.5411147881889,446.5732690693508,647.9266990478343,574.871571380438,364.4411348623316,615.8384882392241,803.3273284746103,569.0433254650976,709.4140963595307,674.7913440105431,558.8503172226133,438.2810589401115,477.59317508645654,460.03682624937557,525.932243214826,355.2008137066706,727.6005588473685,619.0911521765992,389.39455321148495
40.0,578.7259698938578,603.5055031680586,674.9331906643092,498.17673595591515,399.51765943885937,558.8745232143051,583.2373593572527,322.00652784867486,568.1727639056787,760.5170769677267,579.5323805721682,765.2740719103829,670.1909086585853,593.4644840391691,421.58794806984105,490.9137947470636,565.6281306311365,565.0704149118145,384.5776300226758,612.7303356803069,677.6987630698708,393.6121204441905
40.5,522.7554114844328,656.1427919697636,674.6011126412745,452.4688669198941,422.5751492574913,607.5480633899394,539.7595356861092,362.4542808798998,559.0018217801512,766.6370909577249,614.4157722958734,688.2611606838099,685.2733713646337,579.6396692168522,405.84242199555746,489.1372493810424,556.3583639670949,479.4731306717842,364.9971529296413,610.9418345950197,681.3821959777754,416.87249705460636
41.0,496.6922139933461,588.1971151604213,639.7141904550859,493.2833292710613,436.024123091567,576.7570684943385,529.1103012426934,323.6466644675062,565.6100971994472,808.5476457608718,563.3193065856337,618.906948753327,638.3675924247447,636.2360929374848,427.76161197266697,522.088790268834,538.4956906895653,482.98921786238134,383.0719364044933,585.465624355095,655.5146914612524,431.12157120483823
41.5,615.8587116170929,610.8441426379013,655.6027436998224,531.6749788016649,380.5971439205428,574.2804322964122,524.7676140394304,331.85185878489705,527.0969635615367,701.64872767078,575.8006173339153,587.2386770960826,609.1881666641042,564.4852875864226,434.11335721838714,561.1396402307041,479.35957077675414,455.7540152217078,399.06782266648463,625.3772248013348,557.8920131514433,388.98262603559317
42.0,539.8871026457,639.7816149250199,635.9915462306865,630.2477006049137,400.0739099334435,558.45170560144,460.4749908416684,328.79077006013534,555.5765755838744,767.9215211559147,598.4907935921767,623.6414641483229,650.4467975795242,583.4124786337,461.16713934548955,494.199974802317,564.571515266837,493.98488392028395,358.14389414870004,586.0906547809378,652.502707190522,436.1808197331385
42.5,529.6272321579169,628.5416284785499,640.6568327010297,490.31821336596505,488.5294308865972,649.5117740967427,490.20884660786015,305.1477087112748,566.6953700228069,715.968757639649,494.23215584008614,679.0893235050274,620.3540146174589,536.0836144499757,412.3838386576027,560.7089815733019,574.6535960856954,544.5527718705674,402.0019109331125,580.5311833347747,654.298624456153,436.97690510298514
43.0,419.1853680720988,601.2674346533537,618.4845421436243,490.0283721547638,438.4306794966261,570.5002579233401,545.8617814277948,308.7161446106917,578.0991640735048,738.2070284888844,571.0083617763955,638.9278497231651,637.3635046642073,584.23915421038,380.9846376621302,518.9686523712235,488.45005616311244,493.079596813061,373.7463532082214,583.0279746778166,638.5989508060842,366.53888241217345
43.5,460.17443745298993,673.4319191436028,711.2907806834203,493.3692401882342,438.00525762781774,591.1475783022266,487.4768943390927,300.54424456531615,547.916276655484,768.7726333746795,591.448942172871,622.974613355929,623.5774553301986,592.0407478158972,408.3155590216039,480.49162072949525,495.5247588847945,486.14719874867865,394.4489474482912,571.9531002735358,606.3540448661547,394.3756631496404
44.0,491.72241105311264,693.7785904312356,676.341782707987,523.6258136208222,397.28476323837884,598.9156804484109,531.5579232610276,307.1220748486278,483.4431955916248,730.7727237516293,557.9619355655993,646.1036761762613,601.461251785196,576.8801476206875,385.36496622940183,526.5699170826389,580.1517198321484,499.98073307150815,332.8790123665722,567.026322190241,604.5545492862132,349.5091613784213
44.5,509.06592330232405,669.1685273270309,611.9583743343014,439.5159247290204,430.35718323419155,572.5237416533121,612.6344392197971,311.5897866942512,540.7928253704263,716.299887409586,546.4831471890006,589.5937971321534,630.1122573462246,549.6473089588668,445.5218093692789,514.2574429358333,515.7814957811363,424.5706194999812,383.21092172488136,609.9464423341242,649.3963574439321,370.5857010026421
45.0,477.0768367566209,665.2844691974383,693.406817187365,437.85576232104614,454.7761862320542,611.7816613011425,561.9126826796534,339.8254817215093,568.8126858065084,789.4819907313895,558.2186831216696,582.9177286821227,656.295324027572,632.1392836906199,368.9309099802753,558.9662476426677,486.4257746403638,450.37963909519465,381.77703845749795,564.3241326547042,532.2227901209682,334.2510760864306
45.5,503.8298150166062,700.3114154518075,602.8188926866483,477.88426031407437,358.37709896558187,561.1624067663505,565.4084775316353,325.2125140505502,612.5635514324721,724.2465440086194,580.7376804044638,570.3093168218903,605.4210175093222,564.7659283197655,375.4338551700763,613.3349566719339,504.3325352390761,483.1751801305106,349.0305619467211,570.169950423583,624.4547338492279,343.3270054934533
46.0,531.3635594662383,639.6002847517973,571.8214925979116,462.8875614320539,379.2047707055639,609.2967859748854,586.7423457880108,332.87376604548336,556.0034718978694,782.3200255843158,647.5592183249904,637.7474330923325,720.5204303412245,570.398802336337,451.8887053746852,544.9794646806758,589.2402590073486,471.4466434005594,323.01468900982843,609.2093453325684,620.9345005054388,452.62765141027535
46.5,453.56480611814095,653.3240737984999,607.0202158973706,447.4619424509001,443.7054869811531,572.7636261410283,565.0467954222408,306.24283954575844,567.1213035311503,773.4376152102495,571.3185886103604,559.2303134989829,655.8859823271601,585.9923735586258,331.056778570554,541.5327174777854,494.4672636601429,455.4757679546933,345.2582101588578,495.6890823434735,595.7437972862973,439.7583109275962
47.0,504.0997976114872,606.6166638281579,580.9838017872328,485.10295641776037,376.80263153389495,612.4936455050787,536.6899529601554,277.64781205112587,557.7109346209882,712.7617958726731,519.5543649693623,551.8511858660016,590.1445566388448,621.3744168997584,396.40471179163404,537.17158012108,519.5080165771539,452.367822715458,302.54110791378275,536.6028392844454,566.0223678978907,358.5337364591793
47.5,485.81366832458747,580.5419439697199,605.9385875315302,491.26878015908295,388.23024361970437,572.1341000366169,545.2584494218405,294.28915711064633,550.4048181823275,767.8873581553655,592.4205044992497,584.9349018305628,629.9749045429462,556.9688109651194,418.0458321667367,544.1185325484527,514.7210544971076,446.4930919400656,329.137566466934,595.9820333590887,557.1507291587837,364.5966483167601
48.0,499.61727946980096,660.308053439936,586.6319925694816,438.5624357706463,344.0952678262571,590.7963587956397,561.7236168490656,310.8415239234135,517.2417046525767,598.4350255754426,549.1432241870822,597.2715558762685,696.0162475952592,525.5491611300462,398.7780298228904,517.8792064581688,538.3988461469762,511.29652930752815,318.0457578541642,644.9359142785569,587.7413022601767,388.76436143808036
48.5,502.054930069426,679.6101047246381,584.8928102599712,503.39784257661523,372.70776775671436,515.8837049653387,506.4472435741351,286.5169898669847,559.790985900586,736.3161678144835,515.4022537152163,585.9791973537344,659.1799695857818,531.067575490981,368.24270426848835,429.36763249204165,481.8519825749954,503.5547391083865,333.01950029703363,533.0907566858165,564.4444253004144,375.0062919343043
49.0,550.034949359373,647.7295318911484,573.0958082486947,466.6812273893204,418.0834391391849,556.4575373999994,545.0787510966105,323.51054313741486,571.7160948100121,723.3652777612576,542.8785663320959,622.2790648101603,701.5254855220692,619.9242310460822,421.84215957832066,506.71277800889385,562.6187784080145,466.40356918466347,391.756282435358,542.2094462115665,603.1731737938137,364.9986333114153
49.5,555.4101013163452,587.0394510802486,589.4392864184803,497.5872974221402,413.84001353303756,598.7782985099533,521.2070947713506,323.45282609423555,527.5896481277564,796.229589484588,565.2125155540778,595.1191462643787,609.5399466678406,593.2266686806249,403.6855931268845,544.8128303162517,530.9530481034612,474.122266727265,355.366165165982,552.1075684638822,609.4341491366808,351.09525539254184
50.0,479.4519683453326,565.8534804859227,549.1346567250529,471.634814243485,335.71166743980825,570.9176794922391,521.5212345648526,315.45792323051506,536.6311550539942,716.0552025551018,591.5095244602954,637.3020004760468,604.2809408649412,577.9366745274344,425.0996119305794,549.5717664377196,490.78846912468646,396.35185794635976,314.10676868756167,482.674361755062,538.5077871989042,337.411684283956
50.5,553.2206617958558,629.3784286240166,591.0367542547164,449.40530888894546,382.45720893780657,524.4931788531072,443.1749770485192,291.5083948160376,577.2973817592739,735.7016001192558,488.9391719012214,576.593474021535,617.7008607869362,574.6049189750578,408.78372813028085,546.0749723193654,490.76224481648575,471.3432810420538,341.5793848026057,606.9750168037607,580.2420205560936,371.8359842717334
51.0,510.26252317386513,612.2341175409285,630.7465364598564,511.1881975109907,331.0686793783875,504.8474611634639,504.6456739899188,304.49536035695195,542.3723542320106,708.1323441469998,539.3703854535264,572.1489221486506,601.2335513718457,544.9116936568579,437.8269403594208,522.7527176627266,520.6163936664647,449.90906912182436,324.89630481919914,591.6892763888546,560.2521724990108,319.37391702378346
51.5,453.09088725600117,578.4762843043549,604.8846099276165,424.55387416441977,360.76704157954896,471.1389454750928,482.5812709517521,301.87189872758034,485.3018376540176,712.6702407996377,532.5486981417782,546.3252560381434,503.26215504631676,548.9382643378242,393.87410958222347,529.448688045521,556.7811048707197,444.13530463099517,331.73295477798536,621.358792457998,577.9161755262642,379.02212238837075
52.0,484.3369072479687,586.1419830788819,552.6294646846849,415.0495868557164,331.34810390773856,507.16201273019647,501.94532577201187,293.70053405599964,541.8188169771631,649.2924668565023,459.79603345566017,603.6707536187167,583.3006451436269,552.2894583357626,384.4642521241034,480.48335297012073,404.5124343894048,403.8777412004009,351.8987064515901,541.8270051808098,558.1927681199676,336.6691148227937
52.5,561.028971513233,587.8533715957798,534.1177119719905,467.9715680979089,432.5963831374137,518.969115135958,533.2499800778554,308.2089981393988,485.1867839501474,720.8933126524855,515.5233674231307,551.901420207763,618.8274726571341,548.9119456127621,449.0691071320054,539.109965283996,482.0141930244548,462.8811011465912,347.95220865304793,593.8735886700698,561.2370677337788,379.55939076744545
53.0,539.0561319450812,561.8413384926255,536.3802276152637,409.0317136561258,406.4946140204887,590.0795649460094,544.1302748374059,346.886273978174,512.6677133777539,680.4153073701501,537.7394425754467,642.3283834009903,710.4654053436699,602.419723351464,418.1131664971218,556.458098937318,523.467536866689,437.9479272276451,369.45335308521607,628.9812240436182,628.1538530512661,368.3869883258385
53.5,498.19745126764633,636.0489646080028,566.0117730793285,458.3455432906726,373.9486362956575,588.4580865248012,485.704513007318,287.0532479633518,458.331781425007,723.6358802269239,564.9288523598385,546.837638272068,628.5973464310607,474.09955079627525,404.5743991741776,507.133612389874,506.9172703293946,441.2015953957082,346.0598651897231,548.8136191466812,523.6799428432602,370.49985949343085
54.0,531.3012927560708,653.8040192273818,568.4205937259464,443.7346202156968,396.8321424742974,565.363687322464,525.5202790411147,322.28723500624403,466.36060906953804,664.9359629099786,530.5439655089143,563.3523859277433,627.9592767686322,462.41146872011376,421.98126790777815,609.3276396128459,477.872412290457,423.58365982607,344.3717572025328,551.7869663425581,584.0715324999925,361.9923561293561
54.5,501.3397153911252,590.3072657919738,608.5346830735391,490.45499630151687,409.9201909727396,537.7641201612347,492.877412100406,289.4834610055842,479.28872347983116,623.2886415076391,552.7720646172378,564.3873871067627,620.4192609782752,474.6126284394668,375.113492022782,573.3877434776396,474.5466478109426,486.6890356218836,328.8798757511381,520.2355593334827,591.7421452996305,413.5573447031936
55.0,444.39722510808286,635.9796583313574,565.1506137800126,441.8084530138779,449.53750306036545,585.0948154725713,570.1674723740877,281.34246584518235,455.90071722950427,714.7589519085107,532.6460834077727,555.8282103012067,591.0270967670322,491.64218504857524,376.71521337263823,511.67617087936156,485.01957017289453,453.16715199744846,324.27871582674624,567.4244169756033,583.2311285970146,355.7840970187054
55.5,490.89707754723986,594.6345072806615,514.0557444326563,446.5205523987721,433.63126501222547,570.6903446018449,567.2249150043925,287.5720137180817,488.71512825947894,620.242763691682,571.0168752442789,599.2530819851034,587.2276217995502,458.3170570737977,360.6698115012813,588.9050290109254,602.8720478952789,484.02851916745044,332.8600511864895,592.2736741127218,579.3306960796759,380.17840206406146
56.0,522.5830741767356,617.3871211399872,539.2055746031319,509.91576039943425,421.23427936140865,648.3333954572183,550.3068260283112,286.1549818778998,561.3008860099643,625.7490951599553,555.835138778567,567.0028129313334,691.2870121627875,593.2240596706837,418.2980236238204,517.4307539761422,473.21306282770655,494.2487326247531,361.74043129738635,590.5959642576719,522.5947260289462,348.8829062921065
56.5,530.8223346959857,697.409985073666,637.5250796471784,519.284044104768,404.88861481407713,637.405784737081,565.3469889402062,341.4630603332003,529.086930537586,722.4371425355068,530.1307000328048,596.6968449919195,646.9461146410071,566.9104184396783,397.2893963478444,566.6349554838511,493.9478990633673,497.4441262088004,351.54362665238995,598.8039515729149,558.2882096369767,340.42149167589247
57.0,500.9586324872702,603.7498284836471,535.2822841918895,430.9963941465653,376.3986061442494,577.9465376299942,487.88183938611616,298.7074404402063,478.45454305654977,635.0682404409888,518.6728738639874,550.0315619296791,594.3616500978173,548.9845161647507,385.8598766390785,515.4063047627781,488.92433668897297,445.81678465896675,317.85363041976785,483.0760190454344,568.6989992423437,363.30490260110327
57.5,421.50651950549303,499.48896983558114,468.6329743750286,454.5435989527176,410.28017126466983,509.189543229256,524.9553157499091,272.51889444660753,460.9378186716738,590.687527254364,515.0296697468301,536.8304192114276,554.6454163462573,577.7517812986835,356.0207391952635,477.09390766640445,451.8560846400919,462.3693121345098,310.46803090717543,502.2647187649403,505.55766946048755,323.8877667322795
58.0,438.73264810941936,578.8055004478807,554.5744101887527,414.16496489425094,453.3252203725695,634.0442199783602,520.5590518888567,252.84799532113365,463.3783833123552,632.7664587780168,485.2837673962936,594.3589027621932,653.7392263188765,503.88529443114504,369.6849994722329,582.36122319163,446.0702669778991,457.15464134637875,357.1798127171233,575.9891974541475,603.6172405572466,328.8029440446161
58.5,497.7216613235176,579.798297742002,551.9502688502907,412.9549268856536,345.9040874618812,583.5795840704096,514.907059458768,278.27941154623903,472.7323199289393,740.0951407701402,546.502722486113,606.7250717068191,655.5367875978868,503.2424877965005,336.81995247412783,590.7839406975037,507.10846723606386,433.25606705193377,313.0968642695671,623.1165164231505,602.2686418320146,330.97969965066346
59.0,417.6839348076335,504.5455128186986,578.3956641710871,428.7375677768929,359.99731072445957,506.90903177868785,528.4700659374703,280.468969751864,464.750183975086,661.3152336984426,546.1056144044258,601.0156728920763,614.6622232455655,488.5572394713939,321.9673354037613,514.8168828749582,459.24019654740954,436.2914728139513,292.60434412028366,537.2821212165903,575.7991990336145,333.4401400498929
59.5,441.892570759423,588.489528101127,614.1460488862851,422.29460934914783,426.60541065341994,501.5888223448453,600.5351162688926,308.6857974663634,464.4821144465989,687.6337583771129,489.93565650789617,607.6181658826946,590.7800344586518,564.5592367879896,309.3886524124312,487.110392171227,489.3352128802142,392.77904204466716,321.97554805371925,496.1672846434553,521.7417837984818,364.5465226032322
60.0,448.89483330394995,587.8302907861442,571.9982668997893,419.50899057782647,407.6444019779064,598.314532791513,491.88582067373176,307.70107137566697,485.43241378357646,696.6803785290695,541.3443571144775,628.5430553750514,583.7104100095535,559.078491988822,343.4074266811777,443.23636706107686,435.57622343387663,433.75829991007475,314.6441155989849,595.4852645582328,497.0756757522684,343.22137277213267
60.5,495.2896073729088,582.5591715151542,526.0635486436021,448.7313835488099,393.21515457281714,551.6130482972654,558.71343549139,288.81005551989654,467.40072725274814,613.3301676048718,539.6834783089029,645.0528861663987,621.3569403711832,501.19236108463195,343.2551383677343,491.9571224109457,446.27866306632444,458.6748613086018,355.2875275940656,585.7799882018716,513.9475448499321,350.8793106714813
61.0,461.3473567323331,682.9880375685551,617.1094240835131,485.3050951951159,435.5075349612552,568.7288846461578,591.9978630502342,316.22305619071807,514.572471376319,766.2972046192748,550.6005963563783,592.1739487807514,628.1508272900413,526.929763995431,322.2283279263729,607.4911129690315,482.48599417775506,467.3192685566579,364.34792841825976,556.4494744458096,569.4213270099045,349.2278315474005
61.5,555.1099824153011,607.6541248903303,599.7598100241069,454.6924509450093,430.3482074529935,529.4520123553194,430.9966731082094,278.55384991899655,539.9251741511426,670.2841028204722,578.5621113445485,597.8048763423451,653.9250773991124,501.86394649554904,396.9854689144452,635.8643411870586,484.0728973592066,478.037807631979,363.2088445739262,571.4871778954268,530.1811026402145,326.774972189319
62.0,524.2694550258253,621.2455383389998,603.7873331693976,499.68629246641467,426.816534161198,504.85814379973783,539.6435571964707,310.250238355964,509.80883941774795,749.84492933325,577.6546531113752,602.8932297347618,598.5452129373871,539.4707670044975,367.182636280214,605.9929353696757,507.88467912061685,482.58010461217657,347.0645339414743,532.4234708446596,541.7554871227479,374.99298016017093
62.5,452.6488404180215,658.8696379498703,617.392848977361,395.86677098511007,413.6010088143134,531.420016395493,571.8385254124616,276.07419578158607,459.92231957603553,651.314484934178,514.9840796126269,550.3028579092697,608.1628614325687,563.8588638102145,368.7377461823908,548.5824879562836,467.60813179384576,459.7837772146477,291.91269603268563,535.7656019153875,525.3276039949715,252.22736845521484
63.0,446.63220348219926,610.7778308214718,553.5474994603006,426.8018623531962,425.49808965648987,602.7322821006325,601.8361087989921,298.1882662765856,426.64026841129527,640.8041198158139,544.038854045084,504.5650087816381,632.9488177835834,578.7598725515825,327.6232617769584,512.0768012437783,481.7747134822549,433.6580902277671,326.7207471485495,612.5220938277033,543.460270580845,308.2732139991766
63.5,409.1086937547862,606.5608211448723,511.64209236729573,454.96284100238984,451.29771893243054,573.2504110931616,560.2402942556085,286.7797748757401,396.02360045854226,656.8294268637975,520.46371743129,584.6387020637728,593.9916314734706,532.1776284628637,307.30934623944,566.0098025431743,426.9739980992675,394.6525635819325,344.796688303436,524.284795843849,481.7229619595523,367.8319239625285
64.0,472.0800357392735,579.2315155148864,539.1104333728737,384.3431677153228,434.41408672955396,600.9608077715314,540.5726942756213,277.64045732555695,448.3810154376965,637.1165792947493,482.0858364159034,629.3281089564774,633.5052892457213,549.8664366568756,385.88123713417014,450.73263329508734,456.1528154165547,367.8103988501332,342.9616923721085,560.8181369265453,584.2120324710967,309.19093255639046
64.5,503.2198220961918,523.4065818343167,557.0052170444508,468.70068703708307,427.49610724802676,560.2029883645631,511.18496627956154,243.1047525821863,532.6644529920814,669.0187969446388,514.7180595436454,633.0164751020603,599.9595522105807,467.83202553143616,393.6444747798133,523.1527729870751,528.6812211397406,486.79970170604486,306.06760125426035,565.4996818776128,583.8292240281106,336.4452179430251
65.0,444.9101867025475,587.3419678682703,522.7418226147367,421.7445851485644,418.2980174130334,541.0418462744348,519.7214823500199,267.4815454797977,455.07712886448724,684.6368419028269,590.8854030285177,639.5428233334696,634.3130324629257,516.9413434868826,306.4753125480732,485.3852287336105,468.23232817196083,437.5419276323798,335.99002990241496,607.8770455251264,623.8024750586281,351.15916083879614
65.5,410.59296155211865,614.6350132213853,574.0173096051986,484.59066031355684,392.79623219950093,595.8762100299399,559.7592230272985,292.1290511496882,469.5541552849177,776.463472737838,587.4246078745164,610.2666242421246,654.2404845296212,471.91920825295074,357.6189888171585,556.9177278089043,508.4611091006584,409.8491562478408,291.9340511890554,526.5740416593138,627.680193703402,320.1653044294372
66.0,403.3105770736546,633.0913618794073,596.1189788596602,480.94578760683925,351.16850685493193,609.0286766682588,552.5904724296795,289.23421766332456,480.53529180236325,648.7166586640552,547.1319605737389,622.1433624829708,697.2747159852776,543.6782022403709,349.6961708808105,572.2932869695845,482.0751466652814,457.6814109350497,306.51213554972315,495.6952070680808,568.5952847078208,310.0309945688872
66.5,415.1730688439738,667.9802809861899,596.9493924804318,447.8637446616206,410.0653033131059,558.6238866306663,579.7604929811289,254.53655997361585,465.04526836411196,658.3097901109105,499.97127733534245,602.4888609922139,608.3843235031582,495.62431090246656,340.28067981770926,513.9236899202641,538.2172814779085,410.01723192625553,277.4377695799199,518.1953701325787,528.2209150775973,341.97160943680956
67.0,443.3364395337023,558.8792947495261,526.5279548541155,530.39322124077,453.10450100783004,645.0239668198006,553.8514535671466,262.3863231217757,453.44922192513593,651.9963437684215,523.3985020024999,610.641278723666,683.3395983766558,480.67767982807084,375.4062840105124,544.7418121988767,447.44171057586266,444.9969649816472,290.004090115982,553.212187403226,563.8003930614447,280.85820679751936
67.5,519.3414504443291,551.1316142527962,608.4895773062951,551.4514575229582,418.5747974644184,638.286195858596,558.4337824542147,288.0874581866917,521.0035692404335,730.9114358598893,527.5877193939692,568.3155062469984,643.885682000444,563.5141246090412,400.6478724246247,465.6316440300677,543.6867477628077,490.5335265790982,290.99055072351604,526.9600305848493,532.3349148687652,316.3034072296076
68.0,458.39585627439413,629.9305236073143,572.8014034319124,506.8904064175589,378.306338358386,553.0165842791396,514.5098644529958,276.744534272819,475.2760418948202,750.1810871570094,571.157738643668,669.3546917621964,663.7425087576077,478.50736800217277,345.8057193103977,592.882219755599,474.3021079522665,505.97937081276035,309.4072823951675,615.9422894937911,572.2177792372337,335.8770774848833
68.5,497.7926802711812,548.9398098724168,479.6847525411991,466.3539346609668,391.29235445671964,617.8765860861175,582.2680761481544,282.35893999802414,464.45614549529,596.0446151599991,527.0359800908626,527.4064259165492,618.4183889371764,539.2808190686175,367.018005051051,571.3135444952829,447.9075575941321,464.84811093158436,338.0955634380594,539.8487207672977,493.1868570716582,283.67637827216083
69.0,485.6005060702374,613.104521443942,580.0539279856641,423.27641455606187,385.3922150243281,598.7128853027951,502.3390024585157,267.19054641144436,486.1628522801951,646.7143890733638,569.7069281454997,537.3484872696112,657.1365567012793,559.5859072056307,371.82012819063164,544.5206417438666,619.0930365373282,448.3720293006626,302.6715379269064,534.0290582455549,585.6270229708691,311.1171093546395
69.5,432.2711887549953,580.7034225948158,575.3627147883433,430.32292961683044,399.4587646939649,559.440727264911,559.4409267725671,266.6020460710966,510.1560786079179,631.7571895881202,464.54350179676436,597.1765657702975,599.7569490210341,528.1839599032106,330.43967168610936,519.3760300106019,418.789003441738,418.0093992300142,287.9671038777623,664.735680445155,570.2929621872881,322.15123083684153
70.0,467.07198287007384,572.223684998667,521.5565702903655,465.48175133906614,361.27430829871827,521.8336771934673,558.7274900197821,269.0405567183781,513.8604188912816,635.8425999460145,534.874306340077,568.4582630846553,561.010942410314,482.8198397951832,399.3334682697783,463.0615157082852,444.4145274044812,480.62459619556233,301.67444294724703,504.7074689500657,526.8753157920712,347.78518480022973
